country,focal_days,focal_peak,still_charting,ones_days
ae,867,1,True,256 867 776 2496 1158 368 1533 902 1554 1814 1134 713 734 874 933 853 1185 563 913 766 1148 522 450 363 617 342 1463 1418 447 510 1136 931 551 351 821 587 548 913 583 668 706 433 365 535 389 683 656 677 376 538 402 762 318 339 301 317 577 293 294 380 394 290 666 610 462 211 354 195 710 168 428 223 100 139 179 124 131 326 261 347 246 495 250 154 330 91 364 368 168 247 233 112 315 122 199 141 189 32 62 68 117 92 38 109 93 15 18 31 49 28 12 19 25 8 8 7 2 4 1 6 1 2 1 1 2 1 1 1 1 1 1
ar,446,51,False,1216 1209 911 1023 1341 642 753 824 758 3980 750 610 830 1632 1172 669 572 553 634 551 473 607 623 649 699 335 579 583 488 787 431 589 666 585 658 735 633 508 565 725 556 794 384 1420 561 507 947 674 338 693 543 334 583 546 639 419 423 414 508 464 266 522 607 570 562 384 429 599 401 304 327 456 364 654 290 451 430 507 409 389 644 514 466 337 332 334 385 534 238 300 326 517 314 292 647 292 420 210 297 274 367 264 322 215 470 254 355 288 285 455 519 334 285 233 147 551 230 407 395 382 250 395 407 191 195 249 152 195 314 350 195 195 326 452 638 194 170 546 606 166 182 769 122 238 667 297 451 257 550 777 641 572 153 543 96 422 338 557 90 687 511 86 28 606 752 147 624 44 89 490 71 505 82 412 292 370 21 53 45 2
at,806,4,False,623 593 2155 1589 957 1269 1405 1739 994 754 1090 600 862 887 809 873 721 600 510 1151 435 762 366 650 796 690 613 533 515 622 576 817 727 363 710 569 551 779 719 526 1069 655 465 484 856 531 575 527 467 768 392 457 935 509 747 921 526 557 453 442 339 792 653 435 594 491 384 388 520 385 502 421 386 396 374 279 701 256 344 281 560 898 388 380 444 636 370 254 524 758 364 173 395 250 496 462 914 366 218 685 255 297 325 317 344 392 555 473 605 139 442 373 407 341 502 251 208 307 302 249 334 319 305 348 367 394 358 272 548 184 508 496 253 231 224 235 408 259 242 249 258 132 176 181 278 210 346 281 229 179 233 136 154 194 322 220 191 311 204 244 333 291 260 237 175 173 184 205 325 96 154 182 579 209 189 149 111 175 201 210 218 371 283 162 110 159 160 218 290 178 130 178 176 164 237 188 162 142 155 172 155 189 80 177 162 140 161 30 146 149 255 383 113 114 281 105 102 102 96 116 163 103 141 410 99 173 115 98 63 94 192 128 105 104 126 174 94 100 96 80 81 80 97 63 324 67 131 105 88 307 60 277 95 221 42 57 216 106 280 47 41 24 78 57 50 44 63 53 62 17 152 63 46 192 55 207 39 52 44 6 46 154 49 26 33 31 12 15 30 63 7 32 8 6 15 20 7 4 2 3 1
au,868,1,True,1813 2298 1996 986 1348 868 902 1277 2308 2479 1268 1089 1071 1235 1876 802 875 1750 412 1203 1501 601 1097 2135 922 917 833 696 1693 1424 1555 1163 883 823 692 928 466 2554 590 638 739 1237 764 696 560 485 742 455 896 672 449 729 755 376 561 363 447 618 678 689 637 372 591 712 478 920 411 487 503 407 631 406 1022 308 472 482 484 460 846 771 550 512 633 372 488 302 336 372 453 952 418 464 406 448 916 521 236 544 740 493 311 402 243 347 879 482 496 392 627 1059 266 297 544 682 328 581 613 257 200 178 591 205 167 132 298 574 595 230 254 400 112 124 408 132 196 575 222 90 118 275 96 471 413 357 331 58 56 36 60 27 27 20 6 12
be,771,2,False,2134 2734 986 1187 1217 2278 601 2846 1302 1076 875 786 1436 914 733 683 802 627 559 711 699 709 634 953 1020 727 544 556 763 1458 1226 366 603 611 619 392 572 706 363 515 700 695 1366 694 426 377 307 342 1155 607 547 543 484 613 375 660 1177 936 414 372 539 966 542 588 404 753 725 410 932 476 494 473 425 980 765 438 606 685 317 244 453 319 134 214 494 267 303 297 158 296 731 431 499 295 273 173 406 317 764 192 146 201 279 232 583 589 843 567 275 310 325 184 205 508 424 517 285 267 305 305 386 326 127 121 288 269 130 251 524 168 712 296 249 621 212 258 378 254 377 160 111 154 183 140 187 98 80 149 152 92 120 183 268 111 84 66 13 25 94 17 6 11 3 5 1
bg,518,13,False,734 845 846 810 1790 441 785 476 1027 1687 735 548 444 749 363 786 1284 800 657 342 640 319 491 477 247 712 422 1127 283 406 478 359 712 588 769 593 499 750 205 582 686 444 444 519 407 297 841 755 463 124 518 176 516 961 637 357 572 499 325 339 462 750 171 805 523 566 555 666 484 136 526 633 583 859 602 607 115 556 590 496 290 609 78 181 154 163 615 492 350 302 408 179 583 419 245 277 76 317 552 195 67 422 406 396 46 344 119 85 623 244 447 66 399 154 375 74 177 159 357 144 234 347 224 91 220 336 281 319 210 308 251 290 254 182 243 205 76 99 251 203 192 210 177 170 177 206 62 174 140 209 190 167 117 136 163 136 172 122 101 123 110 131 101 97 123 68 99 88 90 57 69 71 50 57 74 81 57 48 82 45 49 43 63 63 42 39 38 34 7 6 14 23 26 44 27 3 36 4 3 29 16 23 28 16 15 27 10 17 22 4 2 2 10 12 2 16 8 12 10 6 1 3 4 4 3 2
bo,570,28,False,1581 3572 1035 1263 1167 986 935 1107 1973 1464 961 814 693 1416 1682 1289 832 2497 1958 768 634 1170 862 1370 636 1187 920 584 685 712 560 951 634 991 718 630 887 852 1435 657 495 1682 451 664 558 899 489 613 777 713 1858 332 354 1241 195 372 451 1155 717 485 479 450 661 504 457 946 412 713 567 637 627 736 494 762 471 555 396 586 631 476 802 410 413 227 313 520 298 545 650 158 189 446 415 177 341 395 440 436 691 591 545 474 660 77 50 355 28 645 61 160 276 278 460 114 570 327 371 105 194 221 36 439 296 66 20 284 340 15 11 234 46 9 162 205 21 204 170 205 7 9 7 3 68 28 11 26 13
br,558,17,False,760 518 757 594 589 377 557 688 376 479 553 768 476 1101 654 666 418 388 953 518 521 598 1434 366 554 551 324 374 539 358 375 1060 431 434 545 1163 533 1005 394 450 366 358 305 232 389 1164 405 286 278 288 421 453 554 311 261 250 603 311 422 714 535 266 630 683 403 238 360 407 276 331 352 311 194 458 315 412 346 235 193 211 261 269 945 500 247 433 343 318 174 433 277 286 306 281 341 192 435 189 406 452 226 304 214 122 293 376 182 274 407 317 308 291 195 210 327 194 249 359 494 201 523 278 374 176 145 319 296 370 356 181 204 154 423 193 284 128 222 239 159 258 305 564 101 144 331 316 433 175 160 363 389 117 252 189 338 141 665 119 292 586 429 414 455 256 189 244 146 122 193 237 306 284 119 507 244 235 219 312 123 71 72 427 715 436 292 485 430 55 125 558 197 262 65 156 137 537 61 739 209 67 837 503 282 181 313 46 66 144 665 386 24 638 145 411 629 416 81 585 32 489 149 275 55 149 90 30 7
ca,864,2,True,2327 1336 2072 901 985 1559 2349 1132 873 1275 1104 918 1483 951 775 1663 601 1155 617 1197 1649 832 904 1455 2068 826 623 516 833 856 1290 1290 684 1039 465 481 905 578 866 733 709 858 596 644 636 570 572 1128 1207 761 680 797 547 348 363 1032 438 490 554 407 489 649 641 466 502 544 535 446 422 500 541 745 691 526 543 589 606 548 685 529 339 320 426 530 532 524 355 427 421 391 478 447 545 405 538 428 364 423 337 655 295 406 478 460 418 323 498 250 271 283 363 139 302 547 272 448 373 501 476 452 176 246 305 557 401 397 265 569 209 324 458 287 193 240 333 375 719 180 478 213 234 221 405 278 215 283 289 209 515 208 239 216 167 214 237 525 228 203 370 167 547 244 272 158 201 243 164 163 414 186 111 139 178 141 94 197 190 143 288 236 121 144 166 170 161 168 650 170 165 98 118 128 112 100 110 127 76 103 123 87 441 86 100 92 130 87 99 90 70 88 71 81 246 50 81 47 64 53 60 106 150 71 47 45 83 393 42 49 28 18 376 419 24 40 35 31 492 45 34 31 35 6 36 286 162 17 5 275 287 12 7
ch,780,2,False,2134 986 1297 2363 2234 1497 1230 601 1131 893 874 556 555 841 755 936 632 1003 689 815 809 1468 1153 768 725 736 550 753 720 709 363 451 1236 464 627 800 894 543 792 921 393 1752 543 629 840 1195 784 780 786 448 515 524 460 788 569 342 456 376 522 457 424 458 460 519 747 605 599 344 391 513 485 377 636 638 453 139 802 313 284 406 536 243 371 398 471 391 364 386 259 474 390 378 474 376 722 298 271 335 194 512 173 382 292 586 272 287 268 294 300 519 271 515 187 353 249 467 266 204 216 127 224 253 256 196 214 177 669 262 302 144 164 218 716 556 196 185 282 190 209 189 230 152 346 143 165 152 164 142 162 173 190 203 127 136 160 469 166 182 156 176 192 161 133 122 118 150 152 118 139 166 413 170 160 125 133 104 149 118 126 429 114 140 93 103 124 99 112 113 101 121 78 94 162 63 84 110 91 93 96 92 68 112 281 95 79 124 82 81 78 103 71 78 83 92 119 63 79 61 77 44 84 80 77 64 67 56 50 56 34 59 50 61 73 62 47 54 91 56 49 56 52 70 44 57 43 49 55 64 30 26 20 35 42 46 26 45 30 14 30 43 24 26 18 24 32 28 9 48 25 29 21 27 25 4 15 18 23 10 11 16 6 14 2 7 2 1
cl,537,39,False,788 1377 2773 818 763 1046 837 740 763 615 1399 1286 774 918 1049 860 830 822 624 861 515 475 877 563 1214 726 636 634 427 654 639 643 1012 1359 700 318 557 631 923 420 390 455 532 631 1097 804 575 495 414 580 515 692 678 767 639 843 472 408 562 509 643 413 450 588 568 764 507 445 811 485 507 495 524 322 508 535 421 467 411 386 447 432 539 353 449 284 334 303 352 561 289 402 248 461 363 591 405 344 374 311 274 323 297 555 317 321 541 334 480 407 713 475 436 440 535 371 303 374 461 236 274 273 490 256 351 734 531 233 228 230 167 28 241 165 132 245 736 194 91 254 560 867 147 448 211 784 91 145 557 134 635 151 406 161 224 125 55 115 741 513 683 837 95 95 645 86 65 396 20 24
co,340,63,False,1035 588 1163 896 1218 3544 1093 897 661 832 1288 1329 745 793 776 897 855 697 1049 699 692 502 634 524 1898 634 705 648 1265 588 721 566 863 1273 951 401 668 367 2260 726 926 379 337 412 440 405 542 827 799 272 1504 733 1350 471 221 209 202 237 289 954 195 165 463 672 315 279 280 167 502 905 1216 833 718 502 491 164 420 760 1054 620 516 202 55 620 670 548 481 553 554 143 506 114 924 136 594 236 958 492 464 272 619 402 509 597 430 361 286 633 602 1598 192 358 832 137 125 87 126 1088 420 623 607 109 319 450 605 780 149 565 28 218 56 398 823 907 34 210 657 35 500 28 20 451 289 454 84 149 31 252 31 55 251 76
cr,570,23,False,3561 1583 1035 1604 1215 588 1065 1140 1935 1154 1252 832 1504 1469 882 953 634 634 1357 661 1809 1120 1538 803 776 883 695 634 1231 1720 1093 634 1037 689 603 749 741 1738 643 677 679 1060 1015 615 1303 853 1176 1308 1237 905 310 458 1163 842 1246 874 401 397 580 861 442 1139 829 589 884 419 377 223 485 671 565 590 586 558 627 636 633 317 1073 542 652 796 763 312 514 342 489 584 409 235 755 427 437 583 434 491 837 657 468 1083 743 556 476 294 238 938 624 317 268 418 163 379 1035 124 359 363 190 769 744 166 55 199 584 161 146 145 249 578 153 96 92 130 527 869 192 28 127 666 141 96 131 75 229 170 91 35 68 33 79 78 51 17 28 7 9 9 6 3
cz,727,5,False,1334 2688 1774 1609 1382 2150 1690 661 1198 852 3099 1138 977 1725 1305 683 790 833 909 754 520 1691 1431 532 576 523 709 1189 1238 529 508 775 603 668 483 363 859 519 1882 1446 511 749 1490 539 1402 323 982 652 504 488 376 664 578 429 356 645 725 482 374 700 525 514 650 233 370 736 1617 1154 633 724 977 143 243 940 218 163 263 340 1252 485 176 317 112 436 825 251 63 881 999 260 266 764 448 793 557 829 436 1000 431 523 768 710 431 196 28 473 311 420 225 747 468 584 185 237 972 616 331 602 223 638 667 385 513 314 112 205 1062 444 575 858 683 148 171 263 477 1205 98 381 427 682 104 562 275 381 91 105 784 259 577 163 542 198 382 91 273 105 638 420 549 206 346 333 59 526 150 159 163 419 371 320 389 239 182 527 242 49 357 124 102 84 173 368 165 93 30 48 69 308 249 194 102 208 17 227 290 61 61 114 34 26 38 100 145 173 19 119 208 29 56 15 64 12 67 5 10
de,737,5,False,1976 1397 902 579 564 1680 841 1012 1124 754 748 607 1111 951 935 1121 866 991 989 612 600 643 857 899 776 1061 789 790 646 600 649 551 473 760 780 612 912 753 426 550 572 490 524 490 624 939 557 643 448 465 506 686 403 624 363 313 760 837 517 584 593 550 568 433 473 402 396 526 388 446 536 320 582 443 353 402 493 403 321 434 405 758 551 447 390 399 459 386 387 446 550 339 338 347 329 524 307 298 421 523 262 247 397 357 361 504 328 309 363 267 376 406 349 584 290 353 316 284 343 388 395 272 371 349 339 475 215 218 401 238 242 343 451 173 298 449 315 332 289 336 283 319 254 226 256 241 469 238 648 385 159 207 234 207 328 187 243 190 135 240 241 236 264 191 441 197 437 236 177 252 214 175 200 364 404 132 227 186 268 257 235 226 209 197 250 347 204 217 160 144 192 251 204 262 276 208 195 288 133 132 181 206 162 174 467 467 255 159 189 205 176 149 122 156 188 220 162 151 174 171 176 150 132 140 196 130 125 64 121 395 128 203 120 134 156 162 119 233 142 137 143 150 360 136 149 126 128 155 127 128 382 352 98 104 141 139 276 126 250 85 171 84 97 271 125 104 95 146 269 136 98 98 111 107 117 129 109 83 110 88 279 80 103 102 104 75 97 71 75 87 98 65 87 75 83 77 77 94 96 73 69 48 76 75 98 51 67 63 68 79 83 59 78 54 41 71 64 57 68 57 62 59 68 57 47 47 58 56 52 45 46 49 44 47 40 51 26 46 27 43 24 35 33 30 32 43 32 31 28 21 22 21 6 18
dk,799,7,False,1735 1804 1979 699 1722 644 1190 1590 1206 1060 510 785 1223 512 1141 1068 876 600 996 989 1307 1198 510 837 887 784 793 821 761 896 882 782 1454 1468 511 691 574 766 613 850 1218 887 600 534 860 496 989 639 363 777 810 709 1052 842 593 555 618 912 724 730 412 434 411 520 668 557 581 599 756 627 755 648 643 585 643 734 579 556 596 636 612 713 391 237 512 492 434 545 500 559 455 702 422 713 521 484 456 488 501 513 424 509 476 424 488 441 374 459 435 305 514 446 551 412 195 429 146 497 409 468 301 358 394 376 318 416 429 216 359 477 459 297 287 349 400 305 257 494 329 125 284 390 458 448 532 365 372 388 400 268 216 202 104 265 368 249 296 174 438 265 303 232 228 311 337 240 321 314 153 206 214 241 279 207 295 261 97 326 244 247 210 234 209 158 300 235 226 284 173 233 247 169 196 175 209 265 226 223 318 170 199 208 246 55 197 220 164 122 222 163 176 162 178 166 211 112 131 168 159 175 54 115 194 177 140 178 120 180 141 120 147 169 123 109 154 63 76 178 90 106 69 59 88 27 55 86 59 67 73 64 66 14 17 13 13 26 6 1
do,561,33,False,2652 1031 1566 634 1045 1257 1687 634 634 1153 860 1599 858 847 556 587 1425 685 591 801 685 594 728 822 812 503 739 262 860 1200 776 720 1341 285 587 503 1322 575 501 424 539 433 396 401 311 730 256 386 1072 788 504 935 757 368 508 614 845 362 200 344 702 1049 698 923 295 382 223 230 749 195 454 744 236 512 1082 656 234 415 1056 293 385 529 646 563 563 588 347 146 407 824 454 757 270 413 702 324 325 152 403 685 219 704 159 502 195 686 470 467 406 645 227 147 439 475 522 124 407 307 409 351 426 96 500 264 298 255 473 404 654 422 510 609 590 107 127 474 104 28 194 438 25 253 218 659 358 349 297 40 256 417 267 107 606 281 1092 519 39 306 375 132 72 53 37 549 275 31 237 20 145 235 415 135 77 102 15 111 41 22 24 190 258 36 424 136 90 159 469 40 43 26 24 54 31 72 24 42 17 21 42 30 150 107 35 26 31 43 31 20 73 23 113 39 19 17 136 20 48 27 32 23 8 17 16 216 15 16 17 10 23 17 13 28 2 215 37 9 4 118 16 17 101 13 16 6 10 93 6 21 175 11 15 14 8 11 26 12 7 14 17 11 14 13 179 8 28 12 25 7 35 9 9 9 22 7 16 8 6 5 14 7 6 11 110 4 4 7 9 11 7 5 5 6 4 3 4 6 1 1 5 59 3 1 49 2 41 1 3 36 2 2 1 1 1 1 26
ec,397,41,False,3581 1035 1443 1170 984 1506 1583 1073 585 914 634 832 1426 580 1780 944 753 1587 729 634 2107 868 967 811 1209 652 1224 1006 503 1626 1045 598 678 535 477 1758 670 951 1501 1776 1382 872 716 601 970 458 476 532 461 430 1215 832 422 507 600 366 366 470 1013 339 494 691 279 495 285 847 578 546 1182 1078 948 448 289 451 830 408 195 588 640 221 542 265 481 596 624 397 457 462 575 385 183 468 516 192 637 444 582 596 597 936 193 602 543 361 734 202 437 227 536 53 405 455 855 503 834 443 513 1387 938 320 388 28 765 485 607 963 844 573 416 589 88 175 714 131 383 232 216 916 75 631 439 688 64 324 20 3 10 5
ee,736,2,False,2459 853 1805 1864 1559 1148 1194 489 1599 1207 407 518 914 434 580 229 1005 463 518 847 512 487 654 496 666 488 612 1138 915 605 773 588 892 826 797 862 544 659 483 840 591 416 586 521 340 434 780 717 725 525 677 508 467 578 546 450 582 510 421 746 393 541 340 532 739 505 410 558 367 360 374 426 338 337 359 438 690 188 398 305 338 329 300 309 324 310 237 341 328 234 367 303 418 281 125 490 360 273 112 160 175 295 382 348 405 405 340 312 262 282 266 419 234 147 90 268 290 300 236 250 206 312 223 249 310 243 275 325 343 232 246 207 292 272 256 199 207 225 204 297 237 333 232 200 378 207 275 230 225 235 212 248 240 204 170 268 204 72 181 210 206 213 197 236 175 228 159 124 146 228 157 143 135 166 158 167 131 172 172 131 137 174 161 118 165 123 99 136 94 96 109 144 151 115 64 111 92 117 103 59 121 73 106 113 74 113 136 93 42 106 92 64 96 108 112 85 55 65 62 71 75 92 60 53 99 62 78 52 74 65 43 60 30 16 64 47 20 50 42 40 37 13 29 31 36 8 13 37 30 22 31 7 22 24 5 2 22 19 20 22 15 13 5 17 6 23 16 6 10 6 1 12 3 11 1 1 10 3 3 1 1 1 2 4 1 1 1 2 2 1 6 1 1 1 1 4
eg,403,76,False,1678 992 1328 921 405 489 798 427 763 846 1265 1692 1032 578 1811 542 686 684 1056 364 682 583 414 669 303 427 497 748 314 562 703 405 996 324 592 406 279 571 193 514 1772 519 218 252 646 550 409 86 1189 126 387 122 145 369 224 212 477 1318 71 577 447 258 503 474 312 872 706 875 153 1150 875 590 397 648 625 672 194 903 181 745 555 647 353 883 533 481 494 71 290 106 404 348 208 468 637 325 448 14 336 537 428 687 675 556 138 257 453 367 244 481 342 9 237 122 291 7 7 6 11 18 134 62 2 63 83 101 36 31 13 6
es,421,49,False,1588 1213 1181 2793 832 669 1172 587 940 1042 890 1096 1276 723 634 722 691 1058 634 1010 629 747 762 489 703 942 761 560 634 468 623 625 1267 503 886 691 489 741 476 566 517 576 506 679 397 500 586 619 1011 419 446 818 650 681 842 660 677 458 686 160 558 690 588 572 452 444 589 309 450 564 454 338 578 518 161 576 329 400 493 307 447 370 491 230 470 421 265 508 278 422 519 1055 280 357 628 407 278 481 513 483 612 223 448 353 324 360 500 610 314 492 492 201 357 344 222 331 215 421 324 219 758 464 295 535 338 574 605 195 691 147 273 307 166 434 198 415 306 270 232 230 1061 571 510 299 493 249 578 304 540 246 539 674 162 230 90 357 169 183 508 222 849 289 173 180 235 477 474 28 167 149 365 200 325 97 118 415 55 149 109 511 221 345 88 351 348 97 132 315
fi,532,19,False,996 967 2024 1721 1191 877 838 1406 1565 637 702 856 730 1861 901 1068 603 951 748 794 1617 893 391 914 624 1122 1155 1113 689 795 512 510 774 794 586 790 594 591 988 575 513 825 553 536 587 898 721 949 1153 853 719 777 405 1056 530 462 544 472 422 680 676 523 606 511 716 782 655 350 683 510 479 551 397 422 744 499 441 706 610 664 315 522 449 871 443 425 544 465 530 627 239 968 507 488 370 407 475 402 297 449 523 462 429 470 465 511 722 415 494 417 420 410 343 355 500 431 411 433 415 659 292 615 470 378 224 336 307 344 300 224 468 285 420 510 351 345 580 250 432 232 462 217 425 577 294 396 273 401 419 331 412 332 235 416 381 202 330 288 363 336 324 307 268 433 349 453 338 615 333 231 481 323 275 396 369 450 377 259 230 363 430 372 391 261 425 623 348 333 602 495 403 284 421 261 289 222 209 241 467 218 428 199 215 203 327 327 242 465 260 236 399 341 411 308 263 260 98 355 298 306 304 228 275 315 227 425 294 307 208 339 363 313 223 235 169 139 154 402 244 166 418 150 176 345 188 278 188 203 323 139 49 175 208 240 194 193 313 182 257 105 216 122 270 265 243 200 210 150 171 191 126 181 265 188 171 112 190 173 70 209 313 199 359 235 209 240 187 290 173 172 146 238 191 161 158 132 211 189 197 147 138 126 95 154 296 121 150 132 104 94 200 137 116 152 194 212 156 147 208 141 181 98 198 94 164 114 155 146 118 125 101 21 118 150 146 85 104 106 81 229 115 101 133 146 102 135 133 156 118 82 63 139 85 96 106 123 82 95 82 53 74 53 64 59 73 68 64 69 53 79 57 29 49 49 40 45 26 39
fr,635,12,False,2719 838 856 2152 1880 1218 782 1170 370 1419 1206 734 949 686 1802 426 652 546 1030 589 811 470 668 342 471 883 554 1139 517 1138 558 666 508 494 883 580 401 552 768 389 616 581 539 968 1454 533 477 412 587 470 535 784 769 588 691 859 202 392 547 384 396 454 230 561 567 405 311 458 506 463 146 675 402 388 551 449 482 508 627 272 388 577 389 466 605 468 344 528 233 421 419 199 326 488 588 398 625 422 434 188 262 375 394 685 55 121 325 440 269 387 347 921 482 356 245 299 365 222 127 280 269 313 484 269 296 286 286 306 564 357 211 167 203 286 212 582 212 597 210 261 233 337 215 621 257 441 349 366 210 175 97 238 209 207 259 193 434 190 212 268 404 217 183 176 695 330 246 343 461 368 395 311 149 401 390 154 286 246 105 221 151 151 259 162 265 116 310 29 150 38 124 563 162 84 99 130 89 215 54 197 153 218 95 177 103 73 172 77 102 122 48 131 13 445 139 87 409 379 309 62 75 46 68 184 41 218 37 47 38 7
gb,866,1,True,2350 2817 1829 3488 1093 636 637 985 1152 1551 850 866 2476 412 601 886 791 848 893 697 1230 815 1070 468 704 982 1227 535 614 799 1199 676 785 695 827 677 498 822 746 623 633 729 465 683 696 1457 716 505 551 696 854 622 731 342 363 593 501 684 971 696 557 512 602 588 481 466 695 748 694 825 484 510 604 452 518 693 491 240 411 363 528 651 466 398 717 510 488 675 403 470 404 412 254 414 434 552 351 290 355 297 673 672 272 562 454 445 363 546 298 366 405 266 408 528 307 391 339 350 515 319 272 324 315 284 230 480 190 422 238 289 260 483 267 207 209 503 364 464 274 305 488 233 320 249 209 132 167 203 442 253 213 420 170 177 240 192 149 175 409 111 185 337 137 404 396 277 124 164 119 158 182 204 338 141 357 129 54 81 118 98 124 83 101 77 68 54 55 34 34 40 51 37 26 26 13 12 19 15 6 5 9
gr,499,32,False,840 1269 979 1596 1064 1094 637 888 549 669 963 1361 652 453 823 673 454 686 782 512 526 706 560 404 703 308 833 689 562 556 657 495 490 668 203 171 494 466 453 253 457 487 504 378 406 409 451 544 605 462 565 413 396 764 952 546 908 1141 231 541 301 891 571 388 415 519 223 105 252 396 296 115 249 358 529 242 299 398 724 350 392 547 360 109 310 355 252 383 279 161 188 365 712 1235 350 674 335 1075 266 371 489 306 412 325 214 250 302 595 98 147 441 293 570 433 194 292 286 430 353 197 338 261 222 302 294 246 182 489 276 225 233 856 675 898 197 203 205 656 176 207 210 681 139 407 170 205 196 128 77 166 134 649 168 223 268 306 444 181 507 306 740 207 889 610 111 207 498 152 175 236 374 392 212 458 591 129 679 408 159 540 347 728 116 55 95 368 203 246 349 125 390 363 166 522 823 489 157 227 623 541 123 126 302 153 390 241 34 604 101 119 457 119 56 414 435 276 426 71 125 62 205 989 431 478 471 86 490 71 315 532 420 227 34 332 273 927 476 351 379 825 121 83 336 69 115 103 302 653 87 185 77 241 166 364 174 65 122 320 25 285 149 825 31 614 180 518 209 207 39 640 14 486 519 428 264 138 31 483 410 356 299 496 422 121 231 151 22 334 469 46 429 137 344 202 66 409 318 156 245 285 343 93 225 97 93 247 280 226 219 183 77 12 294 262 74 107 193 251 343 204 193 262 222 197 22 69 162 128 82 158 69 175 166 184 124 27 9 171 176 110 42 42 13 164 46 115 3 127 23 111 50 1 17 42 54 69 42 35 1
gt,472,45,False,2650 3593 1360 1247 1559 734 935 939 1022 975 1430 933 609 864 832 698 1264 1075 666 1200 634 634 1818 658 678 594 752 865 1226 993 517 404 577 621 517 600 580 601 447 1074 357 1389 279 977 465 471 1239 513 840 517 359 670 887 437 735 1877 782 724 456 857 279 256 1276 370 283 828 288 721 460 182 423 830 195 252 225 112 533 418 758 472 301 231 413 618 563 693 455 170 144 413 807 475 608 53 483 538 421 637 632 866 135 646 738 361 575 479 457 1050 170 511 484 877 676 28 430 765 337 266 1281 112 535 686 596 114 181 323 432 72 764 41 612 441 376 150 130 209 200 56 444 278 277 6 153 10
hk,867,9,True,1601 1805 503 1535 1143 606 702 750 1332 765 1175 704 533 671 3001 1816 1668 1352 1434 993 634 713 648 665 497 1698 993 479 1087 728 1915 1370 2143 519 464 639 965 329 1117 1445 891 768 654 773 677 289 725 289 837 799 1075 542 678 1565 912 1205 651 1675 310 1101 653 854 1026 846 818 215 554 541 431 1724 1042 600 610 516 492 435 738 504 852 466 1017 420 802 705 605 486 712 589 1014 481 1016 379 427 434 295 1079 595 602 436 355 638 374 505 456 195 544 367 111 255 405 330 526 460 348 329 243 172 470 425 513 330 395 313 175 488 274 526 413 376 708 573 329 738 644 135 343 127 283 356 807 415 298 184 244 266 249 443 283 268 307 334 238 429 284 304 656 179 175 284 190 168 178 231 155 191 158 150 175 188 143 165 91 69 74 185 380 299 76 54 83 265 95 91 322 76 67 24 84 70 71 30 5 6 3 6 2 1
hn,562,22,False,2651 3554 1608 1467 1609 1035 1024 1160 1217 2176 1505 973 634 634 1254 903 634 634 750 1188 731 829 555 1088 631 608 675 1179 1448 1357 526 282 633 600 776 1644 1019 510 739 514 1255 394 477 499 851 956 479 1810 376 829 518 816 447 476 296 916 446 965 354 547 223 688 403 195 401 482 829 967 313 290 485 282 193 358 920 413 540 870 702 545 686 524 708 226 1172 534 754 501 489 857 452 172 409 401 191 422 187 547 606 679 428 389 441 52 463 101 406 418 418 208 326 451 372 401 265 220 337 333 346 28 838 343 456 299 462 311 224 225 278 139 164 260 360 396 68 90 354 32 153 74 13 86 185 15 48 18 51 9 142 9 13 22 7 10 2 7 7 1 1 1 1 6 2
hu,630,9,False,797 1946 1503 1239 1167 794 1298 803 882 811 1082 971 905 1257 1011 790 514 1602 1039 1012 859 944 1003 419 580 1171 709 517 723 763 804 872 505 378 608 205 503 686 541 599 819 661 896 500 821 431 123 889 1062 543 619 793 598 562 1122 639 393 572 841 230 723 681 765 511 755 566 1124 41 434 723 1250 760 451 388 461 246 65 439 501 621 147 429 476 484 223 799 333 354 314 471 598 378 1651 1009 970 1118 479 858 284 837 359 464 1188 468 169 1103 553 241 212 416 306 820 270 756 333 295 496 224 547 674 690 668 126 1005 697 249 867 557 598 737 142 136 228 572 244 1068 349 698 816 120 596 226 99 607 815 764 223 281 565 637 427 345 126 227 513 559 592 326 408 183 449 191 228 214 501 529 104 127 472 568 348 113 179 284 468 328 346 301 309 355 191 246 417 172 135 47 35 171 169 223 196 255 42 199 262 287 105 229 7 90 139 169 145 124
id,851,3,True,1600 1817 2316 2364 1327 1362 1093 766 1673 1773 591 576 2564 1426 910 2316 1196 635 1549 864 967 906 772 1198 349 676 309 938 1718 1651 811 224 576 717 463 276 810 754 275 467 248 2847 1060 1124 573 916 93 138 342 466 427 1256 1210 530 198 234 555 824 308 1236 562 553 871 630 1355 645 565 902 808 708 573 571 442 259 671 407 328 360 469 1149 1430 389 1084 686 391 468 323 991 223 436 459 294 389 870 726 268 647 274 548 649 392 141 512 618 441 351 211 549 591 279 420 299 400 394 233 509 149 124 54 344 6 105 128 134 233
ie,758,2,False,2378 1374 642 976 1132 1536 1111 822 825 644 2021 642 716 412 601 465 915 774 656 1234 1948 661 714 860 2337 1357 629 713 1272 774 1342 907 798 712 803 830 965 1788 823 659 506 670 672 656 464 1108 741 918 797 496 806 740 983 1096 363 253 618 493 724 494 955 502 445 717 667 663 587 713 557 548 466 579 375 583 981 554 512 405 407 653 391 568 466 536 453 412 548 529 832 375 421 451 306 426 810 484 1379 356 630 571 409 463 299 489 724 510 547 367 658 357 695 390 195 720 267 362 435 255 284 773 670 501 197 128 394 291 253 429 247 244 255 558 683 260 196 167 300 307 132 560 235 112 676 533 149 210 169 176 273 260 97 211 276 360 161 117 223 167 275 582 430 130 447 510 469 287 120 438 139 350 44 64 284 50 40 38 33 8 28 25 12 6 8
il,682,13,False,478 913 499 1293 478 852 1992 905 841 790 589 603 227 707 524 549 926 1570 1524 517 1796 451 1197 922 1269 814 968 466 515 562 647 599 649 361 760 605 1110 1398 654 455 268 769 406 463 403 425 135 1267 861 286 210 298 604 411 483 264 370 993 516 811 500 137 298 526 260 468 224 470 99 856 603 475 499 447 616 734 566 294 402 230 489 350 525 661 315 174 629 482 538 603 283 442 358 660 904 473 126 187 199 295 463 570 602 599 315 23 22 459 340 94 457 276 144 88 230 263 109 87 265 229 275 218 92 146 156 23 6 6 5 5
in,12,173,False,1029 747 863 1154 1470 2224 421 1481 676 1000 540 1029 835 1166 783 657 646 896 577 367 596 643 263 657 1007 182 1045 1509 2079 1890 539 127 1654 446 445 906 843 374 430 224 191 81 445 98 744 97 719 495 111 608 392 750 112 414 1123 223 412 92 151 543 1005 99 222 644 536 420 142 985 384 28 463 303 223 336 286 177 97 15 271 165 263 84 350 28 358 155 189 298 77 212 104 25 112 1 1 24 1 1 35
is,761,1,False,2647 1852 1235 1665 775 1213 779 939 600 605 605 586 623 809 607 810 761 802 1051 522 622 551 539 505 451 671 1162 901 653 860 602 387 556 488 771 656 567 647 788 520 360 706 574 534 523 715 343 545 490 593 688 478 400 282 581 459 460 683 428 591 511 389 440 549 540 412 553 513 381 352 420 366 503 274 507 435 366 259 396 317 448 380 404 311 424 368 550 195 333 317 307 379 364 326 302 289 250 354 391 392 324 299 254 379 449 271 313 375 281 283 201 382 395 238 259 286 432 375 348 219 232 316 329 328 252 360 360 318 274 241 248 247 236 314 314 213 258 253 173 219 242 232 512 170 382 219 237 343 192 249 148 164 266 144 192 271 337 258 531 292 280 157 198 168 141 318 157 181 136 200 131 251 174 214 194 69 167 168 167 240 169 225 132 145 169 346 134 193 179 148 203 262 149 209 109 196 194 194 250 224 202 146 138 226 209 173 92 191 165 126 112 156 116 141 132 175 134 158 136 165 138 102 135 120 110 168 158 116 118 99 152 137 112 143 100 102 130 107 114 86 135 74 118 126 124 111 71 83 137 111 93 79 76 78 112 71 143 90 94 87 52 92 94 87 62 73 79 70 91 115 74 36 92 48 64 62 76 62 45 38 68 12 10 51 56 81 64 49 75 44 58 9 72 61 46 30 37 39 45 35 42 20 34 8 44 3 10 7 10 28 34 6 23 29 28 30 28 24 21 18 1 8 5 28 4 38 20 23 5 12 4 24 18 20 10 2 6 8 2 4 9 5 5 8 18 9 15 11 9 3 1 4 16 7 4 6 3 5 4 1 1 3 7 2 1 2 1 3 8 3 2 1 1 1 2 3 1 1 1 3 2 2 2 1 3 1 1 1 1 1 1 1 1 2 2 3 1 2 2 1 1 1 1 1 2 1 2 1 1 2 1 1 1 1 1 1 1 1 1 1 1 2 2 1 1 1 2
it,419,37,False,2192 1298 2254 1724 750 1756 803 1512 902 687 1438 788 755 554 737 529 871 575 554 687 487 1111 776 486 1670 617 887 597 631 548 790 846 652 538 879 236 481 299 413 525 683 741 669 797 778 749 379 454 413 542 396 637 996 493 723 494 121 545 249 585 275 452 613 525 535 399 552 413 399 458 563 623 815 423 503 785 417 356 410 428 433 480 258 385 483 490 357 497 639 453 510 470 456 404 543 525 592 361 486 402 352 386 281 216 497 658 258 351 269 85 407 407 344 350 379 415 400 330 397 434 463 397 421 488 254 212 651 514 339 362 364 369 241 239 312 340 341 174 331 286 266 328 283 414 180 254 77 339 372 259 252 193 210 456 339 139 292 191 283 133 376 272 381 203 213 309 183 195 186 184 354 180 339 346 529 269 245 206 369 235 277 160 507 152 168 158 362 373 157 277 645 503 505 441 356 525 114 390 252 255 205 171 167 166 185 276 155 175 209 544 185 206 246 512 486 150 97 141 178 118 185 177 481 135 140 141 134 209 175 548 215 171 541 167 163 111 463 140 103 126 289 158 336 173 140 164 383 141 220 717 119 418 115 92 179 97 118 84 496 114 338 97 156 177 694 139 134 703 329 456 301 796 346 141 709 107 338 71 54 219 115 497 72 182 140 537 63 106 188 103 79 29 129 82 131 227 67 71 113 44 74 35 115 102 44 24 35 78 406 253 163 257 135 20 73 295 52 51 59 90 223 74 138 9 470 53 45 28 77 44 57 68 57 55 46 156 45 36 57 61 11 177 32 239 124 70 17 187 68
jp,213,110,False,2126 1875 2160 903 2724 1993 2997 1740 1793 1634 1792 1451 1038 2350 804 761 1149 3512 382 1164 501 620 852 1011 866 1828 445 588 1087 944 2289 602 545 839 991 674 525 643 721 911 1487 472 462 263 266 1546 234 1226 249 278 184 212 185 286 179 415 184 81 109 1385 172 91 917 202 714 592 63 526 908 88 654 683 738 443 456 202 278 153
kr,666,15,False,804 1175 1104 500 1522 503 1382 514 920 1337 1484 443 378 1039 850 164 381 390 711 821 1545 376 223 864 248 887 195 133 729 927 1253 550 501 177 466 868 577 471 798 420 796 744 400 624 380 473 310 609 588 367 291 612 465 263 587 52 482 229 417 244 517 293 43 324 31 451 379 246 275 257 328 249 235 215 134 130 5 75 2 30 42
kz,683,8,False,597 1586 1587 1225 1156 1008 948 591 515 1148 478 748 506 569 258 682 611 190 273 559 126 445 126 331 656 364 328 413 255 186 318 227 285 374 167 367 374 102 294 176 114 122 234 272 200 61 104 85 70 113 46 8 15 7 7 6 5 1 1
lt,832,1,True,1301 922 853 1629 1594 1062 1228 1636 588 900 832 476 802 559 477 1147 761 1052 594 578 736 787 1391 616 694 325 538 1262 550 439 728 736 455 1100 487 576 460 872 665 439 942 704 532 363 450 409 447 574 845 394 694 343 593 487 439 312 598 312 310 310 461 670 343 312 356 629 332 460 91 310 311 118 305 446 302 533 278 328 274 474 185 187 470 196 162 91 149 353 354 126 501 443 354 223 419 308 406 450 347 453 241 412 254 420 173 105 428 424 337 127 213 187 161 437 144 114 253 371 148 190 285 310 247 247 234 166 308 270 187 248 284 227 223 50 227 207 249 221 77 171 207 127 294 142 197 177 225 203 203 151 159 159 268 211 167 207 157 133 180 94 198 144 165 188 173 187 147 118 187 136 192 50 161 114 71 87 68 95 136 48 104 151 121 146 95 54 77 87 47 12 110 81 88 118 93 70 102 116 79 98 19 100 96 97 42 47 52 68 27 57 76 50 80 27 69 42 57 38 36 42 15 32 40 18 23 14 24 5 10 8 2 5 6 1 12 2 2 1 1 1 3 2
lu,699,2,False,616 897 585 841 667 811 627 561 601 754 573 450 381 410 256 331 236 474 375 316 428 421 341 314 361 266 325 195 323 378 254 135 235 218 264 298 366 227 263 226 103 203 289 218 158 167 212 18 141 133 163 148 51 21 111 23 158 171 106 66 137 151 145 105 146 77 118 16 47 103 82 35 89 46 9 9 14 19 7 7 62 57 51 12 50 14 42 10 7 7 4 24 39 81 15 11 16 73 36 54 16 27 35 7 2 7 35 34 5 11 7 6 11 30 9 5 13 31 28 8 10 30 23 26 37 20 9 4 1 38 8 8 10 4 5 4 20 6 7 4 19 10 2 10 5 5 16 5 5 12 20 4 6 25 9 2 9 8 4 3 1 7 2 23 3 9 1 1 16 2 8 1 2 12 3 2 1 2 7 4 10 10 5 6 2 2 4 15 8 5 2 15 5 4 5 2 3 4 2 14 1 5 2 5 2 4 1 4 2 2 7 1 1 3 1 3 3 1 2 1 1 2 1 2 2 2 1 4 3 2 1 1 3 1 1 1 1 1 1 1 1 1 1 3 1 1 3 1 9 3 3 1 1 2 1 1 3 3 2 1 3 4 1 3 2 1 1 2 2 1 1 1 2 1 1 1 1 1 1 1 1 1 1 1 1 1 1 2 1 1 1 1 1 1 1 1 1 1 1
lv,846,1,True,687 549 1298 1801 937 1260 2200 846 915 1509 793 456 577 1367 687 979 786 1111 572 941 612 452 637 428 1053 580 860 740 647 930 861 817 367 426 849 442 968 547 335 409 412 321 495 682 488 355 754 476 437 437 784 583 491 644 452 354 348 483 391 681 814 484 393 436 794 443 605 435 349 405 411 549 285 324 378 427 444 476 363 457 540 388 409 297 392 121 301 228 211 319 378 314 261 296 358 212 278 186 184 368 329 258 232 127 360 108 268 124 271 227 232 223 236 256 350 261 246 358 268 323 170 249 187 121 355 231 144 227 189 214 207 99 257 72 204 217 212 197 288 185 185 190 208 199 207 270 212 197 165 135 122 139 212 161 172 195 149 153 178 188 98 100 186 119 97 160 69 123 153 156 105 32 138 114 127 125 86 127 133 137 112 137 123 145 47 81 94 119 135 99 121 75 119 41 77 74 22 52 53 89 48 72 84 38 39 74 57 52 71 52 49 68 47 57 51 19 56 42 20 19 20 30 39 42 35 39 6 2 5 23 5 24 18 35 1 14 5 21 2 8 6 9 4 5 3 1 2 2 2 1 1 2 1 1 1 2 1 1 3 1
ma,567,43,False,1169 1021 960 2092 2003 2210 1329 709 974 1047 672 734 488 1327 1929 783 629 2062 1009 846 629 1812 762 724 1210 876 721 342 1433 912 405 461 1554 1190 946 765 669 389 998 1065 518 1164 914 147 682 598 286 132 874 1118 462 623 311 835 981 562 1004 722 429 903 445 192 404 133 488 1015 782 972 873 300 269 195 161 490 675 174 746 325 174 705 762 606 264 720 380 266 610 607 48 182 744 119 153 835 422 406 345 181 856 393 660 487 427 611 379 230 589 730 465 336 680 141 775 106 132 204 374 479 117 126 231 527 422 224 257 184 366 319 443 77 170 254 367 14 171 185 336 149 236 151 177 225 222 64 58 33 184 120 29 149 26 18 81 16 32 31 6 66 12 1 14 17 11 14 8 23 3 4 3 2
mx,507,30,False,3439 2645 1124 936 734 1269 517 517 890 697 1035 818 1357 716 1191 444 429 603 594 597 634 608 662 464 499 638 647 634 633 595 499 933 608 1081 518 1394 854 746 368 456 1005 447 702 472 568 568 867 1138 474 540 555 279 772 469 685 279 1188 578 752 784 391 1155 397 551 339 677 184 839 295 957 680 317 112 610 228 479 478 490 1123 586 470 430 547 521 561 678 794 180 275 380 660 721 535 552 195 526 512 453 574 382 230 443 359 381 209 459 640 512 474 358 640 530 477 187 637 476 227 551 722 52 771 646 55 93 885 654 592 274 612 808 28 588 243 689 178 492 209 930 363 124 613 795 162 644 698 492 181 67 406 64 119 68 73 52 6
my,867,1,True,776 867 1196 1140 1084 3276 1762 1096 3366 1073 2212 937 1053 3853 1206 985 1374 2686 601 1532 636 1288 2224 678 354 740 531 887 969 2423 1751 1389 506 1138 385 2171 1257 1063 505 642 1299 1046 559 963 1148 436 879 515 1580 1142 216 294 363 391 463 1168 1004 882 468 353 824 361 756 349 763 1112 525 1239 300 887 1047 1516 892 658 426 598 296 531 639 404 792 177 586 530 575 760 89 624 618 434 635 585 247 296 521 704 497 1735 124 693 509 713 715 368 354 655 1013 677 308 628 419 269 399 190 480 357 320 467 292 627 253 408 350 409 528 456 329 413 332 72 493 463 91 263 318 365 630 374 472 194 224 598 173 96 656 349 54 121 442 81 309 157 490 701 105 18 451 121 397 389 373 313 60 55
ng,87,69,False,777 1204 532 639 795 419 391 784 484 1503 259 1092 343 1314 589 343 479 154 522 832 433 584 800 543 1211 487 216 902 471 434 1083 1484 154 413 588 780 447 195 840 1110 164 586 860 621 1539 431 430 1153 133 655 402 346 302 1206 317 560 713 936 669 349 271 435 301 1131 607 210 63 125 947 317 288 342 355 267 263 345 322 300 521 476 357 456 469 351 205 85 256 176 261 560 801 171 333 90 334 432 217 827 415 357 64 147 657 220 497 722 144 390 130 69 156 34 218 179 136 223 296 191 166 385 586 117 280 114 271 400 361 237 20 57 127 278 81 14 14 469 216 446 373 287 310 211 285 228 451 59 330 340 344 228 14 107 282 114 190 297 222 258 20 195 31 47 4 148 20 12 19 14 13 19
ni,450,25,False,2625 1849 1577 1032 2424 1941 1285 1599 480 1194 1008 1055 836 968 1046 634 634 727 1937 1159 620 872 828 555 563 634 750 508 1017 1029 514 1507 612 638 1184 616 1057 765 949 393 1252 779 996 464 815 488 1302 453 477 947 401 1065 690 223 1013 288 796 710 268 857 841 195 192 232 209 247 417 448 519 413 160 152 374 101 153 477 220 329 268 40 48 130 331 283 201 235 319 311 126 251 28 273 357 256 246 237 199 20 66 77 82 183 209 33 199 28 21 106 105 16 50 24 188 54 19 7 158 30 106 52 106 4 8 14 11 19 52 13 5 45 37 83 54 7 6 11 7 6 4 9 39 7 7 1 6 5 1 1 1 4 4 4
nl,733,4,False,2163 1792 1841 861 671 1279 939 1012 780 937 621 601 1010 759 1856 836 607 1144 665 1056 702 694 796 558 794 793 640 644 641 582 653 411 810 339 870 599 495 661 594 640 538 682 596 620 594 534 707 558 573 495 430 409 499 573 499 361 452 457 482 565 584 448 495 582 427 414 533 527 473 398 574 718 497 463 459 1107 403 521 523 371 391 357 447 318 407 377 344 420 316 496 340 417 379 265 358 289 355 641 265 317 353 311 302 392 399 366 319 482 290 310 442 256 550 186 264 242 347 325 288 386 179 214 288 296 279 320 273 279 389 296 281 263 244 286 268 286 385 269 259 472 268 334 339 216 213 274 135 271 263 211 339 267 215 344 303 116 234 246 270 261 201 170 216 218 188 252 183 252 184 125 153 235 226 254 254 363 359 184 279 246 213 248 246 165 473 168 173 319 223 158 308 273 378 160 192 187 378 144 154 191 194 256 153 119 164 189 118 343 175 368 160 134 162 135 302 383 150 359 125 135 205 132 106 307 140 112 86 113 136 103 99 204 130 88 84 149 79 106 41 77 99 73 143 87 66 49 62 13 23 47 41 53 55 46 35 27 8
no,705,4,False,1748 1061 1599 1466 944 1105 682 1558 1080 858 613 1035 630 663 968 660 638 1295 901 951 784 823 905 848 600 1060 816 677 758 671 531 491 524 592 1261 757 507 614 734 531 558 650 505 955 923 741 474 517 527 502 334 471 535 537 531 464 620 577 722 509 607 575 469 611 504 533 735 465 559 613 433 643 717 540 498 520 570 378 446 597 411 292 352 423 421 500 447 751 402 478 363 476 653 579 577 528 516 373 1269 447 396 456 245 469 487 355 387 396 402 410 365 287 363 454 474 434 363 482 237 350 366 230 388 227 296 285 407 407 302 339 349 390 295 418 444 378 359 280 334 239 320 411 310 399 262 286 404 281 274 232 153 395 293 438 319 412 270 369 344 340 270 339 349 287 297 251 333 366 188 132 196 138 262 216 234 184 239 242 241 222 292 246 260 86 164 188 276 190 192 170 171 157 126 160 196 318 155 181 208 227 234 150 219 166 199 177 190 195 147 139 140 90 154 161 121 170 215 110 130 145 138 113 115 94 41 86 68 76 86 55 48 35 27 4 19 35 30 13 23 16 10 6 3 2
nz,862,1,True,2446 2253 2132 2246 1768 1511 986 1321 1888 862 2684 1178 412 2648 1554 888 1132 1142 771 1877 1265 754 601 943 1323 840 1015 832 841 993 1000 885 1243 1019 854 697 807 450 1001 426 466 521 695 895 729 667 904 647 625 709 747 406 556 571 568 796 546 633 793 625 805 562 519 501 847 833 419 392 488 697 570 468 587 415 370 548 472 514 492 447 363 438 490 840 416 623 276 626 489 354 397 752 490 461 420 399 462 1014 327 387 413 438 383 411 326 424 333 583 443 604 451 429 420 234 411 335 452 385 241 344 315 322 261 558 252 404 419 242 191 621 172 212 217 266 223 631 199 196 409 178 294 631 219 204 218 223 513 318 144 157 154 212 156 440 56 112 68 126 100 85 78 97 74 72 75 35 30 31 35 27 6 8 6
pa,722,15,False,2652 2127 1413 1589 1035 1798 938 1510 869 664 587 999 776 1284 1235 903 692 1414 634 690 1133 328 858 626 663 634 748 865 628 1176 503 907 499 1186 741 933 503 790 729 685 771 630 825 503 627 503 1134 581 509 447 824 577 869 1365 476 1002 445 594 960 697 556 458 428 510 453 423 609 918 223 607 365 293 516 466 333 341 515 401 724 513 460 329 510 195 319 303 509 453 831 430 286 223 478 593 239 479 772 455 650 337 585 359 292 440 526 447 391 355 325 298 428 556 178 582 334 435 126 186 318 458 97 320 433 176 207 72 311 479 28 372 180 615 327 136 100 175 55 466 381 360 256 221 716 210 94 157 125 370 90 23 127 390 34 66 17 23 18 94 8 21 43 122 191 114 26 21 7 24 10 9 43 9 146 9 22 4 27 9 5 8 10 10 8 5 10 4 3 2 1 5 1 2 1 31 2 1 1 5
pe,650,15,False,3534 1035 1536 1164 1591 1005 1612 1862 634 832 1402 1557 2269 1059 1192 1177 876 782 727 1824 713 1977 573 685 1382 703 1039 1012 634 732 774 616 937 932 602 1844 961 1002 489 492 892 790 434 698 738 730 612 1353 782 822 931 727 950 507 357 559 613 496 553 641 659 217 496 1511 391 454 494 195 514 738 664 741 344 393 449 531 271 808 462 563 374 793 458 627 557 399 384 127 917 601 491 448 421 249 230 745 334 248 52 1344 600 253 952 592 860 681 28 146 604 390 545 972 863 776 870 729 629 119 364 487 572 312 471 162 120 4
ph,865,3,True,629 1581 3149 1824 707 677 1369 3130 771 919 324 1159 2117 641 347 578 1891 841 1426 632 847 846 1879 576 3327 370 1502 386 548 1652 1840 669 1067 555 481 788 1040 466 282 547 1244 368 1561 380 871 1159 684 824 756 1656 920 845 648 1576 911 359 470 808 979 1022 667 374 768 818 269 403 1037 521 944 777 757 602 1266 1072 676 602 505 616 571 662 436 502 838 554 553 390 517 705 482 295 615 174 509 247 682 542 360 500 636 503 617 622 544 459 287 403 363 449 459 671 319 327 1120 358 334 423 387 268 85 461 215 315 290 128 307 121 234 130 205 294 315 579 168 617 351 362 54 166 342 328 171 225 431 18 235 330 109 159 356 290 17 447 78 89 337 24 66 52 68 16
pk,413,39,False,838 788 580 609 656 1599 1035 1062 584 685 1140 544 672 456 1180 282 407 405 1138 187 793 338 612 734 120 315 918 320 349 207 544 258 568 485 568 453 574 193 343 267 277 334 52 189 73 89 247 115 395 179 237 80 97 40 222 81 133 142 247 262 106 59 16 147 94 99 22 63 53 10 14 5 1
pl,667,8,False,1618 1985 2003 1110 778 932 703 1723 796 624 872 643 650 414 811 626 558 518 585 581 1195 636 397 562 720 638 750 224 563 413 810 1178 497 548 629 824 607 1234 405 1070 650 567 430 532 541 517 712 497 395 450 449 1159 428 570 430 462 457 426 491 818 904 433 195 244 366 195 983 866 807 410 450 779 406 381 265 401 102 450 678 622 286 509 348 711 510 967 256 127 279 340 336 253 162 540 579 276 277 332 322 231 261 931 313 245 325 693 759 232 258 294 495 623 338 264 154 244 278 223 789 1356 312 457 409 243 207 467 244 239 652 212 290 953 132 252 193 270 297 383 813 514 416 148 216 674 184 402 500 332 413 188 137 338 579 424 533 179 290 124 490 173 112 169 176 534 263 131 1047 151 68 105 112 49 450 169 609 987 128 511 560 52 111 615 269 107 140 448 340 53 492 83 163 78 99 91 73 573 334 139 143 97 216 552 576 901 62 88 123 73 578 80 489 306 337 336 191 48 276 59 227 391 706 519 56 502 338 242 167 10 67 51 22 83 68 85 160 560 43 378 36 104 539 45 95 325 100 287 497 243 168 710 357 41 123 57 13 35 354 105 136 110 121 34 136 26 27 207 45 10 65 51 74 26
pt,867,2,True,2990 697 1823 957 904 633 1099 779 539 776 352 812 854 1757 710 552 697 1579 633 1663 1622 597 821 463 609 702 1312 1505 683 662 437 637 398 518 1149 420 619 286 556 363 539 369 461 374 331 763 1074 405 1383 518 742 441 1034 442 809 742 512 174 773 489 492 497 535 617 572 331 512 541 454 513 609 543 524 675 561 567 495 504 357 406 480 156 529 831 571 508 471 148 401 525 540 453 189 249 220 595 232 500 540 602 415 417 496 119 196 133 1042 390 237 446 415 723 416 502 538 555 186 540 347 258 308 422 342 581 368 417 245 395 95 259 314 428 78 263 558 776 442 209 131 55 552 231 288 479 435 209 441 165 273 440 62 355 390 388 57 322 153 189 284 8 24 9 6 18
py,413,54,False,2650 1428 1596 3568 1031 1208 876 920 2086 1493 885 872 1173 1560 753 1048 872 923 890 1012 775 998 745 880 665 1091 714 576 524 562 1506 942 1599 913 832 588 504 700 1688 707 1310 652 737 634 1057 428 539 570 1320 775 624 1605 401 480 923 760 1929 452 1104 541 578 601 670 388 577 832 516 472 447 592 331 402 461 453 676 284 453 281 282 523 558 340 1031 479 270 354 273 348 555 385 801 442 404 316 543 191 221 473 481 276 618 304 195 364 395 222 673 196 453 314 505 28 281 665 385 399 390 260 203 309 86 532 338 414 157 48 101 217 255 285 121 368 407 129 389 522 370 936 370 380 379 49 477 175 315 398 96 270 37 35 288 41 261 334 17 193 137 165 82 132 13
ro,503,12,False,899 803 505 1132 969 524 668 526 524 796 638 520 679 820 992 471 568 563 773 697 615 391 818 451 916 226 674 580 501 398 686 1258 698 441 390 149 361 761 1041 550 350 335 461 339 424 210 728 452 649 279 337 380 280 430 224 278 329 675 451 306 284 483 182 395 464 195 243 444 371 149 360 656 510 1101 292 289 428 403 617 340 190 433 603 336 672 1152 538 765 777 285 516 302 182 86 179 727 91 373 834 410 354 394 658 530 307 496 137 209 193 460 623 212 270 250 573 433 321 279 730 273 261 476 389 256 212 466 167 255 332 398 370 360 291 337 789 163 360 59 169 196 261 459 458 352 281 125 183 550 334 79 296 397 493 114 262 255 200 176 240 74 496 202 99 356 313 158 234 202 78 222 175 223 452 481 162 169 114 416 12 239 65 238 291 189 174 135 129 129 201 196 190 82 133 53 5 93 63 71 109 170 115 30 96 30 72 13 122 83 48 80 36 85 77 30 19 19 71 40 32 58 3 104 59 4 37 36 2 12 4 3 5 2 7 4 2 1 5
sa,867,1,True,1670 867 867 1494 1581 1004 776 700 957 1097 1405 844 1165 565 832 795 792 486 732 583 642 763 554 492 1180 644 876 907 947 528 865 506 653 504 507 601 321 397 370 1153 539 475 247 430 361 433 430 969 871 445 413 445 435 505 331 220 682 510 621 543 471 483 284 333 312 398 506 650 462 320 632 276 274 323 157 350 790 317 299 271 172 216 265 405 164 306 342 252 287 192 393 98 124 51 73 146 112 135 221 144 221 74 110 245 191 123 95 96 121 142 112 40 146 174 42 150 104 47 187 43 135 94 78 49 47 34 36 42 18 39 3 13 43 8 11 2 1
se,737,4,False,2692 2291 1830 1732 2659 1749 3460 1579 1259 925 1602 644 628 892 1294 1578 1228 535 1268 990 1018 862 752 914 713 760 1582 521 1317 853 617 668 1246 1051 536 540 557 1218 522 571 914 478 712 525 488 588 932 599 793 632 664 805 803 322 701 927 536 483 735 567 509 620 699 427 553 733 509 615 405 545 498 453 436 596 381 713 302 580 732 765 536 494 586 501 552 549 618 459 445 817 415 464 569 412 454 384 386 414 350 461 447 410 531 453 302 402 430 859 394 529 432 446 402 528 422 456 340 461 362 379 476 346 390 331 296 494 353 356 298 458 366 306 410 385 283 273 315 347 329 365 228 329 267 385 353 226 415 399 231 446 366 607 235 386 292 316 346 325 257 296 280 350 251 373 447 324 252 332 361 184 207 367 274 233 323 250 227 234 227 234 277 238 221 255 308 266 207 274 228 258 176 273 232 266 227 147 273 231 209 153 237 163 317 142 185 204 190 225 341 139 162 150 176 159 54 235 182 158 120 247 223 219 166 213 232 215 211 187 135 132 137 149 175 68 145 169 148 123 154 126 134 235 138 113 136 140 120 133 92 198 93 144 108 125 109 65 96 172 116 91 100 85 95 113 131 88 68 81 128 89 80 55 65 76 27 39 40 50 52 78 42 62 41 17 24 13 10 13 6 1
sg,867,1,True,804 503 3501 1175 3195 3492 4143 3136 1729 1853 1517 2354 776 867 713 3028 1706 1414 2095 605 902 1266 1872 2197 937 467 862 1646 906 1655 607 1084 1169 1819 800 925 806 1453 1563 621 978 938 928 1980 796 697 768 1030 1065 638 869 925 863 954 817 776 800 496 795 363 1014 495 750 771 936 922 668 661 687 707 618 434 719 720 740 718 581 532 327 689 475 429 702 808 617 482 656 567 471 499 500 442 444 495 493 512 297 1285 451 499 317 461 574 496 455 195 124 728 342 852 364 453 475 501 537 282 536 377 290 228 705 317 436 305 628 366 200 493 334 423 528 233 221 212 298 54 209 668 153 143 581 569 165 66 124 69 137 69 103 65 132 18 28 92 27 6 3
sk,786,7,False,1279 1334 2390 846 1544 941 551 482 661 2072 1587 1241 679 852 551 969 1261 1185 845 826 2068 533 709 473 970 709 499 822 516 753 590 616 988 555 1265 674 610 342 740 1141 916 912 772 749 387 437 335 1018 666 520 999 707 528 684 529 664 361 382 238 373 417 680 600 90 501 501 544 644 508 265 321 510 533 468 827 475 243 498 649 173 125 704 1004 874 264 217 954 498 988 516 659 241 497 672 131 391 481 603 63 210 314 137 698 380 249 485 303 375 555 136 509 605 710 244 253 153 625 324 316 167 241 106 291 106 370 474 659 270 561 160 182 489 597 137 571 179 319 479 275 28 451 227 178 311 25 567 99 214 227 100 174 386 151 299 191 269 298 285 387 90 190 106 197 277 218 292 291 153 102 202 313 265 259 132 269 215 100 266 134 166 163 50 91 241 197 146 208 121 166 64 185 165 205 166 85 176 69 138 153 200 197 116 117 217 161 141 152 161 215 162 129 69 44 68 54 120 32 95 69 71 31 101 31 120 49 119 64 120 27 56 18 84 49 74 57 78 87 21 61 35 5 55 28 41 24 16 39 26 5
sv,556,28,False,2651 1607 3550 1134 1530 1035 1609 1320 1758 1219 2278 913 1370 634 633 1226 917 933 634 1261 1362 634 658 1188 729 685 832 687 616 1593 655 685 574 1199 575 1378 738 1000 633 554 1254 1458 512 399 567 857 967 458 508 430 923 1799 503 447 507 350 1245 487 547 489 999 342 360 780 401 193 844 223 370 292 446 833 548 573 259 195 413 575 728 596 223 181 874 313 555 625 440 419 679 501 607 1203 185 428 647 166 992 178 101 476 807 614 54 407 518 473 167 211 417 555 654 501 395 652 378 366 28 405 322 160 149 140 364 822 481 232 269 167 79 290 115 65 64 152 44 356 41 83 136 210 57 205 154 10 128 78 60 2 3 13 3 2 2 1
th,862,7,True,1089 800 501 477 1076 817 716 511 603 535 1056 147 2139 195 975 330 315 477 405 480 364 898 820 414 1433 867 1764 268 338 610 394 257 1492 484 1600 456 1723 1194 343 559 832 454 932 637 186 990 840 1096 1181 627 945 933 671 939 514 904 730 327 390 596 595 422 164 293 230 656 528 540 647 277 707 1162 583 708 603 236 596 80 571 779 867 638 535 596 668 99 516 89 171 628 86 404 68 868 681 505 164 120 310 495 478 236 304 599 358 475 62 583 460 759 383 250 63 384 43 76 25 408 331 23 440 36 71 443 303 551 204 14 30 256 431 135 206 29 27 85 36 500 113 203 131 332 35 255 28 763 248 152 90 145 21 140 158 37 20 329 645 169 35 541 99 211 60 212 28 282 170 273 50 206 14 193 7 216 129 424 81 17 214 35 1 255 46 61 24 141 53 1 135 54 12 17 120 85
tr,18,173,False,1931 748 936 930 666 1100 782 812 578 695 553 805 308 440 622 1021 877 432 516 461 429 572 588 966 616 489 628 662 431 387 476 479 392 412 948 147 325 456 501 634 515 472 371 432 389 343 390 343 416 483 206 546 785 525 271 234 217 773 228 524 118 341 463 381 1397 327 322 709 311 523 416 369 432 209 346 665 91 674 708 253 788 224 321 272 557 851 359 250 319 1172 247 270 201 203 331 213 399 226 190 217 306 183 164 496 176 256 449 171 202 546 185 426 467 505 224 185 165 130 214 455 159 559 360 400 373 910 321 209 63 371 312 349 101 248 260 332 309 122 337 703 406 286 809 135 589 458 250 246 203 239 670 336 454 386 622 335 221 184 161 196 552 32 420 718 402 416 169 148 225 785 326 176 383 133 633 123 210 21 95 276 404 525 192 211 1185 85 199 175 150 612 239 136 318 37 752 140 116 270 119 170 179 395 862 372 80 477 435 515 676 19 686 485 20 59 607 449 545 214 439 225 36 434 448 3 3 1 155 140 1 1 1 1
tw,867,3,True,663 2735 1790 804 1035 2832 1905 1710 1712 2801 1063 1175 1867 495 3257 2446 1052 713 868 920 992 2423 1829 1157 2104 2085 772 693 379 1030 641 2386 1820 1915 1115 1990 869 1502 1284 556 607 617 521 767 801 1160 529 538 189 678 803 413 1081 1062 651 374 357 730 1775 485 331 630 564 172 522 1605 1339 268 757 267 558 195 474 417 446 469 415 371 495 611 239 135 255 1262 572 530 150 206 364 465 218 73 328 357 861 340 531 125 82 253 156 493 549 305 182 329 143 637 341 261 484 357 430 302 214 276 515 334 313 69 580 624 440 327 505 381 289 491 119 343 564 325 279 486 205 205 237 314 649 101 732 321 262 251 202 542 183 234 233 306 260 56 105 170 212 138 235 239 66 98 144 298 76 89 318 145 291 81 82 69 24 228 59 262 158 23 10 16 55 27
ua,620,16,False,1434 1627 1008 496 1012 854 755 640 699 977 769 1122 782 835 707 692 556 513 574 652 522 1284 593 384 541 643 855 321 495 543 470 555 412 671 374 398 279 410 341 564 337 306 257 344 550 343 366 343 340 436 401 371 333 279 413 280 258 281 339 299 331 335 350 348 220 200 378 290 224 267 175 178 195 263 254 121 240 217 263 237 180 133 223 139 175 207 368 291 140 99 280 67 145 83 144 220 147 231 183 147 318 130 198 145 103 78 78 107 107 283 89 123 167 103 111 136 242 91 112 102 56 69 46 88 82 115 110 159 128 71 84 93 84 71 61 111 33 55 27 29 40 42 4 4 2 2 1 1
us,865,2,True,2367 1293 1848 1131 1411 1749 1866 872 896 985 694 1223 779 836 1313 846 1348 773 1078 1678 850 1313 1395 1098 1217 902 817 1046 612 1327 600 504 842 634 1382 1253 1187 651 1529 601 663 508 476 633 862 399 545 564 466 603 349 562 1332 699 710 543 607 653 656 407 613 559 527 456 438 474 549 449 603 469 363 618 607 963 559 590 455 463 373 536 547 424 467 508 396 520 553 609 417 493 516 431 401 421 348 411 478 644 626 622 330 485 525 517 451 467 636 443 491 291 344 402 286 257 654 314 604 270 518 400 569 487 317 241 555 375 329 282 184 225 231 475 545 312 401 415 271 391 435 414 491 236 229 543 336 284 425 299 792 227 212 248 333 249 280 323 261 404 239 274 224 167 235 291 237 301 235 223 201 139 240 244 531 216 317 132 175 297 168 204 278 277 120 235 343 196 111 125 452 126 163 225 250 248 237 186 228 548 175 179 261 207 478 157 170 160 129 147 209 206 189 175 458 179 134 126 167 195 347 160 137 196 138 137 111 136 173 161 98 120 115 86 123 95 166 132 118 138 120 291 234 140 145 123 120 151 77 114 85 101 103 286 73 60 70 75 69 123 74 74 113 54 80 101 54 59 103 96 61 68 71 52 261 54 53 52 46 66 24 42 38 28 34 37 30 27 33 46 38 51 20 6 30 19 21 16 32 18 5 12 16 19 16 7
uy,354,68,False,1360 960 951 664 1352 922 780 587 687 747 832 777 647 738 611 759 686 335 519 850 532 626 461 1210 554 634 476 434 763 856 605 675 661 387 564 633 644 713 757 848 597 376 557 387 730 485 490 723 390 562 1434 330 630 561 400 638 878 308 516 460 431 523 427 606 258 400 321 374 245 461 545 300 277 528 494 595 309 327 361 546 375 557 511 417 537 146 322 561 467 231 597 298 658 596 343 349 465 318 262 544 396 205 210 209 292 239 245 490 299 130 504 515 157 340 343 126 366 153 371 429 512 263 247 367 147 245 238 123 351 318 216 576 140 177 176 197 96 210 185 312 68 440 257 225 685 542 318 473 529 90 457 431 370 411 525 500 573 420 28 353 45 290 410 406 247 77 82 214 257 169 186 198 82 22 64 154 148 104 53 92 4 55 1
ve,487,25,False,777 1035 680 1401 588 634 337 1112 195 889 1509 832 1051 1339 926 1122 788 741 957 905 685 503 776 634 633 636 666 661 1188 687 607 622 590 523 944 464 870 983 273 830 500 471 546 419 458 367 411 476 364 223 295 220 318 184 351 378 170 180 176 143 143 51 29 115 32 12 7 12 8 5 22 4 3 1
vn,483,48,False,1168 1032 545 529 1309 1564 2109 845 1557 1969 1905 678 915 508 1797 1017 1566 2913 1972 1682 195 2176 1662 473 984 546 595 666 982 1210 2005 206 989 104 226 1231 1336 345 370 237 1415 357 105 282 929 586 421 279 772 320 248 905 1075 1041 1165 691 283 155 736 382 441 467 444 893 488 230 124 899 260 69 729 171 361 1098 899 523 583 474 475 549 1167 426 130 252 452 65 499 230 166 708 1099 478 235 170 500 61 650 205 164 563 435 133 823 510 863 910 432 480 465 650 280 262 123 397 933 220 238 76 461 802 136 25 229 447 441 149 225 241 708 26 144 66 712 32 118 20 765 121 14 19 32 179 99 243 563 532 317 67 163 33 111 66 14 365 46 209 18 105 404 130 48 348 75 139 344 468 24 375 276 167 122 86 81 9 16 24 97 65 1 115 11 3 45 51 3 3
za,751,2,False,406 686 475 707 424 314 418 505 419 1439 619 426 469 279 559 147 308 438 1155 255 230 225 269 180 323 337 296 613 227 1512 256 333 219 328 461 280 174 632 361 772 1160 857 390 403 261 685 445 655 660 218 429 83 92 426 585 1106 172 368 938 139 380 77 226 139 133 438 962 386 333 616 593 616 571 271 613 618 214 545 359 465 301 290 43 680 64 396 270 390 649 258 679 88 323 303 98 244 396 100 164 362 361 425 248 183 360 253 164 52 60 379 197 113 49 452 199 324 198 146 197 153 282 74 181 198 136 168 163 220 96 26 114 120 29 110 110 23 88 142 90 72 34 47 41 69 52 62 7 82 8 24 62 21 46 59 26 49 25 32 34 18 8 30 19 16
