artist,country,days,still,song_lang,country_lang,log_days,same
harry-styles,ae,1533,True,en,other,7.334981878871814,0
harry-styles,ar,766,False,en,es,6.641182169740591,0
harry-styles,at,873,False,en,other,6.771935555839602,0
harry-styles,au,1277,False,en,en,7.152268856032539,1
harry-styles,be,1187,False,en,other,7.079184394609668,0
harry-styles,bg,686,False,en,other,6.530877627725885,0
harry-styles,bo,991,False,en,es,6.898714534329988,0
harry-styles,br,827,False,en,other,6.717804695023691,0
harry-styles,by,339,False,en,other,5.82600010738045,0
harry-styles,ca,1104,False,en,en,7.00669522683704,1
harry-styles,ch,1131,False,en,other,7.030857476116121,0
harry-styles,cl,840,False,en,es,6.733401891837359,0
harry-styles,co,811,False,en,es,6.698268054115413,0
harry-styles,cr,842,False,en,es,6.7357800142423265,0
harry-styles,cz,886,False,en,other,6.786716950605081,0
harry-styles,de,760,False,en,other,6.633318433280377,0
harry-styles,dk,724,False,en,other,6.584791392385716,0
harry-styles,do,638,False,en,es,6.45833828334479,0
harry-styles,ec,842,False,en,es,6.7357800142423265,0
harry-styles,ee,847,False,en,other,6.741700694652055,0
harry-styles,eg,404,False,en,other,6.0014148779611505,0
harry-styles,es,757,False,en,es,6.6293632534374485,0
harry-styles,fi,530,False,en,other,6.272877006546167,0
harry-styles,fr,883,False,en,other,6.78332520060396,0
harry-styles,gb,1152,False,en,en,7.049254841255837,1
harry-styles,gr,572,False,en,other,6.349138991379798,0
harry-styles,gt,782,False,en,es,6.661854740545311,0
harry-styles,hk,805,False,en,en,6.690842277418564,1
harry-styles,hn,851,False,en,es,6.7464121285733745,0
harry-styles,hu,819,False,en,other,6.70808408385307,0
harry-styles,id,646,False,en,other,6.470799503782602,0
harry-styles,ie,1111,False,en,en,7.01301578963963,1
harry-styles,il,922,False,en,other,6.826545223556594,0
harry-styles,in,442,False,en,en,6.091309882077698,1
harry-styles,is,802,False,en,other,6.687108607866515,0
harry-styles,it,604,False,en,other,6.403574197934815,0
harry-styles,jp,236,False,en,other,5.4638318050256105,0
harry-styles,kr,943,False,en,ko,6.849066282633458,0
harry-styles,kz,656,False,en,other,6.486160788944089,0
harry-styles,lt,900,False,en,other,6.802394763324311,0
harry-styles,lu,754,False,en,other,6.625392368007956,0
harry-styles,lv,915,False,en,other,6.818924065275521,0
harry-styles,ma,451,False,en,other,6.111467339502679,0
harry-styles,mx,867,False,en,es,6.7650389767805414,0
harry-styles,my,887,False,en,other,6.787844982309579,0
harry-styles,ng,300,False,en,en,5.703782474656201,1
harry-styles,ni,815,False,en,es,6.703188113240863,0
harry-styles,nl,1010,False,en,other,6.917705609835305,0
harry-styles,no,835,False,en,other,6.727431724850855,0
harry-styles,nz,1132,False,en,en,7.0317412587631285,1
harry-styles,pa,933,False,en,es,6.838405200847344,0
harry-styles,pe,1012,False,en,es,6.919683849847411,0
harry-styles,ph,702,False,en,en,6.553933404025811,1
harry-styles,pk,438,False,en,en,6.082218910376446,1
harry-styles,pl,750,False,en,other,6.620073206530356,0
harry-styles,pt,1099,False,en,other,7.002155954403621,0
harry-styles,py,740,False,en,es,6.606650186198215,0
harry-styles,ro,649,False,en,other,6.47543271670409,0
harry-styles,sa,1097,True,en,other,7.00033446027523,0
harry-styles,se,699,False,en,other,6.54965074223381,0
harry-styles,sg,1266,True,en,en,7.143617602704121,1
harry-styles,sk,822,False,en,other,6.71174039505618,0
harry-styles,sv,857,False,en,es,6.75343791859778,0
harry-styles,th,536,False,en,other,6.284134161070802,0
harry-styles,tr,184,False,en,other,5.214935757608986,0
harry-styles,tw,679,False,en,other,6.520621127558696,0
harry-styles,ua,626,False,en,other,6.439350371100098,0
harry-styles,us,850,False,en,en,6.745236349484363,1
harry-styles,uy,726,False,en,es,6.587550014824796,0
harry-styles,ve,830,False,en,es,6.721425700790643,0
harry-styles,vn,375,False,en,other,5.926926025970411,0
harry-styles,za,772,False,en,en,6.648984550024776,1
taylor-swift,ae,1244,False,en,other,7.126087273299125,0
taylor-swift,ar,251,False,en,es,5.5254529391317835,0
taylor-swift,at,516,False,en,other,6.246106765481563,0
taylor-swift,au,1071,False,en,en,6.976348070447749,1
taylor-swift,be,501,False,en,other,6.2166061010848646,0
taylor-swift,bg,307,False,en,other,5.726847747587197,0
taylor-swift,bo,104,False,en,es,4.6443908991413725,0
taylor-swift,br,299,False,en,other,5.700443573390687,0
taylor-swift,ca,999,False,en,en,6.906754778648554,1
taylor-swift,ch,565,False,en,other,6.336825731146441,0
taylor-swift,cl,172,False,en,es,5.147494476813453,0
taylor-swift,co,2,False,en,es,0.6931471805599453,0
taylor-swift,cr,219,False,en,es,5.389071729816501,0
taylor-swift,cz,444,False,en,other,6.095824562432225,0
taylor-swift,de,488,False,en,other,6.1903154058531475,0
taylor-swift,dk,475,False,en,other,6.163314804034641,0
taylor-swift,do,177,False,en,es,5.176149732573829,0
taylor-swift,ec,76,False,en,es,4.330733340286331,0
taylor-swift,ee,449,False,en,other,6.1070228877422545,0
taylor-swift,es,311,False,en,es,5.739792912179234,0
taylor-swift,fi,315,False,en,other,5.752572638825633,0
taylor-swift,fr,331,False,en,other,5.802118375377063,0
taylor-swift,gb,891,False,en,en,6.792344427470809,1
taylor-swift,gr,123,False,en,other,4.812184355372417,0
taylor-swift,gt,9,False,en,es,2.1972245773362196,0
taylor-swift,hk,1236,False,en,en,7.119635638017636,1
taylor-swift,hn,230,False,en,es,5.438079308923196,0
taylor-swift,hu,383,False,en,other,5.948034989180646,0
taylor-swift,id,602,False,en,other,6.400257445308821,0
taylor-swift,ie,950,False,en,en,6.856461984594587,1
taylor-swift,il,405,False,en,other,6.003887067106539,0
taylor-swift,in,152,False,en,en,5.0238805208462765,1
taylor-swift,is,421,False,en,other,6.042632833682381,0
taylor-swift,it,133,False,en,other,4.890349128221754,0
taylor-swift,jp,502,False,en,other,6.218600119691729,0
taylor-swift,kr,1053,False,en,ko,6.959398512133975,0
taylor-swift,kz,3,False,en,other,1.0986122886681098,0
taylor-swift,lt,324,False,en,other,5.780743515792329,0
taylor-swift,lu,421,False,en,other,6.042632833682381,0
taylor-swift,lv,413,False,en,other,6.023447592961033,0
taylor-swift,ma,11,False,en,other,2.3978952727983707,0
taylor-swift,mx,247,False,en,es,5.5093883366279774,0
taylor-swift,my,1042,False,en,other,6.948897222313312,0
taylor-swift,ni,206,False,en,es,5.327876168789581,0
taylor-swift,nl,444,False,en,other,6.095824562432225,0
taylor-swift,no,479,False,en,other,6.171700597410915,0
taylor-swift,nz,884,False,en,en,6.784457062637643,1
taylor-swift,pa,375,False,en,es,5.926926025970411,0
taylor-swift,pe,237,False,en,es,5.4680601411351315,0
taylor-swift,ph,1369,False,en,en,7.221835825288449,1
taylor-swift,pk,165,False,en,en,5.10594547390058,1
taylor-swift,pl,265,False,en,other,5.579729825986222,0
taylor-swift,pt,548,False,en,other,6.306275286948016,0
taylor-swift,py,221,False,en,es,5.3981627015177525,0
taylor-swift,ro,202,False,en,other,5.308267697401205,0
taylor-swift,sa,545,False,en,other,6.300785794663244,0
taylor-swift,se,473,False,en,other,6.159095388491933,0
taylor-swift,sg,1517,True,en,en,7.324489979348532,1
taylor-swift,sk,432,False,en,other,6.068425588244111,0
taylor-swift,sv,217,False,en,es,5.37989735354046,0
taylor-swift,th,859,False,en,other,6.755768921984255,0
taylor-swift,tr,1,False,en,other,0.0,0
taylor-swift,tw,1158,False,en,other,7.05444965813294,0
taylor-swift,us,902,False,en,en,6.804614520062624,1
taylor-swift,uy,264,False,en,es,5.575949103146316,0
taylor-swift,ve,253,False,en,es,5.53338948872752,0
taylor-swift,vn,514,False,en,other,6.2422232654551655,0
taylor-swift,za,328,False,en,en,5.793013608384144,1
bts,ae,821,False,ko,other,6.710523109452428,0
bts,ar,341,False,ko,es,5.831882477283517,0
bts,at,274,False,ko,other,5.6131281063880705,0
bts,au,336,False,ko,en,5.817111159963204,0
bts,be,348,False,ko,other,5.8522024797744745,0
bts,bg,195,False,ko,other,5.272999558563747,0
bts,bo,445,False,ko,es,6.09807428216624,0
bts,br,336,False,ko,other,5.817111159963204,0
bts,by,8,False,ko,other,2.0794415416798357,0
bts,ca,379,False,ko,en,5.937536205082426,0
bts,ch,282,False,ko,other,5.641907070938114,0
bts,cl,346,False,ko,es,5.846438775057725,0
bts,co,533,False,ko,es,6.278521424165844,0
bts,cr,355,False,ko,es,5.872117789475416,0
bts,cz,259,False,ko,other,5.556828061699537,0
bts,de,271,False,ko,other,5.602118820879701,0
bts,dk,190,False,ko,other,5.247024072160486,0
bts,do,464,False,ko,es,6.139884552226255,0
bts,ec,423,False,ko,es,6.0473721790462776,0
bts,ee,143,False,ko,other,4.962844630259907,0
bts,eg,350,False,ko,other,5.857933154483459,0
bts,es,291,False,ko,es,5.673323267171493,0
bts,fi,179,False,ko,other,5.187385805840755,0
bts,fr,213,False,ko,other,5.3612921657094255,0
bts,gb,217,False,ko,en,5.37989735354046,0
bts,gr,222,False,ko,other,5.402677381872279,0
bts,gt,386,False,ko,es,5.955837369464831,0
bts,hk,818,False,ko,en,6.706862336602747,0
bts,hn,430,False,ko,es,6.063785208687608,0
bts,hu,343,False,ko,other,5.8377304471659395,0
bts,id,573,False,ko,other,6.35088571671474,0
bts,ie,249,False,ko,en,5.517452896464707,0
bts,il,198,False,ko,other,5.288267030694535,0
bts,in,744,False,ko,en,6.612041034833092,0
bts,is,122,False,ko,other,4.804021044733257,0
bts,it,265,False,ko,other,5.579729825986222,0
bts,jp,1634,False,ko,other,7.3987862754199485,0
bts,kr,1253,False,ko,ko,7.133295954896068,1
bts,kz,29,False,ko,other,3.367295829986474,0
bts,lt,310,False,ko,other,5.736572297479192,0
bts,lu,16,False,ko,other,2.772588722239781,0
bts,lv,195,False,ko,other,5.272999558563747,0
bts,ma,762,False,ko,other,6.635946555686647,0
bts,mx,365,False,ko,es,5.8998973535824915,0
bts,my,756,False,ko,other,6.628041376179533,0
bts,ni,421,False,ko,es,6.042632833682381,0
bts,nl,209,False,ko,other,5.342334251964811,0
bts,no,188,False,ko,other,5.236441962829949,0
bts,nz,364,False,ko,en,5.8971538676367405,0
bts,pa,650,False,ko,es,6.476972362889683,0
bts,pe,551,False,ko,es,6.311734809152915,0
bts,ph,756,False,ko,en,6.628041376179533,0
bts,pk,262,False,ko,en,5.568344503761097,0
bts,pl,208,False,ko,other,5.337538079701318,0
bts,pt,334,False,ko,other,5.811140992976701,0
bts,py,385,False,ko,es,5.953243334287785,0
bts,ro,370,False,ko,other,5.91350300563827,0
bts,ru,354,False,ko,other,5.869296913133774,0
bts,sa,543,False,ko,other,6.297109319933935,0
bts,se,154,False,ko,other,5.0369526024136295,0
bts,sg,938,False,ko,en,6.843749949006225,0
bts,sk,284,False,ko,other,5.648974238161206,0
bts,sv,449,False,ko,es,6.1070228877422545,0
bts,th,708,False,ko,other,6.56244409369372,0
bts,tr,104,False,ko,other,4.6443908991413725,0
bts,tw,803,False,ko,other,6.688354713946762,0
bts,ua,318,False,ko,other,5.762051382780177,0
bts,us,332,False,ko,en,5.805134968916488,0
bts,uy,315,False,ko,es,5.752572638825633,0
bts,ve,208,False,ko,es,5.337538079701318,0
bts,vn,982,False,ko,other,6.889591308354466,0
bts,za,349,False,ko,en,5.855071922202427,0
bad-bunny,ae,402,False,es,other,5.996452088619021,0
bad-bunny,ar,633,True,es,es,6.450470422144176,1
bad-bunny,at,527,True,es,other,6.267200548541362,0
bad-bunny,au,108,False,es,en,4.68213122712422,0
bad-bunny,be,603,True,es,other,6.401917196727186,0
bad-bunny,bg,80,False,es,other,4.382026634673881,0
bad-bunny,bo,634,True,es,es,6.452048954437226,1
bad-bunny,br,120,False,es,other,4.787491742782046,0
bad-bunny,by,18,False,es,other,2.8903717578961645,0
bad-bunny,ca,428,False,es,en,6.059123195581797,0
bad-bunny,ch,632,True,es,other,6.448889394146858,0
bad-bunny,cl,631,True,es,es,6.447305862541213,1
bad-bunny,co,634,True,es,es,6.452048954437226,1
bad-bunny,cr,634,True,es,es,6.452048954437226,1
bad-bunny,cz,105,False,es,other,4.653960350157523,0
bad-bunny,de,459,True,es,other,6.129050210060545,0
bad-bunny,dk,105,False,es,other,4.653960350157523,0
bad-bunny,do,634,True,es,es,6.452048954437226,1
bad-bunny,ec,634,True,es,es,6.452048954437226,1
bad-bunny,ee,360,False,es,other,5.886104031450156,0
bad-bunny,es,634,True,es,es,6.452048954437226,1
bad-bunny,fi,74,False,es,other,4.30406509320417,0
bad-bunny,fr,616,False,es,other,6.423246963533519,0
bad-bunny,gb,141,False,es,en,4.948759890378168,0
bad-bunny,gr,135,False,es,other,4.90527477843843,0
bad-bunny,gt,634,True,es,es,6.452048954437226,1
bad-bunny,hk,73,False,es,en,4.290459441148391,0
bad-bunny,hn,634,True,es,es,6.452048954437226,1
bad-bunny,hu,267,False,es,other,5.58724865840025,0
bad-bunny,ie,210,False,es,en,5.3471075307174685,0
bad-bunny,il,427,False,es,other,6.056784013228625,0
bad-bunny,is,209,False,es,other,5.342334251964811,0
bad-bunny,it,631,True,es,other,6.447305862541213,0
bad-bunny,kr,14,False,es,ko,2.6390573296152584,0
bad-bunny,kz,38,False,es,other,3.6375861597263857,0
bad-bunny,lt,394,True,es,other,5.976350909297934,0
bad-bunny,lu,601,True,es,other,6.398594934535208,0
bad-bunny,lv,232,False,es,other,5.44673737166631,0
bad-bunny,ma,167,False,es,other,5.117993812416755,0
bad-bunny,mx,634,True,es,es,6.452048954437226,1
bad-bunny,my,39,False,es,other,3.6635616461296463,0
bad-bunny,ni,634,True,es,es,6.452048954437226,1
bad-bunny,nl,389,False,es,other,5.963579343618446,0
bad-bunny,no,109,False,es,other,4.6913478822291435,0
bad-bunny,nz,101,False,es,en,4.61512051684126,0
bad-bunny,pa,634,True,es,es,6.452048954437226,1
bad-bunny,pe,634,True,es,es,6.452048954437226,1
bad-bunny,ph,28,False,es,en,3.332204510175204,0
bad-bunny,pk,5,False,es,en,1.6094379124341003,0
bad-bunny,pl,231,False,es,other,5.442417710521793,0
bad-bunny,pt,633,True,es,other,6.450470422144176,0
bad-bunny,py,634,True,es,es,6.452048954437226,1
bad-bunny,ro,167,False,es,other,5.117993812416755,0
bad-bunny,sa,65,False,es,other,4.174387269895637,0
bad-bunny,se,246,False,es,other,5.5053315359323625,0
bad-bunny,sg,132,False,es,en,4.882801922586371,0
bad-bunny,sk,346,False,es,other,5.846438775057725,0
bad-bunny,sv,634,True,es,es,6.452048954437226,1
bad-bunny,tr,11,False,es,other,2.3978952727983707,0
bad-bunny,tw,27,False,es,other,3.295836866004329,0
bad-bunny,ua,32,False,es,other,3.4657359027997265,0
bad-bunny,us,633,True,es,en,6.450470422144176,0
bad-bunny,uy,633,True,es,es,6.450470422144176,1
bad-bunny,ve,634,True,es,es,6.452048954437226,1
bad-bunny,za,18,False,es,en,2.8903717578961645,0
billie-eilish,ae,867,True,en,other,6.7650389767805414,0
billie-eilish,ar,446,False,en,es,6.100318952020064,0
billie-eilish,at,806,False,en,other,6.692083742506628,0
billie-eilish,au,868,True,en,en,6.7661917146603505,1
billie-eilish,be,771,False,en,other,6.647688373563329,0
billie-eilish,bg,518,False,en,other,6.249975242259483,0
billie-eilish,bo,570,False,en,es,6.345636360828596,0
billie-eilish,br,558,False,en,other,6.324358962381311,0
billie-eilish,ca,864,True,en,en,6.761572768804055,1
billie-eilish,ch,780,False,en,other,6.659293919683638,0
billie-eilish,cl,537,False,en,es,6.285998094508865,0
billie-eilish,co,340,False,en,es,5.8289456176102075,0
billie-eilish,cr,570,False,en,es,6.345636360828596,0
billie-eilish,cz,727,False,en,other,6.588926477533519,0
billie-eilish,de,737,False,en,other,6.602587892189336,0
billie-eilish,dk,799,False,en,other,6.683360945766275,0
billie-eilish,do,561,False,en,es,6.329720905522696,0
billie-eilish,ec,397,False,en,es,5.983936280687191,0
billie-eilish,ee,736,False,en,other,6.601230118728877,0
billie-eilish,eg,403,False,en,other,5.998936561946683,0
billie-eilish,es,421,False,en,es,6.042632833682381,0
billie-eilish,fi,532,False,en,other,6.2766434893416445,0
billie-eilish,fr,635,False,en,other,6.453624998892692,0
billie-eilish,gb,866,True,en,en,6.763884908562435,1
billie-eilish,gr,499,False,en,other,6.212606095751519,0
billie-eilish,gt,472,False,en,es,6.156978985585555,0
billie-eilish,hk,867,True,en,en,6.7650389767805414,1
billie-eilish,hn,562,False,en,es,6.331501849893691,0
billie-eilish,hu,630,False,en,other,6.4457198193855785,0
billie-eilish,id,851,True,en,other,6.7464121285733745,0
billie-eilish,ie,758,False,en,en,6.630683385642372,1
billie-eilish,il,682,False,en,other,6.525029657843462,0
billie-eilish,in,12,False,en,en,2.4849066497880004,1
billie-eilish,is,761,False,en,other,6.634633357861686,0
billie-eilish,it,419,False,en,other,6.037870919922137,0
billie-eilish,jp,213,False,en,other,5.3612921657094255,0
billie-eilish,kr,666,False,en,ko,6.501289670540389,0
billie-eilish,kz,683,False,en,other,6.52649485957079,0
billie-eilish,lt,832,True,en,other,6.723832440821209,0
billie-eilish,lu,699,False,en,other,6.54965074223381,0
billie-eilish,lv,846,True,en,other,6.740519359606223,0
billie-eilish,ma,567,False,en,other,6.340359303727752,0
billie-eilish,mx,507,False,en,es,6.2285110035911835,0
billie-eilish,my,867,True,en,other,6.7650389767805414,0
billie-eilish,ng,87,False,en,en,4.465908118654584,1
billie-eilish,ni,450,False,en,es,6.1092475827643655,0
billie-eilish,nl,733,False,en,other,6.597145701886651,0
billie-eilish,no,705,False,en,other,6.558197802812269,0
billie-eilish,nz,862,True,en,en,6.759255270663693,1
billie-eilish,pa,722,False,en,es,6.582025138892826,0
billie-eilish,pe,650,False,en,es,6.476972362889683,0
billie-eilish,ph,865,True,en,en,6.762729506931879,1
billie-eilish,pk,413,False,en,en,6.023447592961033,1
billie-eilish,pl,667,False,en,other,6.502790045915623,0
billie-eilish,pt,867,True,en,other,6.7650389767805414,0
billie-eilish,py,413,False,en,es,6.023447592961033,0
billie-eilish,ro,503,False,en,other,6.220590170099739,0
billie-eilish,sa,867,True,en,other,6.7650389767805414,0
billie-eilish,se,737,False,en,other,6.602587892189336,0
billie-eilish,sg,867,True,en,en,6.7650389767805414,1
billie-eilish,sk,786,False,en,other,6.666956792429207,0
billie-eilish,sv,556,False,en,es,6.320768294250582,0
billie-eilish,th,862,True,en,other,6.759255270663693,0
billie-eilish,tr,18,False,en,other,2.8903717578961645,0
billie-eilish,tw,867,True,en,other,6.7650389767805414,0
billie-eilish,ua,620,False,en,other,6.429719478039138,0
billie-eilish,us,865,True,en,en,6.762729506931879,1
billie-eilish,uy,354,False,en,es,5.869296913133774,0
billie-eilish,ve,487,False,en,es,6.18826412308259,0
billie-eilish,vn,483,False,en,other,6.180016653652572,0
billie-eilish,za,751,False,en,en,6.621405651764134,1
