jackpot_eur,N_mean,N_lo,N_hi,ev_mean,ev_lo,ev_hi,ev_jackpot_mean,ev_lower_mean
1e+07,1.60527e+07,5.86806e+06,3.27119e+07,0.603532,0.575437,0.613116,0.0675869,0.535945
1.25e+07,1.72298e+07,7.10512e+06,3.25035e+07,0.622763,0.600998,0.62937,0.084132,0.538631
1.5e+07,1.8307e+07,8.34917e+06,3.26759e+07,0.641165,0.624669,0.645696,0.100575,0.54059
1.75e+07,1.93087e+07,9.50888e+06,3.30766e+07,0.658992,0.646537,0.662093,0.116924,0.542068
2e+07,2.02505e+07,1.0584e+07,3.35843e+07,0.676398,0.667108,0.678544,0.133187,0.543211
2.25e+07,2.11435e+07,1.1601e+07,3.4195e+07,0.69348,0.686699,0.695045,0.149367,0.544113
2.5e+07,2.19957e+07,1.24585e+07,3.46109e+07,0.710305,0.705161,0.711591,0.16547,0.544835
2.75e+07,2.2813e+07,1.33655e+07,3.51994e+07,0.726921,0.722262,0.728178,0.181499,0.545422
3e+07,2.36003e+07,1.40969e+07,3.58598e+07,0.743361,0.738181,0.744801,0.197458,0.545903
3.25e+07,2.43611e+07,1.46897e+07,3.67306e+07,0.759652,0.753692,0.761456,0.213349,0.546302
3.5e+07,2.50986e+07,1.51987e+07,3.77021e+07,0.775812,0.768896,0.778142,0.229175,0.546636
3.75e+07,2.58151e+07,1.55851e+07,3.86664e+07,0.791856,0.783844,0.794854,0.244939,0.546917
4e+07,2.65129e+07,1.60172e+07,3.97928e+07,0.807797,0.798556,0.811594,0.260641,0.547156
4.25e+07,2.71935e+07,1.6381e+07,4.07526e+07,0.823645,0.81329,0.828355,0.276285,0.54736
4.5e+07,2.78586e+07,1.66613e+07,4.18816e+07,0.839407,0.827767,0.845129,0.291872,0.547535
4.75e+07,2.85094e+07,1.68433e+07,4.31336e+07,0.855089,0.842006,0.861907,0.307402,0.547686
5e+07,2.9147e+07,1.69542e+07,4.4174e+07,0.870697,0.856331,0.878701,0.322879,0.547818
5.25e+07,2.97724e+07,1.71649e+07,4.54029e+07,0.886235,0.870349,0.895502,0.338303,0.547932
5.5e+07,3.03865e+07,1.733e+07,4.67313e+07,0.901708,0.884133,0.912296,0.353675,0.548033
5.75e+07,3.09901e+07,1.75105e+07,4.8008e+07,0.917119,0.897846,0.929094,0.368998,0.548121
6e+07,3.15838e+07,1.763e+07,4.92794e+07,0.93247,0.911441,0.945882,0.38427,0.5482
6.25e+07,3.21683e+07,1.76263e+07,5.04951e+07,0.947764,0.924983,0.962656,0.399495,0.548269
6.5e+07,3.27441e+07,1.77112e+07,5.18228e+07,0.963004,0.938264,0.979418,0.414673,0.548331
6.75e+07,3.33116e+07,1.773e+07,5.30951e+07,0.978191,0.951495,0.996187,0.429804,0.548386
7e+07,3.38715e+07,1.78134e+07,5.46365e+07,0.993326,0.964236,1.01296,0.44489,0.548436
7.25e+07,3.4424e+07,1.78786e+07,5.6172e+07,1.00841,0.976846,1.02973,0.459932,0.548481
7.5e+07,3.49696e+07,1.7847e+07,5.75897e+07,1.02345,0.989492,1.04649,0.47493,0.548521
7.75e+07,3.55085e+07,1.78423e+07,5.89974e+07,1.03844,1.00203,1.0633,0.489885,0.548558
8e+07,3.60412e+07,1.78623e+07,6.03804e+07,1.05339,1.01448,1.0801,0.504798,0.548591
8.25e+07,3.6568e+07,1.77959e+07,6.17521e+07,1.06829,1.02682,1.09692,0.51967,0.548621
8.5e+07,3.7089e+07,1.77912e+07,6.31513e+07,1.08315,1.03901,1.11374,0.534501,0.548649
8.75e+07,3.76045e+07,1.78306e+07,6.45866e+07,1.09797,1.05101,1.1305,0.549292,0.548674
9e+07,3.81148e+07,1.78171e+07,6.61209e+07,1.11274,1.06273,1.1473,0.564043,0.548697
9.25e+07,3.86201e+07,1.77866e+07,6.76748e+07,1.12747,1.07429,1.16412,0.578756,0.548718
9.5e+07,3.91206e+07,1.78485e+07,6.92321e+07,1.14217,1.08571,1.18084,0.593431,0.548738
9.75e+07,3.96165e+07,1.77856e+07,7.04782e+07,1.15682,1.09757,1.1977,0.608068,0.548756
1e+08,4.0108e+07,1.77564e+07,7.22043e+07,1.17144,1.10845,1.21453,0.622668,0.548772
1.025e+08,4.05951e+07,1.77443e+07,7.37249e+07,1.18602,1.11958,1.23133,0.637232,0.548787
1.05e+08,4.10782e+07,1.77267e+07,7.50837e+07,1.20056,1.1309,1.24815,0.651759,0.548802
1.075e+08,4.15573e+07,1.77517e+07,7.65401e+07,1.21507,1.14192,1.2649,0.666252,0.548815
1.1e+08,4.20326e+07,1.77068e+07,7.81703e+07,1.22954,1.15249,1.28176,0.680709,0.548827
1.125e+08,4.25041e+07,1.76962e+07,7.96349e+07,1.24397,1.16326,1.29857,0.695132,0.548838
1.15e+08,4.29721e+07,1.76669e+07,8.12595e+07,1.25837,1.17361,1.31541,0.709521,0.548849
1.175e+08,4.34367e+07,1.76382e+07,8.2628e+07,1.27273,1.18436,1.33226,0.723876,0.548859
1.2e+08,4.38979e+07,1.76102e+07,8.42083e+07,1.28707,1.19457,1.3491,0.738198,0.548868
