draw_date,jackpot_eur,won,bin
2025-02-28,33497443.0,0,30–50
2025-03-04,41105353.0,0,30–50
2025-03-07,52111285.0,0,50–70
2025-03-11,61134145.0,0,50–70
2025-03-14,73119629.0,0,70–90
2025-03-18,84130910.0,0,70–90
2025-03-21,98140813.0,0,90–110
2025-03-25,115874581.0,1,110–120
2025-03-28,10107850.0,0,10–30
2025-04-01,17111974.0,0,10–30
2025-04-04,27106369.0,0,10–30
2025-04-08,35113752.0,0,30–50
2025-04-11,45874012.0,0,30–50
2025-04-15,54956776.0,0,50–70
2025-04-18,65993089.0,0,50–70
2025-04-22,75467568.0,0,70–90
2025-04-25,88373033.0,0,70–90
2025-04-29,101070236.0,0,90–110
2025-05-02,114167257.0,0,110–120
2025-05-06,120192955.0,0,110–120
2025-05-09,120000000.0,1,110–120
2025-05-13,10114186.0,0,10–30
2025-05-16,19107726.0,0,10–30
2025-05-20,27115793.0,0,10–30
2025-05-23,37344472.0,1,30–50
2025-05-27,10105142.0,0,10–30
2025-05-30,17600458.0,1,10–30
2025-06-03,10104424.0,0,10–30
2025-06-06,17100615.0,0,10–30
2025-06-10,22102047.0,0,10–30
2025-06-13,31104632.0,0,30–50
2025-06-17,40657588.0,1,30–50
2025-06-20,10099359.0,0,10–30
2025-06-24,15110492.0,0,10–30
2025-06-27,24110025.0,0,10–30
2025-07-01,32122188.0,0,30–50
2025-07-04,42118948.0,0,30–50
2025-07-08,50127659.0,0,50–70
2025-07-11,62126153.0,0,50–70
2025-07-15,72135255.0,0,70–90
2025-07-18,85128844.0,0,70–90
2025-07-22,97141612.0,0,90–110
2025-07-25,116632942.0,1,110–120
2025-07-29,10109927.0,0,10–30
2025-08-01,18108594.0,0,10–30
2025-08-05,26118542.0,0,10–30
2025-08-08,36553237.0,1,30–50
2025-08-12,10106546.0,0,10–30
2025-08-15,18081107.0,0,10–30
2025-08-19,23104543.0,0,10–30
2025-08-22,32089832.0,0,30–50
2025-08-26,41105927.0,0,30–50
2025-08-29,52112060.0,0,50–70
2025-09-02,61119650.0,0,50–70
2025-09-05,74119212.0,0,70–90
2025-09-09,86130205.0,0,70–90
2025-09-12,100131469.0,0,90–110
2025-09-16,116145925.0,0,110–120
2025-09-19,120154104.0,0,110–120
2025-09-23,120000000.0,1,110–120
2025-09-26,10100783.0,0,10–30
2025-09-30,18111869.0,0,10–30
2025-10-03,28106900.0,0,10–30
2025-10-07,36115869.0,0,30–50
2025-10-10,46111657.0,0,30–50
2025-10-14,56120294.0,0,50–70
2025-10-17,69169588.0,1,50–70
2025-10-21,10098572.0,0,10–30
2025-10-24,17095257.0,0,10–30
2025-10-28,24078914.0,0,10–30
2025-10-31,34109061.0,0,30–50
2025-11-04,42113324.0,0,30–50
2025-11-07,54286720.0,1,50–70
2025-11-11,10097650.0,0,10–30
2025-11-14,18095433.0,0,10–30
2025-11-18,23104742.0,0,10–30
2025-11-21,33694876.0,1,30–50
2025-11-25,10099433.0,0,10–30
2025-11-28,17098889.0,0,10–30
2025-12-02,23537055.0,1,10–30
2025-12-05,10000000.0,1,10–30
2025-12-09,10098248.0,0,10–30
2025-12-12,17096286.0,0,10–30
2025-12-16,22107334.0,0,10–30
2025-12-19,30109178.0,0,30–50
2025-12-23,39128646.0,0,30–50
2025-12-26,50101850.0,0,50–70
2025-12-30,59154107.0,0,50–70
2026-01-02,74104784.0,1,70–90
2026-01-06,10110454.0,0,10–30
2026-01-09,17104149.0,0,10–30
2026-01-13,23108905.0,0,10–30
2026-01-16,33106955.0,0,30–50
2026-01-20,42112494.0,0,30–50
2026-01-23,53723457.0,1,50–70
2026-01-27,10096514.0,0,10–30
2026-01-30,17638610.0,1,10–30
2026-02-03,10095060.0,0,10–30
2026-02-06,17090654.0,0,10–30
2026-02-10,22100583.0,0,10–30
2026-02-13,31095239.0,0,30–50
2026-02-17,41102891.0,0,30–50
2026-02-20,52101804.0,0,50–70
2026-02-24,61105527.0,0,50–70
2026-02-27,74788336.0,1,70–90
2026-03-03,10000000.0,1,10–30
2026-03-06,10089440.0,0,10–30
2026-03-10,15097366.0,0,10–30
2026-03-13,22095020.0,0,10–30
2026-03-17,30101931.0,0,30–50
2026-03-20,40097060.0,0,30–50
2026-03-24,49106353.0,0,30–50
2026-03-27,59104109.0,0,50–70
2026-03-31,70718367.0,1,70–90
2026-04-03,10000000.0,1,10–30
2026-04-07,10000000.0,1,10–30
2026-04-10,10067362.0,0,10–30
2026-04-14,14079155.0,0,10–30
2026-04-17,22094984.0,0,10–30
2026-04-21,28101710.0,0,10–30
2026-04-24,36099852.0,0,30–50
2026-04-28,45111564.0,0,30–50
2026-05-01,55102043.0,0,50–70
2026-05-05,64131937.0,0,50–70
