draw_date,main,euro,source,jackpot_eur,won,regime,weekday,main_sum
2012-03-23,"5,8,21,37,46","6,8",eonurk,,,R1: Euro 1-8,Friday,117
2012-03-30,"5,7,12,19,26","1,5",eonurk,,,R1: Euro 1-8,Friday,69
2012-04-06,"7,8,34,36,38","4,5",eonurk,,,R1: Euro 1-8,Friday,123
2012-04-13,"5,11,12,27,32","1,3",eonurk,,,R1: Euro 1-8,Friday,87
2012-04-20,"10,16,30,41,45","2,8",eonurk,,,R1: Euro 1-8,Friday,142
2012-04-27,"10,13,19,40,45","3,5",eonurk,,,R1: Euro 1-8,Friday,127
2012-05-04,"29,30,35,41,45","3,5",eonurk,,,R1: Euro 1-8,Friday,180
2012-05-11,"15,21,38,39,47","1,5",eonurk,,,R1: Euro 1-8,Friday,160
2012-05-18,"12,18,43,44,46","4,5",eonurk,,,R1: Euro 1-8,Friday,163
2012-05-25,"4,11,26,32,41","5,7",eonurk,,,R1: Euro 1-8,Friday,114
2012-06-01,"11,28,34,37,38","3,7",eonurk,,,R1: Euro 1-8,Friday,148
2012-06-08,"10,15,16,36,44","7,8",eonurk,,,R1: Euro 1-8,Friday,121
2012-06-15,"6,10,17,18,42","1,3",eonurk,,,R1: Euro 1-8,Friday,93
2012-06-22,"13,14,16,47,49","1,7",eonurk,,,R1: Euro 1-8,Friday,139
2012-06-29,"5,8,19,33,36","2,3",eonurk,,,R1: Euro 1-8,Friday,101
2012-07-06,"10,22,24,33,38","2,6",eonurk,,,R1: Euro 1-8,Friday,127
2012-07-13,"8,12,27,31,37","3,6",eonurk,,,R1: Euro 1-8,Friday,115
2012-07-20,"6,9,13,14,25","1,8",eonurk,,,R1: Euro 1-8,Friday,67
2012-07-27,"9,22,23,34,35","1,3",eonurk,,,R1: Euro 1-8,Friday,123
2012-08-03,"12,15,18,24,25","4,5",eonurk,,,R1: Euro 1-8,Friday,94
2012-08-10,"6,11,40,46,48","3,6",eonurk,,,R1: Euro 1-8,Friday,151
2012-08-17,"3,16,30,34,35","2,5",eonurk,,,R1: Euro 1-8,Friday,118
2012-08-24,"9,20,21,33,49","5,7",eonurk,,,R1: Euro 1-8,Friday,132
2012-08-31,"8,22,28,40,42","4,8",eonurk,,,R1: Euro 1-8,Friday,140
2012-09-07,"15,23,25,46,49","2,4",eonurk,,,R1: Euro 1-8,Friday,158
2012-09-14,"10,14,15,24,47","4,8",eonurk,,,R1: Euro 1-8,Friday,110
2012-09-21,"18,29,41,44,49","1,5",eonurk,,,R1: Euro 1-8,Friday,181
2012-09-28,"5,14,16,34,39","1,6",eonurk,,,R1: Euro 1-8,Friday,108
2012-10-05,"26,28,40,49,50","2,7",eonurk,,,R1: Euro 1-8,Friday,193
2012-10-12,"6,11,17,43,49","4,8",eonurk,,,R1: Euro 1-8,Friday,126
2012-10-19,"6,14,18,19,48","3,8",eonurk,,,R1: Euro 1-8,Friday,105
2012-10-26,"7,17,18,19,22","4,5",eonurk,,,R1: Euro 1-8,Friday,83
2012-11-02,"3,5,7,12,31","5,7",eonurk,,,R1: Euro 1-8,Friday,58
2012-11-09,"25,29,38,41,44","3,8",eonurk,,,R1: Euro 1-8,Friday,177
2012-11-16,"1,4,7,21,26","4,7",eonurk,,,R1: Euro 1-8,Friday,59
2012-11-23,"1,21,32,36,50","2,5",eonurk,,,R1: Euro 1-8,Friday,140
2012-11-30,"2,13,21,24,37","6,7",eonurk,,,R1: Euro 1-8,Friday,97
2012-12-07,"13,20,22,27,42","3,5",eonurk,,,R1: Euro 1-8,Friday,124
2012-12-14,"17,28,31,35,39","5,8",eonurk,,,R1: Euro 1-8,Friday,150
2012-12-21,"11,20,24,25,35","4,8",eonurk,,,R1: Euro 1-8,Friday,115
2012-12-28,"5,8,22,32,39","7,8",eonurk,,,R1: Euro 1-8,Friday,106
2013-01-04,"6,20,29,40,45","5,8",eonurk,,,R1: Euro 1-8,Friday,140
2013-01-11,"6,31,37,41,49","2,3",eonurk,,,R1: Euro 1-8,Friday,164
2013-01-18,"9,13,21,28,45","6,7",eonurk,,,R1: Euro 1-8,Friday,116
2013-01-25,"4,13,28,37,38","7,8",eonurk,,,R1: Euro 1-8,Friday,120
2013-02-01,"2,4,14,26,29","6,7",eonurk,,,R1: Euro 1-8,Friday,75
2013-02-08,"12,14,17,27,43","1,7",eonurk,,,R1: Euro 1-8,Friday,113
2013-02-15,"4,9,26,32,40","3,5",eonurk,,,R1: Euro 1-8,Friday,111
2013-02-22,"3,13,41,46,49","3,8",eonurk,,,R1: Euro 1-8,Friday,152
2013-03-01,"19,28,29,34,44","1,5",eonurk,,,R1: Euro 1-8,Friday,154
2013-03-08,"10,12,14,30,43","2,5",eonurk,,,R1: Euro 1-8,Friday,109
2013-03-15,"4,30,32,41,50","5,7",eonurk,,,R1: Euro 1-8,Friday,157
2013-03-22,"5,12,21,43,48","5,6",eonurk,,,R1: Euro 1-8,Friday,129
2013-03-29,"1,22,27,37,50","5,7",eonurk,,,R1: Euro 1-8,Friday,137
2013-04-05,"22,31,37,38,41","2,6",eonurk,,,R1: Euro 1-8,Friday,169
2013-04-12,"8,19,22,32,40","1,8",eonurk,,,R1: Euro 1-8,Friday,121
2013-04-19,"17,18,22,24,25","1,6",eonurk,,,R1: Euro 1-8,Friday,106
2013-04-26,"11,14,19,23,49","4,5",eonurk,,,R1: Euro 1-8,Friday,116
2013-05-03,"14,16,28,44,48","3,7",eonurk,,,R1: Euro 1-8,Friday,150
2013-05-10,"6,9,31,33,35","1,7",eonurk,,,R1: Euro 1-8,Friday,114
2013-05-17,"4,6,10,13,32","1,8",eonurk,,,R1: Euro 1-8,Friday,65
2013-05-24,"2,4,9,20,41","3,5",eonurk,,,R1: Euro 1-8,Friday,76
2013-05-31,"5,9,12,23,40","2,7",eonurk,,,R1: Euro 1-8,Friday,89
2013-06-07,"6,9,11,29,35","2,6",eonurk,,,R1: Euro 1-8,Friday,90
2013-06-14,"1,25,46,47,48","3,8",eonurk,,,R1: Euro 1-8,Friday,167
2013-06-21,"5,14,21,23,50","2,7",eonurk,,,R1: Euro 1-8,Friday,113
2013-06-28,"6,8,23,33,49","3,8",eonurk,,,R1: Euro 1-8,Friday,119
2013-07-05,"15,16,17,19,50","5,7",eonurk,,,R1: Euro 1-8,Friday,117
2013-07-12,"7,27,33,47,48","2,7",eonurk,,,R1: Euro 1-8,Friday,162
2013-07-19,"7,18,19,33,37","2,5",eonurk,,,R1: Euro 1-8,Friday,114
2013-07-26,"4,13,19,25,43","3,4",eonurk,,,R1: Euro 1-8,Friday,104
2013-08-02,"14,23,29,33,37","2,5",eonurk,,,R1: Euro 1-8,Friday,136
2013-08-09,"7,26,32,34,49","1,6",eonurk,,,R1: Euro 1-8,Friday,148
2013-08-16,"5,32,33,38,49","3,8",eonurk,,,R1: Euro 1-8,Friday,157
2013-08-23,"4,10,25,30,47","2,3",eonurk,,,R1: Euro 1-8,Friday,116
2013-08-30,"6,9,10,17,43","2,8",eonurk,,,R1: Euro 1-8,Friday,85
2013-09-06,"3,7,20,32,44","4,5",eonurk,,,R1: Euro 1-8,Friday,106
2013-09-13,"3,10,18,31,43","1,7",eonurk,,,R1: Euro 1-8,Friday,105
2013-09-20,"2,6,15,18,24","5,7",eonurk,,,R1: Euro 1-8,Friday,65
2013-09-27,"6,10,21,34,36","1,4",eonurk,,,R1: Euro 1-8,Friday,107
2013-10-04,"1,7,16,21,48","1,8",eonurk,,,R1: Euro 1-8,Friday,93
2013-10-11,"2,11,23,29,34","7,8",eonurk,,,R1: Euro 1-8,Friday,99
2013-10-18,"7,22,24,25,41","1,3",eonurk,,,R1: Euro 1-8,Friday,119
2013-10-25,"9,25,39,41,46","2,8",eonurk,,,R1: Euro 1-8,Friday,160
2013-11-01,"7,10,13,26,27","5,8",eonurk,,,R1: Euro 1-8,Friday,83
2013-11-08,"18,25,28,34,42","3,4",eonurk,,,R1: Euro 1-8,Friday,147
2013-11-15,"3,19,32,43,48","4,8",eonurk,,,R1: Euro 1-8,Friday,145
2013-11-22,"1,38,39,42,47","1,2",eonurk,,,R1: Euro 1-8,Friday,167
2013-11-29,"17,25,32,35,45","4,7",eonurk,,,R1: Euro 1-8,Friday,154
2013-12-06,"1,8,18,25,47","2,7",eonurk,,,R1: Euro 1-8,Friday,99
2013-12-13,"9,19,24,28,49","2,8",eonurk,,,R1: Euro 1-8,Friday,129
2013-12-20,"9,12,22,37,40","6,8",eonurk,,,R1: Euro 1-8,Friday,120
2013-12-27,"2,15,33,40,43","3,7",eonurk,,,R1: Euro 1-8,Friday,133
2014-01-03,"1,16,34,36,37","4,6",eonurk,,,R1: Euro 1-8,Friday,124
2014-01-10,"8,18,22,33,40","2,8",eonurk,,,R1: Euro 1-8,Friday,121
2014-01-17,"4,7,17,25,29","2,4",eonurk,,,R1: Euro 1-8,Friday,82
2014-01-24,"4,28,30,36,46","3,7",eonurk,,,R1: Euro 1-8,Friday,144
2014-01-31,"12,17,29,39,40","5,6",eonurk,,,R1: Euro 1-8,Friday,137
2014-02-07,"16,18,20,36,49","3,4",eonurk,,,R1: Euro 1-8,Friday,139
2014-02-14,"19,21,22,28,45","6,7",eonurk,,,R1: Euro 1-8,Friday,135
2014-02-21,"2,4,21,30,41","7,8",eonurk,,,R1: Euro 1-8,Friday,98
2014-02-28,"2,17,21,22,45","1,5",eonurk,,,R1: Euro 1-8,Friday,107
2014-03-07,"7,14,15,20,39","1,8",eonurk,,,R1: Euro 1-8,Friday,95
2014-03-14,"6,7,9,13,30","4,7",eonurk,,,R1: Euro 1-8,Friday,65
2014-03-21,"8,18,35,38,42","4,6",eonurk,,,R1: Euro 1-8,Friday,141
2014-03-28,"10,32,35,38,45","4,5",eonurk,,,R1: Euro 1-8,Friday,160
2014-04-04,"10,16,28,30,33","4,6",eonurk,,,R1: Euro 1-8,Friday,117
2014-04-11,"1,7,14,22,44","1,2",eonurk,,,R1: Euro 1-8,Friday,88
2014-04-18,"12,32,40,44,49","2,3",eonurk,,,R1: Euro 1-8,Friday,177
2014-04-25,"4,7,10,39,48","3,4",eonurk,,,R1: Euro 1-8,Friday,108
2014-05-02,"9,31,32,33,34","6,8",eonurk,,,R1: Euro 1-8,Friday,139
2014-05-09,"1,11,14,22,43","3,4",eonurk,,,R1: Euro 1-8,Friday,91
2014-05-16,"9,28,36,42,43","2,8",eonurk,,,R1: Euro 1-8,Friday,158
2014-05-23,"6,21,33,37,47","7,8",eonurk,,,R1: Euro 1-8,Friday,144
2014-05-30,"7,17,25,26,35","4,7",eonurk,,,R1: Euro 1-8,Friday,110
2014-06-06,"6,9,19,37,38","4,8",eonurk,,,R1: Euro 1-8,Friday,109
2014-06-13,"1,8,15,18,39","1,6",eonurk,,,R1: Euro 1-8,Friday,81
2014-06-20,"6,10,23,33,41","6,8",eonurk,,,R1: Euro 1-8,Friday,113
2014-06-27,"11,33,35,42,44","4,6",eonurk,,,R1: Euro 1-8,Friday,165
2014-07-04,"3,10,11,13,42","1,8",eonurk,,,R1: Euro 1-8,Friday,79
2014-07-11,"3,10,16,35,45","4,6",eonurk,,,R1: Euro 1-8,Friday,109
2014-07-18,"6,11,15,18,45","5,8",eonurk,,,R1: Euro 1-8,Friday,95
2014-07-25,"3,10,36,43,47","2,5",eonurk,,,R1: Euro 1-8,Friday,139
2014-08-01,"5,18,33,38,47","3,6",eonurk,,,R1: Euro 1-8,Friday,141
2014-08-08,"15,19,21,34,40","3,4",eonurk,,,R1: Euro 1-8,Friday,129
2014-08-15,"17,38,41,43,47","4,6",eonurk,,,R1: Euro 1-8,Friday,186
2014-08-22,"19,20,40,42,47","2,8",eonurk,,,R1: Euro 1-8,Friday,168
2014-08-29,"1,8,9,12,37","2,6",eonurk,,,R1: Euro 1-8,Friday,67
2014-09-05,"26,31,33,39,40","5,6",eonurk,,,R1: Euro 1-8,Friday,169
2014-09-12,"2,9,17,25,29","3,5",eonurk,,,R1: Euro 1-8,Friday,82
2014-09-19,"13,18,20,38,39","1,8",eonurk,,,R1: Euro 1-8,Friday,128
2014-09-26,"8,26,32,44,50","4,7",eonurk,,,R1: Euro 1-8,Friday,160
2014-10-03,"8,15,34,44,49","4,8",eonurk,,,R1: Euro 1-8,Friday,150
2014-10-10,"11,17,20,22,29","4,6",eonurk,,,R2: Euro 1-10,Friday,99
2014-10-17,"14,24,27,35,39","7,8",eonurk,,,R2: Euro 1-10,Friday,139
2014-10-24,"3,15,22,26,37","2,4",eonurk,,,R2: Euro 1-10,Friday,103
2014-10-31,"3,7,27,43,46","3,8",eonurk,,,R2: Euro 1-10,Friday,126
2014-11-07,"5,13,25,33,35","4,8",eonurk,,,R2: Euro 1-10,Friday,111
2014-11-14,"22,25,41,45,49","2,5",eonurk,,,R2: Euro 1-10,Friday,182
2014-11-21,"4,18,35,41,43","4,5",eonurk,,,R2: Euro 1-10,Friday,141
2014-11-28,"6,16,18,29,35","6,9",eonurk,,,R2: Euro 1-10,Friday,104
2014-12-05,"11,25,32,42,47","4,9",eonurk,,,R2: Euro 1-10,Friday,157
2014-12-12,"1,8,15,19,37","7,9",eonurk,,,R2: Euro 1-10,Friday,80
2014-12-19,"10,11,25,32,49","5,9",eonurk,,,R2: Euro 1-10,Friday,127
2014-12-26,"2,21,30,39,43","5,7",eonurk,,,R2: Euro 1-10,Friday,135
2015-01-02,"16,29,38,42,48","5,6",eonurk,,,R2: Euro 1-10,Friday,173
2015-01-09,"13,19,20,27,41","5,9",eonurk,,,R2: Euro 1-10,Friday,120
2015-01-16,"1,4,14,32,48","5,6",eonurk,,,R2: Euro 1-10,Friday,99
2015-01-23,"2,13,14,30,32","1,3",eonurk,,,R2: Euro 1-10,Friday,91
2015-01-30,"3,4,8,11,41","2,8",eonurk,,,R2: Euro 1-10,Friday,67
2015-02-06,"3,19,22,37,39","5,10",eonurk,,,R2: Euro 1-10,Friday,120
2015-02-13,"3,7,14,46,48","6,9",eonurk,,,R2: Euro 1-10,Friday,118
2015-02-20,"1,16,18,29,44","2,7",eonurk,,,R2: Euro 1-10,Friday,108
2015-02-27,"9,28,30,43,49","8,10",eonurk,,,R2: Euro 1-10,Friday,159
2015-03-06,"9,16,17,20,32","2,3",eonurk,,,R2: Euro 1-10,Friday,94
2015-03-13,"1,10,25,39,44","1,2",eonurk,,,R2: Euro 1-10,Friday,119
2015-03-20,"9,11,13,35,38","5,7",eonurk,,,R2: Euro 1-10,Friday,106
2015-03-27,"3,26,31,33,50","3,9",eonurk,,,R2: Euro 1-10,Friday,143
2015-04-03,"5,34,37,43,48","2,4",eonurk,,,R2: Euro 1-10,Friday,167
2015-04-10,"1,18,26,40,47","3,4",eonurk,,,R2: Euro 1-10,Friday,132
2015-04-17,"5,6,13,20,33","3,8",eonurk,,,R2: Euro 1-10,Friday,77
2015-04-24,"4,17,27,33,46","3,9",eonurk,,,R2: Euro 1-10,Friday,127
2015-05-01,"8,24,25,30,50","4,6",eonurk,,,R2: Euro 1-10,Friday,137
2015-05-08,"19,31,32,40,46","8,9",eonurk,,,R2: Euro 1-10,Friday,168
2015-05-15,"12,14,18,38,46","9,10",eonurk,,,R2: Euro 1-10,Friday,128
2015-05-22,"8,23,24,39,50","1,5",eonurk,,,R2: Euro 1-10,Friday,144
2015-05-29,"1,6,16,28,38","1,6",eonurk,,,R2: Euro 1-10,Friday,89
2015-06-05,"19,38,40,41,50","1,5",eonurk,,,R2: Euro 1-10,Friday,188
2015-06-12,"17,23,27,30,39","6,8",eonurk,,,R2: Euro 1-10,Friday,136
2015-06-19,"12,14,20,21,39","5,10",eonurk,,,R2: Euro 1-10,Friday,106
2015-06-26,"14,27,28,35,47","1,8",eonurk,,,R2: Euro 1-10,Friday,151
2015-07-03,"1,31,40,41,45","5,9",eonurk,,,R2: Euro 1-10,Friday,158
2015-07-10,"12,35,36,39,47","3,6",eonurk,,,R2: Euro 1-10,Friday,169
2015-07-17,"6,21,30,37,44","1,3",eonurk,,,R2: Euro 1-10,Friday,138
2015-07-24,"6,12,15,20,30","3,6",eonurk,,,R2: Euro 1-10,Friday,83
2015-07-31,"11,19,24,46,49","1,5",eonurk,,,R2: Euro 1-10,Friday,149
2015-08-07,"1,9,15,22,49","4,7",eonurk,,,R2: Euro 1-10,Friday,96
2015-08-14,"1,7,27,28,41","2,6",eonurk,,,R2: Euro 1-10,Friday,104
2015-08-21,"13,20,39,40,42","3,9",eonurk,,,R2: Euro 1-10,Friday,154
2015-08-28,"5,8,33,34,46","3,8",eonurk,,,R2: Euro 1-10,Friday,126
2015-09-04,"12,23,37,41,46","3,7",eonurk,,,R2: Euro 1-10,Friday,159
2015-09-11,"7,22,27,30,31","5,7",eonurk,,,R2: Euro 1-10,Friday,117
2015-09-18,"3,7,13,41,48","1,7",eonurk,,,R2: Euro 1-10,Friday,112
2015-09-25,"3,5,13,16,30","3,6",eonurk,,,R2: Euro 1-10,Friday,67
2015-10-02,"7,9,28,39,47","2,8",eonurk,,,R2: Euro 1-10,Friday,130
2015-10-09,"13,14,23,26,31","3,9",eonurk,,,R2: Euro 1-10,Friday,107
2015-10-16,"11,19,38,42,46","3,9",eonurk,,,R2: Euro 1-10,Friday,156
2015-10-23,"16,18,34,36,49","6,8",eonurk,,,R2: Euro 1-10,Friday,153
2015-10-30,"5,15,16,36,37","3,5",eonurk,,,R2: Euro 1-10,Friday,109
2015-11-06,"2,4,8,22,24","3,9",eonurk,,,R2: Euro 1-10,Friday,60
2015-11-13,"19,23,26,27,49","3,10",eonurk,,,R2: Euro 1-10,Friday,144
2015-11-20,"1,18,20,31,36","5,9",eonurk,,,R2: Euro 1-10,Friday,106
2015-11-27,"2,7,13,26,49","3,4",eonurk,,,R2: Euro 1-10,Friday,97
2015-12-04,"14,16,26,34,38","2,8",eonurk,,,R2: Euro 1-10,Friday,128
2015-12-11,"34,36,37,39,49","8,10",eonurk,,,R2: Euro 1-10,Friday,195
2015-12-18,"11,19,27,32,42","5,9",eonurk,,,R2: Euro 1-10,Friday,131
2015-12-25,"8,9,33,34,36","3,9",eonurk,,,R2: Euro 1-10,Friday,120
2016-01-01,"11,14,35,44,45","5,6",eonurk,,,R2: Euro 1-10,Friday,149
2016-01-08,"1,2,5,24,47","3,8",eonurk,,,R2: Euro 1-10,Friday,79
2016-01-15,"4,23,25,37,39","1,9",eonurk,,,R2: Euro 1-10,Friday,128
2016-01-22,"3,19,26,29,36","4,9",eonurk,,,R2: Euro 1-10,Friday,113
2016-01-29,"3,20,32,40,42","4,9",eonurk,,,R2: Euro 1-10,Friday,137
2016-02-05,"10,25,35,37,43","5,8",eonurk,,,R2: Euro 1-10,Friday,150
2016-02-12,"7,20,21,33,41","1,2",eonurk,,,R2: Euro 1-10,Friday,122
2016-02-19,"10,12,28,29,49","3,4",eonurk,,,R2: Euro 1-10,Friday,128
2016-02-26,"9,11,19,42,45","7,10",eonurk,,,R2: Euro 1-10,Friday,126
2016-03-04,"2,5,10,13,28","3,10",eonurk,,,R2: Euro 1-10,Friday,58
2016-03-11,"10,16,31,37,40","3,9",eonurk,,,R2: Euro 1-10,Friday,134
2016-03-18,"10,20,35,47,50","4,7",eonurk,,,R2: Euro 1-10,Friday,162
2016-03-25,"9,10,19,20,35","3,4",eonurk,,,R2: Euro 1-10,Friday,93
2016-04-01,"6,12,21,40,49","8,10",eonurk,,,R2: Euro 1-10,Friday,128
2016-04-08,"1,2,16,31,50","1,7",eonurk,,,R2: Euro 1-10,Friday,100
2016-04-15,"1,5,17,39,46","6,7",eonurk,,,R2: Euro 1-10,Friday,108
2016-04-22,"5,28,31,33,49","1,2",eonurk,,,R2: Euro 1-10,Friday,146
2016-04-29,"10,14,20,24,40","2,10",eonurk,,,R2: Euro 1-10,Friday,108
2016-05-06,"12,24,38,45,46","6,10",eonurk,,,R2: Euro 1-10,Friday,165
2016-05-13,"6,7,36,39,40","1,10",eonurk,,,R2: Euro 1-10,Friday,128
2016-05-20,"6,19,23,33,34","4,7",eonurk,,,R2: Euro 1-10,Friday,115
2016-05-27,"4,10,26,33,48","5,9",eonurk,,,R2: Euro 1-10,Friday,121
2016-06-03,"13,20,32,34,47","6,9",eonurk,,,R2: Euro 1-10,Friday,146
2016-06-10,"11,12,26,28,37","8,10",eonurk,,,R2: Euro 1-10,Friday,114
2016-06-17,"16,18,19,23,44","1,3",eonurk,,,R2: Euro 1-10,Friday,120
2016-06-24,"19,21,24,41,48","1,6",eonurk,,,R2: Euro 1-10,Friday,153
2016-07-01,"29,37,38,47,50","2,4",eonurk,,,R2: Euro 1-10,Friday,201
2016-07-08,"4,19,21,31,42","5,10",eonurk,,,R2: Euro 1-10,Friday,117
2016-07-15,"12,22,36,38,50","2,9",eonurk,,,R2: Euro 1-10,Friday,158
2016-07-22,"6,14,20,26,46","2,4",eonurk,,,R2: Euro 1-10,Friday,112
2016-07-29,"4,8,22,36,44","5,10",eonurk,,,R2: Euro 1-10,Friday,114
2016-08-05,"5,11,12,30,40","2,5",eonurk,,,R2: Euro 1-10,Friday,98
2016-08-12,"6,15,18,21,38","1,4",eonurk,,,R2: Euro 1-10,Friday,98
2016-08-19,"22,33,42,43,46","6,10",eonurk,,,R2: Euro 1-10,Friday,186
2016-08-26,"4,8,9,33,43","5,9",eonurk,,,R2: Euro 1-10,Friday,97
2016-09-02,"15,28,30,42,50","1,8",eonurk,,,R2: Euro 1-10,Friday,165
2016-09-09,"11,27,34,35,39","6,10",eonurk,,,R2: Euro 1-10,Friday,146
2016-09-16,"15,28,30,37,43","2,5",eonurk,,,R2: Euro 1-10,Friday,153
2016-09-23,"1,7,23,25,45","5,8",eonurk,,,R2: Euro 1-10,Friday,101
2016-09-30,"4,28,29,39,44","8,10",eonurk,,,R2: Euro 1-10,Friday,144
2016-10-07,"1,10,20,43,44","6,9",eonurk,,,R2: Euro 1-10,Friday,118
2016-10-14,"7,10,25,39,42","3,6",eonurk,,,R2: Euro 1-10,Friday,123
2016-10-21,"14,16,28,34,35","3,9",eonurk,,,R2: Euro 1-10,Friday,127
2016-10-28,"1,4,6,12,13","1,6",eonurk,,,R2: Euro 1-10,Friday,36
2016-11-04,"14,15,16,22,50","2,10",eonurk,,,R2: Euro 1-10,Friday,117
2016-11-11,"1,16,18,42,47","6,8",eonurk,,,R2: Euro 1-10,Friday,124
2016-11-18,"7,10,16,32,40","1,6",eonurk,,,R2: Euro 1-10,Friday,105
2016-11-25,"19,28,34,45,49","1,6",eonurk,,,R2: Euro 1-10,Friday,175
2016-12-02,"1,20,39,48,50","3,7",eonurk,,,R2: Euro 1-10,Friday,158
2016-12-09,"12,17,29,44,50","2,10",eonurk,,,R2: Euro 1-10,Friday,152
2016-12-16,"2,3,24,25,34","6,8",eonurk,,,R2: Euro 1-10,Friday,88
2016-12-23,"13,27,30,42,46","3,4",eonurk,,,R2: Euro 1-10,Friday,158
2016-12-30,"27,30,45,47,50","1,9",eonurk,,,R2: Euro 1-10,Friday,199
2017-01-06,"7,14,23,27,35","3,5",eonurk,,,R2: Euro 1-10,Friday,106
2017-01-13,"2,21,26,44,45","1,6",eonurk,,,R2: Euro 1-10,Friday,138
2017-01-20,"5,23,25,35,40","5,8",eonurk,,,R2: Euro 1-10,Friday,128
2017-01-27,"12,15,19,29,48","7,9",eonurk,,,R2: Euro 1-10,Friday,123
2017-02-03,"4,5,17,39,47","3,4",eonurk,,,R2: Euro 1-10,Friday,112
2017-02-10,"13,23,31,42,44","2,5",eonurk,,,R2: Euro 1-10,Friday,153
2017-02-17,"7,18,19,40,49","5,6",eonurk,,,R2: Euro 1-10,Friday,133
2017-02-24,"1,7,13,19,20","6,8",eonurk,,,R2: Euro 1-10,Friday,60
2017-03-03,"3,7,16,18,25","2,10",eonurk,,,R2: Euro 1-10,Friday,69
2017-03-10,"13,18,20,35,46","7,8",eonurk,,,R2: Euro 1-10,Friday,132
2017-03-17,"3,16,25,38,45","7,8",eonurk,,,R2: Euro 1-10,Friday,127
2017-03-24,"25,26,30,36,44","3,9",eonurk,,,R2: Euro 1-10,Friday,161
2017-03-31,"8,14,34,40,44","1,7",eonurk,,,R2: Euro 1-10,Friday,140
2017-04-07,"10,27,43,45,46","4,8",eonurk,,,R2: Euro 1-10,Friday,171
2017-04-14,"6,22,33,46,49","1,5",eonurk,,,R2: Euro 1-10,Friday,156
2017-04-21,"27,31,44,46,49","6,8",eonurk,,,R2: Euro 1-10,Friday,197
2017-04-28,"3,38,39,41,45","3,5",eonurk,,,R2: Euro 1-10,Friday,166
2017-05-05,"8,11,23,41,42","6,8",eonurk,,,R2: Euro 1-10,Friday,125
2017-05-12,"7,14,31,35,46","1,2",eonurk,,,R2: Euro 1-10,Friday,133
2017-05-19,"22,33,41,46,50","2,6",eonurk,,,R2: Euro 1-10,Friday,192
2017-05-26,"3,11,13,15,23","1,9",eonurk,,,R2: Euro 1-10,Friday,65
2017-06-02,"2,4,17,20,46","1,8",eonurk,,,R2: Euro 1-10,Friday,89
2017-06-09,"13,17,20,24,47","5,8",eonurk,,,R2: Euro 1-10,Friday,121
2017-06-16,"1,24,25,31,38","1,7",eonurk,,,R2: Euro 1-10,Friday,119
2017-06-23,"6,14,19,27,35","2,4",eonurk,,,R2: Euro 1-10,Friday,101
2017-06-30,"1,3,11,18,31","3,6",eonurk,,,R2: Euro 1-10,Friday,64
2017-07-07,"15,16,17,23,30","6,9",eonurk,,,R2: Euro 1-10,Friday,101
2017-07-14,"3,9,25,31,49","8,9",eonurk,,,R2: Euro 1-10,Friday,117
2017-07-21,"27,35,36,38,48","2,3",eonurk,,,R2: Euro 1-10,Friday,184
2017-07-28,"14,18,26,40,45","1,5",eonurk,,,R2: Euro 1-10,Friday,143
2017-08-04,"18,39,44,46,47","4,6",eonurk,,,R2: Euro 1-10,Friday,194
2017-08-11,"13,14,21,23,40","1,3",eonurk,,,R2: Euro 1-10,Friday,111
2017-08-18,"1,4,20,32,34","3,6",eonurk,,,R2: Euro 1-10,Friday,91
2017-08-25,"11,20,28,41,45","5,9",eonurk,,,R2: Euro 1-10,Friday,145
2017-09-01,"3,4,9,19,28","1,7",eonurk,,,R2: Euro 1-10,Friday,63
2017-09-08,"11,38,40,42,48","4,5",eonurk,,,R2: Euro 1-10,Friday,179
2017-09-15,"15,22,29,33,47","3,7",eonurk,,,R2: Euro 1-10,Friday,146
2017-09-22,"10,17,32,36,47","2,5",eonurk,,,R2: Euro 1-10,Friday,142
2017-09-29,"2,12,15,29,44","7,10",eonurk,,,R2: Euro 1-10,Friday,102
2017-10-06,"5,17,28,40,44","1,8",eonurk,,,R2: Euro 1-10,Friday,134
2017-10-13,"9,40,43,44,46","1,8",eonurk,,,R2: Euro 1-10,Friday,182
2017-10-20,"1,10,25,46,49","1,6",eonurk,,,R2: Euro 1-10,Friday,131
2017-10-27,"2,20,23,29,50","4,5",eonurk,,,R2: Euro 1-10,Friday,124
2017-11-03,"2,35,44,45,50","6,7",eonurk,,,R2: Euro 1-10,Friday,176
2017-11-10,"1,14,17,24,50","8,9",eonurk,,,R2: Euro 1-10,Friday,106
2017-11-17,"3,4,17,41,47","2,5",eonurk,,,R2: Euro 1-10,Friday,112
2017-11-24,"11,16,18,22,43","7,8",eonurk,,,R2: Euro 1-10,Friday,110
2017-12-01,"5,16,20,29,30","2,7",eonurk,,,R2: Euro 1-10,Friday,100
2017-12-08,"9,15,20,24,34","1,5",eonurk,,,R2: Euro 1-10,Friday,102
2017-12-15,"1,7,12,16,18","1,4",eonurk,,,R2: Euro 1-10,Friday,54
2017-12-22,"16,26,32,40,47","1,6",eonurk,,,R2: Euro 1-10,Friday,161
2017-12-29,"16,30,33,40,43","2,4",eonurk,,,R2: Euro 1-10,Friday,162
2018-01-05,"2,7,38,40,45","7,10",eonurk,,,R2: Euro 1-10,Friday,132
2018-01-12,"16,17,25,40,44","2,9",eonurk,,,R2: Euro 1-10,Friday,142
2018-01-19,"3,9,17,45,47","4,9",eonurk,,,R2: Euro 1-10,Friday,121
2018-01-26,"10,23,26,29,35","3,5",eonurk,,,R2: Euro 1-10,Friday,123
2018-02-02,"15,24,29,33,41","7,8",eonurk,,,R2: Euro 1-10,Friday,142
2018-02-09,"7,8,24,34,46","4,8",eonurk,,,R2: Euro 1-10,Friday,119
2018-02-16,"4,8,19,25,44","9,10",eonurk,,,R2: Euro 1-10,Friday,100
2018-02-23,"18,26,33,42,46","4,10",eonurk,,,R2: Euro 1-10,Friday,165
2018-03-02,"16,18,20,27,46","3,5",eonurk,,,R2: Euro 1-10,Friday,127
2018-03-09,"15,23,28,33,36","4,7",eonurk,,,R2: Euro 1-10,Friday,135
2018-03-16,"4,27,37,48,49","3,4",eonurk,,,R2: Euro 1-10,Friday,165
2018-03-23,"4,14,22,33,42","1,10",eonurk,,,R2: Euro 1-10,Friday,115
2018-03-30,"5,15,17,29,32","5,7",eonurk,,,R2: Euro 1-10,Friday,98
2018-04-06,"6,8,16,23,50","4,8",eonurk,,,R2: Euro 1-10,Friday,103
2018-04-13,"3,10,21,25,34","7,10",eonurk,,,R2: Euro 1-10,Friday,93
2018-04-20,"22,24,25,28,46","2,4",eonurk,,,R2: Euro 1-10,Friday,145
2018-04-27,"9,21,31,32,33","9,10",eonurk,,,R2: Euro 1-10,Friday,126
2018-05-04,"24,26,29,36,49","3,6",eonurk,,,R2: Euro 1-10,Friday,164
2018-05-11,"3,14,17,37,39","5,10",eonurk,,,R2: Euro 1-10,Friday,110
2018-05-18,"1,11,23,41,44","2,8",eonurk,,,R2: Euro 1-10,Friday,120
2018-05-25,"15,31,35,40,46","3,8",eonurk,,,R2: Euro 1-10,Friday,167
2018-06-01,"14,19,21,30,32","4,7",eonurk,,,R2: Euro 1-10,Friday,116
2018-06-08,"5,13,22,36,39","9,10",eonurk,,,R2: Euro 1-10,Friday,115
2018-06-15,"1,5,7,9,21","3,10",eonurk,,,R2: Euro 1-10,Friday,43
2018-06-22,"16,24,33,35,43","6,7",eonurk,,,R2: Euro 1-10,Friday,151
2018-06-29,"9,18,30,47,48","4,6",eonurk,,,R2: Euro 1-10,Friday,152
2018-07-06,"2,7,24,38,45","5,8",eonurk,,,R2: Euro 1-10,Friday,116
2018-07-13,"13,14,21,34,46","2,5",eonurk,,,R2: Euro 1-10,Friday,128
2018-07-20,"13,33,40,42,43","7,9",eonurk,,,R2: Euro 1-10,Friday,171
2018-07-27,"2,22,40,43,50","3,8",eonurk,,,R2: Euro 1-10,Friday,157
2018-08-03,"4,8,12,25,31","7,8",eonurk,,,R2: Euro 1-10,Friday,80
2018-08-10,"4,15,17,21,23","6,7",eonurk,,,R2: Euro 1-10,Friday,80
2018-08-17,"2,12,32,43,44","3,4",eonurk,,,R2: Euro 1-10,Friday,133
2018-08-24,"8,25,26,38,48","6,9",eonurk,,,R2: Euro 1-10,Friday,145
2018-08-31,"3,6,9,18,24","2,7",eonurk,,,R2: Euro 1-10,Friday,60
2018-09-07,"4,7,28,36,43","1,6",eonurk,,,R2: Euro 1-10,Friday,118
2018-09-14,"24,33,35,46,49","5,9",eonurk,,,R2: Euro 1-10,Friday,187
2018-09-21,"5,8,16,42,46","2,10",eonurk,,,R2: Euro 1-10,Friday,117
2018-09-28,"3,8,13,18,40","6,10",eonurk,,,R2: Euro 1-10,Friday,82
2018-10-05,"12,15,32,44,49","5,7",eonurk,,,R2: Euro 1-10,Friday,152
2018-10-12,"6,26,31,42,50","2,9",eonurk,,,R2: Euro 1-10,Friday,155
2018-10-19,"9,12,28,32,48","7,8",eonurk,,,R2: Euro 1-10,Friday,129
2018-10-26,"18,19,33,38,44","4,10",eonurk,,,R2: Euro 1-10,Friday,152
2018-11-02,"5,17,27,33,42","9,10",eonurk,,,R2: Euro 1-10,Friday,124
2018-11-09,"8,32,34,46,49","3,5",eonurk,,,R2: Euro 1-10,Friday,169
2018-11-16,"13,15,18,39,45","5,6",eonurk,,,R2: Euro 1-10,Friday,130
2018-11-23,"17,22,28,31,46","5,10",eonurk,,,R2: Euro 1-10,Friday,144
2018-11-30,"18,22,35,36,41","3,4",eonurk,,,R2: Euro 1-10,Friday,152
2018-12-07,"4,16,21,31,42","4,6",eonurk,,,R2: Euro 1-10,Friday,114
2018-12-14,"4,14,24,26,30","9,10",eonurk,,,R2: Euro 1-10,Friday,98
2018-12-21,"3,16,20,34,49","2,10",eonurk,,,R2: Euro 1-10,Friday,122
2018-12-28,"19,24,31,38,40","7,10",eonurk,,,R2: Euro 1-10,Friday,152
2019-01-04,"3,10,25,32,43","1,3",eonurk,,,R2: Euro 1-10,Friday,113
2019-01-11,"6,12,35,39,49","4,9",eonurk,,,R2: Euro 1-10,Friday,141
2019-01-18,"2,9,23,36,47","2,9",eonurk,,,R2: Euro 1-10,Friday,117
2019-01-25,"24,25,28,35,48","4,8",eonurk,,,R2: Euro 1-10,Friday,160
2019-02-01,"6,29,38,45,47","2,3",eonurk,,,R2: Euro 1-10,Friday,165
2019-02-08,"5,8,21,24,26","4,5",eonurk,,,R2: Euro 1-10,Friday,84
2019-02-15,"1,24,30,31,47","7,9",eonurk,,,R2: Euro 1-10,Friday,133
2019-02-22,"14,16,21,25,26","8,10",eonurk,,,R2: Euro 1-10,Friday,102
2019-03-01,"7,16,18,19,24","1,6",eonurk,,,R2: Euro 1-10,Friday,84
2019-03-08,"4,29,30,31,45","1,7",eonurk,,,R2: Euro 1-10,Friday,139
2019-03-15,"1,2,11,19,47","2,7",eonurk,,,R2: Euro 1-10,Friday,80
2019-03-22,"15,20,24,44,49","7,9",eonurk,,,R2: Euro 1-10,Friday,152
2019-03-29,"4,9,15,24,42","8,9",eonurk,,,R2: Euro 1-10,Friday,94
2019-04-05,"22,31,43,44,50","1,9",eonurk,,,R2: Euro 1-10,Friday,190
2019-04-12,"14,16,21,30,37","4,8",eonurk,,,R2: Euro 1-10,Friday,118
2019-04-19,"18,21,37,43,47","1,3",eonurk,,,R2: Euro 1-10,Friday,166
2019-04-26,"1,6,11,17,38","4,8",eonurk,,,R2: Euro 1-10,Friday,73
2019-05-03,"3,9,10,19,42","1,7",eonurk,,,R2: Euro 1-10,Friday,83
2019-05-10,"5,7,15,19,29","3,8",eonurk,,,R2: Euro 1-10,Friday,75
2019-05-17,"20,27,33,35,46","5,9",eonurk,,,R2: Euro 1-10,Friday,161
2019-05-24,"8,26,38,47,50","3,7",eonurk,,,R2: Euro 1-10,Friday,169
2019-05-31,"10,12,35,36,43","2,5",eonurk,,,R2: Euro 1-10,Friday,136
2019-06-07,"7,8,20,35,38","5,9",eonurk,,,R2: Euro 1-10,Friday,108
2019-06-14,"8,23,40,41,42","2,10",eonurk,,,R2: Euro 1-10,Friday,154
2019-06-21,"20,27,37,41,45","1,7",eonurk,,,R2: Euro 1-10,Friday,170
2019-06-28,"18,25,26,35,38","5,6",eonurk,,,R2: Euro 1-10,Friday,142
2019-07-05,"1,15,34,48,50","6,10",eonurk,,,R2: Euro 1-10,Friday,148
2019-07-12,"31,36,40,42,45","7,9",eonurk,,,R2: Euro 1-10,Friday,194
2019-07-19,"31,32,45,47,49","7,9",eonurk,,,R2: Euro 1-10,Friday,204
2019-07-26,"3,8,30,46,48","1,3",eonurk,,,R2: Euro 1-10,Friday,135
2019-08-02,"6,11,38,41,44","9,10",eonurk,,,R2: Euro 1-10,Friday,140
2019-08-09,"2,4,20,21,49","9,10",eonurk,,,R2: Euro 1-10,Friday,96
2019-08-16,"7,20,35,42,44","3,7",eonurk,,,R2: Euro 1-10,Friday,148
2019-08-23,"15,18,19,41,42","4,6",eonurk,,,R2: Euro 1-10,Friday,135
2019-08-30,"10,18,32,35,46","3,10",eonurk,,,R2: Euro 1-10,Friday,141
2019-09-06,"21,24,29,30,50","1,5",eonurk,,,R2: Euro 1-10,Friday,154
2019-09-13,"3,21,22,33,47","2,9",eonurk,,,R2: Euro 1-10,Friday,126
2019-09-20,"17,21,41,48,49","4,8",eonurk,,,R2: Euro 1-10,Friday,176
2019-09-27,"21,24,26,34,47","4,6",eonurk,,,R2: Euro 1-10,Friday,152
2019-10-04,"15,19,20,45,49","7,8",eonurk,,,R2: Euro 1-10,Friday,148
2019-10-11,"8,12,13,39,44","4,9",eonurk,,,R2: Euro 1-10,Friday,116
2019-10-18,"6,9,31,43,44","6,9",eonurk,,,R2: Euro 1-10,Friday,133
2019-10-25,"2,30,34,35,45","1,2",eonurk,,,R2: Euro 1-10,Friday,146
2019-11-01,"3,17,31,34,40","1,2",eonurk,,,R2: Euro 1-10,Friday,125
2019-11-08,"14,20,23,39,49","4,10",eonurk,,,R2: Euro 1-10,Friday,145
2019-11-15,"10,19,24,30,39","2,4",eonurk,,,R2: Euro 1-10,Friday,122
2019-11-22,"3,12,24,37,38","3,7",eonurk,,,R2: Euro 1-10,Friday,114
2019-11-29,"2,3,30,31,45","6,8",eonurk,,,R2: Euro 1-10,Friday,111
2019-12-06,"8,14,23,30,45","1,9",eonurk,,,R2: Euro 1-10,Friday,120
2019-12-13,"25,31,38,49,50","5,10",eonurk,,,R2: Euro 1-10,Friday,193
2019-12-20,"12,20,21,22,35","4,10",eonurk,,,R2: Euro 1-10,Friday,110
2019-12-27,"7,12,28,34,45","3,6",eonurk,,,R2: Euro 1-10,Friday,126
2020-01-03,"6,27,30,35,41","4,5",eonurk,,,R2: Euro 1-10,Friday,139
2020-01-10,"4,14,25,34,49","4,9",eonurk,,,R2: Euro 1-10,Friday,126
2020-01-17,"1,23,32,45,49","5,10",eonurk,,,R2: Euro 1-10,Friday,150
2020-01-24,"5,12,20,29,48","7,9",eonurk,,,R2: Euro 1-10,Friday,114
2020-01-31,"1,7,12,23,39","3,4",eonurk,,,R2: Euro 1-10,Friday,82
2020-02-07,"7,16,22,36,44","3,4",eonurk,,,R2: Euro 1-10,Friday,125
2020-02-14,"2,6,30,32,49","1,4",eonurk,,,R2: Euro 1-10,Friday,119
2020-02-21,"2,13,39,45,47","4,6",eonurk,,,R2: Euro 1-10,Friday,146
2020-02-28,"12,22,24,29,38","5,6",eonurk,,,R2: Euro 1-10,Friday,125
2020-03-06,"15,19,35,36,41","5,10",eonurk,,,R2: Euro 1-10,Friday,146
2020-03-13,"1,17,29,39,42","7,8",eonurk,,,R2: Euro 1-10,Friday,128
2020-03-20,"9,14,28,30,37","3,10",eonurk,,,R2: Euro 1-10,Friday,118
2020-03-27,"13,19,23,34,41","3,8",eonurk,,,R2: Euro 1-10,Friday,130
2020-04-03,"3,21,26,40,41","8,10",eonurk,,,R2: Euro 1-10,Friday,131
2020-04-10,"2,7,8,43,50","2,3",eonurk,,,R2: Euro 1-10,Friday,110
2020-04-17,"1,18,23,33,41","2,6",eonurk,,,R2: Euro 1-10,Friday,116
2020-04-24,"6,13,15,34,35","1,5",eonurk,,,R2: Euro 1-10,Friday,103
2020-05-01,"6,11,12,21,41","1,2",eonurk,,,R2: Euro 1-10,Friday,91
2020-05-08,"9,11,15,36,43","8,9",eonurk,,,R2: Euro 1-10,Friday,114
2020-05-15,"21,27,29,34,49","8,10",eonurk,,,R2: Euro 1-10,Friday,160
2020-05-22,"12,15,32,40,45","7,10",eonurk,,,R2: Euro 1-10,Friday,144
2020-05-29,"8,22,31,32,36","6,10",eonurk,,,R2: Euro 1-10,Friday,129
2020-06-05,"9,16,17,29,39","1,8",eonurk,,,R2: Euro 1-10,Friday,110
2020-06-12,"7,16,22,30,48","2,8",eonurk,,,R2: Euro 1-10,Friday,123
2020-06-19,"2,22,33,38,47","2,9",eonurk,,,R2: Euro 1-10,Friday,142
2020-06-26,"14,16,32,34,47","7,9",eonurk,,,R2: Euro 1-10,Friday,143
2020-07-03,"12,34,36,47,48","5,7",eonurk,,,R2: Euro 1-10,Friday,177
2020-07-10,"5,6,9,15,29","4,9",eonurk,,,R2: Euro 1-10,Friday,64
2020-07-17,"13,21,25,34,35","5,10",eonurk,,,R2: Euro 1-10,Friday,128
2020-07-24,"7,11,19,32,43","2,8",eonurk,,,R2: Euro 1-10,Friday,112
2020-07-31,"3,19,28,43,49","2,3",eonurk,,,R2: Euro 1-10,Friday,142
2020-08-07,"4,9,15,24,28","2,6",eonurk,,,R2: Euro 1-10,Friday,80
2020-08-14,"9,20,27,35,48","5,9",eonurk,,,R2: Euro 1-10,Friday,139
2020-08-21,"26,27,30,46,49","1,2",eonurk,,,R2: Euro 1-10,Friday,178
2020-08-28,"8,11,22,38,41","4,7",eonurk,,,R2: Euro 1-10,Friday,120
2020-09-04,"5,23,28,38,49","3,9",eonurk,,,R2: Euro 1-10,Friday,143
2020-09-11,"2,5,24,43,45","4,10",eonurk,,,R2: Euro 1-10,Friday,119
2020-09-18,"7,12,14,40,42","7,8",eonurk,,,R2: Euro 1-10,Friday,115
2020-09-25,"1,7,9,29,46","9,10",eonurk,,,R2: Euro 1-10,Friday,92
2020-10-02,"15,19,34,39,49","2,7",eonurk,,,R2: Euro 1-10,Friday,156
2020-10-09,"1,11,17,23,29","1,8",eonurk,,,R2: Euro 1-10,Friday,81
2020-10-16,"5,11,35,44,50","4,10",eonurk,,,R2: Euro 1-10,Friday,145
2020-10-23,"17,21,23,37,45","7,9",eonurk,,,R2: Euro 1-10,Friday,143
2020-10-30,"11,19,24,33,39","1,4",eonurk,,,R2: Euro 1-10,Friday,126
2020-11-06,"5,12,26,47,50","2,3",eonurk,,,R2: Euro 1-10,Friday,140
2020-11-13,"5,17,21,37,38","1,4",eonurk,,,R2: Euro 1-10,Friday,118
2020-11-20,"18,20,34,49,50","7,8",eonurk,,,R2: Euro 1-10,Friday,171
2020-11-27,"1,2,22,25,30","5,10",eonurk,,,R2: Euro 1-10,Friday,80
2020-12-04,"1,27,37,40,41","7,10",eonurk,,,R2: Euro 1-10,Friday,146
2020-12-11,"4,13,15,41,49","1,9",eonurk,,,R2: Euro 1-10,Friday,122
2020-12-18,"4,17,27,28,50","5,8",eonurk,,,R2: Euro 1-10,Friday,126
2020-12-25,"7,10,19,26,42","1,9",eonurk,,,R2: Euro 1-10,Friday,104
2021-01-01,"17,36,38,43,46","4,6",eonurk,,,R2: Euro 1-10,Friday,180
2021-01-08,"8,22,25,38,50","8,9",eonurk,,,R2: Euro 1-10,Friday,143
2021-01-15,"10,19,32,36,46","4,6",eonurk,,,R2: Euro 1-10,Friday,143
2021-01-22,"38,40,41,46,48","2,6",eonurk,,,R2: Euro 1-10,Friday,213
2021-01-29,"16,30,33,36,43","4,8",eonurk,,,R2: Euro 1-10,Friday,158
2021-02-05,"2,3,16,33,46","2,10",eonurk,,,R2: Euro 1-10,Friday,100
2021-02-12,"15,18,24,27,44","2,7",eonurk,,,R2: Euro 1-10,Friday,128
2021-02-19,"27,35,36,38,41","5,7",eonurk,,,R2: Euro 1-10,Friday,177
2021-02-26,"3,13,24,29,32","1,7",eonurk,,,R2: Euro 1-10,Friday,101
2021-03-05,"9,23,34,40,42","1,4",eonurk,,,R2: Euro 1-10,Friday,148
2021-03-12,"6,11,18,26,34","5,8",eonurk,,,R2: Euro 1-10,Friday,95
2021-03-19,"3,11,19,34,37","8,9",eonurk,,,R2: Euro 1-10,Friday,104
2021-03-26,"7,38,41,44,50","1,8",eonurk,,,R2: Euro 1-10,Friday,180
2021-04-02,"1,3,4,36,43","2,3",eonurk,,,R2: Euro 1-10,Friday,87
2021-04-09,"11,18,23,29,32","3,7",eonurk,,,R2: Euro 1-10,Friday,113
2021-04-16,"12,19,20,28,31","6,9",eonurk,,,R2: Euro 1-10,Friday,110
2021-04-23,"3,6,11,14,49","1,5",eonurk,,,R2: Euro 1-10,Friday,83
2021-04-30,"23,27,34,40,43","5,7",eonurk,,,R2: Euro 1-10,Friday,167
2021-05-07,"3,7,19,27,29","7,10",eonurk,,,R2: Euro 1-10,Friday,85
2021-05-14,"1,15,29,42,50","3,6",eonurk,,,R2: Euro 1-10,Friday,137
2021-05-21,"2,12,15,33,39","4,9",eonurk,,,R2: Euro 1-10,Friday,101
2021-05-28,"15,26,35,37,43","3,8",eonurk,,,R2: Euro 1-10,Friday,156
2021-06-04,"13,17,26,49,50","1,7",eonurk,,,R2: Euro 1-10,Friday,155
2021-06-11,"8,20,23,48,50","8,9",eonurk,,,R2: Euro 1-10,Friday,149
2021-06-18,"11,14,44,46,49","7,10",eonurk,,,R2: Euro 1-10,Friday,164
2021-06-25,"4,17,22,30,47","1,8",eonurk,,,R2: Euro 1-10,Friday,120
2021-07-02,"4,5,10,25,31","4,6",eonurk,,,R2: Euro 1-10,Friday,75
2021-07-09,"8,14,15,20,31","8,9",eonurk,,,R2: Euro 1-10,Friday,88
2021-07-16,"9,14,24,37,39","4,9",eonurk,,,R2: Euro 1-10,Friday,123
2021-07-23,"13,33,42,48,50","3,9",eonurk,,,R2: Euro 1-10,Friday,186
2021-07-30,"5,14,39,43,44","1,6",eonurk,,,R2: Euro 1-10,Friday,145
2021-08-06,"16,19,21,29,36","1,7",eonurk,,,R2: Euro 1-10,Friday,121
2021-08-13,"4,31,39,43,46","1,4",eonurk,,,R2: Euro 1-10,Friday,163
2021-08-20,"8,31,34,36,45","8,10",eonurk,,,R2: Euro 1-10,Friday,154
2021-08-27,"19,20,22,25,42","4,6",eonurk,,,R2: Euro 1-10,Friday,128
2021-09-03,"5,9,20,44,48","4,10",eonurk,,,R2: Euro 1-10,Friday,126
2021-09-10,"2,14,18,23,42","5,10",eonurk,,,R2: Euro 1-10,Friday,99
2021-09-17,"14,17,20,27,32","3,7",eonurk,,,R2: Euro 1-10,Friday,110
2021-09-24,"12,22,35,38,49","5,10",eonurk,,,R2: Euro 1-10,Friday,156
2021-10-01,"20,33,34,37,39","4,8",eonurk,,,R2: Euro 1-10,Friday,163
2021-10-08,"20,28,32,38,46","6,8",eonurk,,,R2: Euro 1-10,Friday,164
2021-10-15,"2,6,8,21,25","6,9",eonurk,,,R2: Euro 1-10,Friday,62
2021-10-22,"15,33,34,38,43","3,7",eonurk,,,R2: Euro 1-10,Friday,163
2021-10-29,"11,23,37,38,44","4,8",eonurk,,,R2: Euro 1-10,Friday,153
2021-11-05,"6,13,25,31,49","2,7",eonurk,,,R2: Euro 1-10,Friday,124
2021-11-12,"4,30,43,44,46","1,3",eonurk,,,R2: Euro 1-10,Friday,167
2021-11-19,"6,12,20,21,34","4,5",eonurk,,,R2: Euro 1-10,Friday,93
2021-11-26,"7,17,21,37,39","3,5",eonurk,,,R2: Euro 1-10,Friday,121
2021-12-03,"2,5,13,15,23","6,8",eonurk,,,R2: Euro 1-10,Friday,58
2021-12-10,"8,9,30,34,48","5,8",eonurk,,,R2: Euro 1-10,Friday,129
2021-12-17,"6,8,16,44,50","1,10",eonurk,,,R2: Euro 1-10,Friday,124
2021-12-24,"3,17,21,35,42","8,9",eonurk,,,R2: Euro 1-10,Friday,118
2021-12-31,"7,16,36,42,43","6,8",eonurk,,,R2: Euro 1-10,Friday,144
2022-01-07,"8,17,21,23,47","2,6",eonurk,,,R2: Euro 1-10,Friday,116
2022-01-14,"9,15,27,41,44","2,4",eonurk,,,R2: Euro 1-10,Friday,136
2022-01-21,"2,5,9,29,32","2,4",eonurk,,,R2: Euro 1-10,Friday,77
2022-01-28,"5,21,23,29,35","7,9",eonurk,,,R2: Euro 1-10,Friday,113
2022-02-04,"12,18,27,33,41","9,10",eonurk,,,R2: Euro 1-10,Friday,131
2022-02-11,"5,10,26,37,42","3,10",eonurk,,,R2: Euro 1-10,Friday,120
2022-02-18,"5,10,25,29,32","4,7",eonurk,,,R2: Euro 1-10,Friday,101
2022-02-25,"4,19,34,41,43","1,5",eonurk,,,R2: Euro 1-10,Friday,141
2022-03-04,"1,17,20,36,49","6,9",eonurk,,,R2: Euro 1-10,Friday,123
2022-03-11,"5,31,39,46,49","8,9",eonurk,,,R2: Euro 1-10,Friday,170
2022-03-18,"1,8,33,38,43","2,6",eonurk,,,R2: Euro 1-10,Friday,123
2022-03-25,"11,20,31,35,46","6,10",eonurk,,,R3: Euro 1-12 (2 draws/wk),Friday,143
2022-03-29,"10,15,18,24,39","2,11",eonurk,,,R3: Euro 1-12 (2 draws/wk),Tuesday,106
2022-04-01,"7,8,35,37,49","5,8",eonurk,,,R3: Euro 1-12 (2 draws/wk),Friday,136
2022-04-05,"9,10,28,38,48","8,12",eonurk,,,R3: Euro 1-12 (2 draws/wk),Tuesday,133
2022-04-08,"2,26,41,45,48","5,12",eonurk,,,R3: Euro 1-12 (2 draws/wk),Friday,162
2022-04-12,"19,20,24,36,41","4,5",eonurk,,,R3: Euro 1-12 (2 draws/wk),Tuesday,140
2022-04-15,"2,5,10,20,24","4,7",eonurk,,,R3: Euro 1-12 (2 draws/wk),Friday,61
2022-04-19,"3,7,15,17,35","3,4",eonurk,,,R3: Euro 1-12 (2 draws/wk),Tuesday,77
2022-04-22,"2,18,28,42,50","2,11",eonurk,,,R3: Euro 1-12 (2 draws/wk),Friday,140
2022-04-26,"10,27,32,41,49","1,9",eonurk,,,R3: Euro 1-12 (2 draws/wk),Tuesday,159
2022-04-29,"5,6,17,18,34","1,11",eonurk,,,R3: Euro 1-12 (2 draws/wk),Friday,80
2022-05-03,"6,13,22,24,30","5,10",eonurk,,,R3: Euro 1-12 (2 draws/wk),Tuesday,95
2022-05-06,"5,6,39,49,50","10,12",eonurk,,,R3: Euro 1-12 (2 draws/wk),Friday,149
2022-05-10,"3,7,34,43,50","5,10",eonurk,,,R3: Euro 1-12 (2 draws/wk),Tuesday,137
2022-05-13,"7,13,30,43,47","7,11",eonurk,,,R3: Euro 1-12 (2 draws/wk),Friday,140
2022-05-17,"2,13,41,45,50","2,3",eonurk,,,R3: Euro 1-12 (2 draws/wk),Tuesday,151
2022-05-20,"4,22,28,32,47","1,2",eonurk,,,R3: Euro 1-12 (2 draws/wk),Friday,133
2022-05-24,"25,26,40,45,47","4,5",eonurk,,,R3: Euro 1-12 (2 draws/wk),Tuesday,183
2022-05-27,"8,26,29,41,48","3,5",eonurk,,,R3: Euro 1-12 (2 draws/wk),Friday,152
2022-05-31,"14,30,37,39,50","4,12",eonurk,,,R3: Euro 1-12 (2 draws/wk),Tuesday,170
2022-06-03,"4,22,27,39,41","1,9",eonurk,,,R3: Euro 1-12 (2 draws/wk),Friday,133
2022-06-07,"5,7,45,48,49","3,8",eonurk,,,R3: Euro 1-12 (2 draws/wk),Tuesday,154
2022-06-10,"3,21,23,28,46","10,12",eonurk,,,R3: Euro 1-12 (2 draws/wk),Friday,121
2022-06-14,"11,28,30,35,50","7,8",eonurk,,,R3: Euro 1-12 (2 draws/wk),Tuesday,154
2022-06-17,"1,2,23,43,45","1,9",eonurk,,,R3: Euro 1-12 (2 draws/wk),Friday,114
2022-06-21,"6,10,17,29,49","2,5",eonurk,,,R3: Euro 1-12 (2 draws/wk),Tuesday,111
2022-06-24,"13,24,30,35,48","4,5",eonurk,,,R3: Euro 1-12 (2 draws/wk),Friday,150
2022-06-28,"2,10,23,29,50","3,10",eonurk,,,R3: Euro 1-12 (2 draws/wk),Tuesday,114
2022-07-01,"4,10,24,34,35","7,8",eonurk,,,R3: Euro 1-12 (2 draws/wk),Friday,107
2022-07-05,"7,16,28,36,43","2,11",eonurk,,,R3: Euro 1-12 (2 draws/wk),Tuesday,130
2022-07-08,"6,10,22,30,36","8,10",eonurk,,,R3: Euro 1-12 (2 draws/wk),Friday,104
2022-07-12,"3,16,26,30,47","1,2",eonurk,,,R3: Euro 1-12 (2 draws/wk),Tuesday,122
2022-07-15,"9,11,16,19,32","3,5",eonurk,,,R3: Euro 1-12 (2 draws/wk),Friday,87
2022-07-19,"20,23,24,37,43","9,10",eonurk,,,R3: Euro 1-12 (2 draws/wk),Tuesday,147
2022-07-22,"1,11,17,19,33","3,7",eonurk,,,R3: Euro 1-12 (2 draws/wk),Friday,81
2022-07-26,"1,2,7,24,25","2,5",eonurk,,,R3: Euro 1-12 (2 draws/wk),Tuesday,59
2022-07-29,"14,26,29,46,50","10,11",eonurk,,,R3: Euro 1-12 (2 draws/wk),Friday,165
2022-08-02,"6,11,39,40,47","7,8",eonurk,,,R3: Euro 1-12 (2 draws/wk),Tuesday,143
2022-08-05,"10,12,17,31,49","2,8",eonurk,,,R3: Euro 1-12 (2 draws/wk),Friday,119
2022-08-09,"23,26,36,40,44","5,10",eonurk,,,R3: Euro 1-12 (2 draws/wk),Tuesday,169
2022-08-12,"14,32,34,38,46","2,5",eonurk,,,R3: Euro 1-12 (2 draws/wk),Friday,164
2022-08-16,"4,17,32,34,49","4,9",eonurk,,,R3: Euro 1-12 (2 draws/wk),Tuesday,136
2022-08-19,"4,13,32,39,41","6,8",eonurk,,,R3: Euro 1-12 (2 draws/wk),Friday,129
2022-08-23,"2,9,18,21,39","4,10",eonurk,,,R3: Euro 1-12 (2 draws/wk),Tuesday,89
2022-08-26,"2,6,18,29,37","10,12",eonurk,,,R3: Euro 1-12 (2 draws/wk),Friday,92
2022-08-30,"18,27,41,45,49","7,9",eonurk,,,R3: Euro 1-12 (2 draws/wk),Tuesday,180
2022-09-02,"2,5,11,22,24","7,12",eonurk,,,R3: Euro 1-12 (2 draws/wk),Friday,64
2022-09-06,"6,10,11,20,38","3,9",eonurk,,,R3: Euro 1-12 (2 draws/wk),Tuesday,85
2022-09-09,"9,18,26,41,43","4,9",eonurk,,,R3: Euro 1-12 (2 draws/wk),Friday,137
2022-09-13,"20,22,26,34,40","8,12",eonurk,,,R3: Euro 1-12 (2 draws/wk),Tuesday,142
2022-09-16,"16,25,27,41,45","3,9",eonurk,,,R3: Euro 1-12 (2 draws/wk),Friday,154
2022-09-20,"2,13,22,36,40","3,5",eonurk,,,R3: Euro 1-12 (2 draws/wk),Tuesday,113
2022-09-23,"20,30,38,39,44","2,12",eonurk,,,R3: Euro 1-12 (2 draws/wk),Friday,171
2022-09-27,"15,23,26,31,44","1,8",eonurk,,,R3: Euro 1-12 (2 draws/wk),Tuesday,139
2022-09-30,"8,12,15,17,46","1,8",eonurk,,,R3: Euro 1-12 (2 draws/wk),Friday,98
2022-10-04,"17,42,43,48,49","3,7",eonurk,,,R3: Euro 1-12 (2 draws/wk),Tuesday,199
2022-10-07,"16,17,26,30,35","3,9",eonurk,,,R3: Euro 1-12 (2 draws/wk),Friday,124
2022-10-11,"7,35,36,39,47","3,8",eonurk,,,R3: Euro 1-12 (2 draws/wk),Tuesday,164
2022-10-14,"3,5,8,10,44","7,12",eonurk,,,R3: Euro 1-12 (2 draws/wk),Friday,70
2022-10-18,"13,18,24,34,50","5,6",eonurk,,,R3: Euro 1-12 (2 draws/wk),Tuesday,139
2022-10-21,"2,11,18,47,49","2,7",eonurk,,,R3: Euro 1-12 (2 draws/wk),Friday,127
2022-10-25,"17,26,35,37,39","3,4",eonurk,,,R3: Euro 1-12 (2 draws/wk),Tuesday,154
2022-10-28,"4,5,21,30,43","5,11",eonurk,,,R3: Euro 1-12 (2 draws/wk),Friday,103
2022-11-01,"18,32,39,42,44","4,7",eonurk,,,R3: Euro 1-12 (2 draws/wk),Tuesday,175
2022-11-04,"7,9,40,48,49","7,8",eonurk,,,R3: Euro 1-12 (2 draws/wk),Friday,153
2022-11-08,"15,17,23,35,38","4,9",eonurk,,,R3: Euro 1-12 (2 draws/wk),Tuesday,128
2022-11-11,"11,15,24,28,41","3,12",eonurk,,,R3: Euro 1-12 (2 draws/wk),Friday,119
2022-11-15,"1,7,11,33,48","9,12",eonurk,,,R3: Euro 1-12 (2 draws/wk),Tuesday,100
2022-11-18,"13,14,25,28,42","11,12",eonurk,,,R3: Euro 1-12 (2 draws/wk),Friday,122
2022-11-22,"11,20,23,37,46","9,11",eonurk,,,R3: Euro 1-12 (2 draws/wk),Tuesday,137
2022-11-25,"4,6,8,42,48","6,11",eonurk,,,R3: Euro 1-12 (2 draws/wk),Friday,108
2022-11-29,"9,16,32,37,46","7,12",eonurk,,,R3: Euro 1-12 (2 draws/wk),Tuesday,140
2022-12-02,"6,12,25,48,49","11,12",eonurk,,,R3: Euro 1-12 (2 draws/wk),Friday,140
2022-12-06,"8,12,37,44,47","7,10",eonurk,,,R3: Euro 1-12 (2 draws/wk),Tuesday,148
2022-12-09,"6,8,13,21,32","3,6",eonurk,,,R3: Euro 1-12 (2 draws/wk),Friday,80
2022-12-13,"3,13,33,36,47","3,11",eonurk,,,R3: Euro 1-12 (2 draws/wk),Tuesday,132
2022-12-16,"9,14,15,20,47","8,12",eonurk,,,R3: Euro 1-12 (2 draws/wk),Friday,105
2022-12-20,"6,11,26,43,49","5,8",eonurk,,,R3: Euro 1-12 (2 draws/wk),Tuesday,135
2022-12-23,"9,34,35,42,44","6,11",eonurk,,,R3: Euro 1-12 (2 draws/wk),Friday,164
2022-12-27,"28,33,34,37,44","4,11",eonurk,,,R3: Euro 1-12 (2 draws/wk),Tuesday,176
2022-12-30,"3,37,45,47,50","5,10",eonurk,,,R3: Euro 1-12 (2 draws/wk),Friday,182
2023-01-03,"28,29,31,37,50","4,5",eonurk,,,R3: Euro 1-12 (2 draws/wk),Tuesday,175
2023-01-06,"14,28,31,47,50","7,12",eonurk,,,R3: Euro 1-12 (2 draws/wk),Friday,170
2023-01-10,"9,16,27,41,45","1,4",eonurk,,,R3: Euro 1-12 (2 draws/wk),Tuesday,138
2023-01-13,"7,14,34,41,49","4,9",eonurk,,,R3: Euro 1-12 (2 draws/wk),Friday,145
2023-01-17,"6,11,16,35,44","2,6",eonurk,,,R3: Euro 1-12 (2 draws/wk),Tuesday,112
2023-01-20,"1,12,15,31,47","9,10",eonurk,,,R3: Euro 1-12 (2 draws/wk),Friday,106
2023-01-24,"9,16,17,27,31","1,9",eonurk,,,R3: Euro 1-12 (2 draws/wk),Tuesday,100
2023-01-27,"4,9,29,34,37","3,12",eonurk,,,R3: Euro 1-12 (2 draws/wk),Friday,113
2023-01-31,"20,21,30,41,43","10,11",eonurk,,,R3: Euro 1-12 (2 draws/wk),Tuesday,155
2023-02-03,"1,7,17,44,50","2,10",eonurk,,,R3: Euro 1-12 (2 draws/wk),Friday,119
2023-02-07,"10,15,25,37,46","7,12",eonurk,,,R3: Euro 1-12 (2 draws/wk),Tuesday,133
2023-02-10,"3,10,20,36,42","8,10",eonurk,,,R3: Euro 1-12 (2 draws/wk),Friday,111
2023-02-14,"1,2,6,14,45","2,7",eonurk,,,R3: Euro 1-12 (2 draws/wk),Tuesday,68
2023-02-17,"5,12,15,21,39","3,4",eonurk,,,R3: Euro 1-12 (2 draws/wk),Friday,92
2023-02-21,"13,20,34,38,43","3,6",eonurk,,,R3: Euro 1-12 (2 draws/wk),Tuesday,148
2023-02-24,"1,5,12,18,20","6,7",eonurk,,,R3: Euro 1-12 (2 draws/wk),Friday,56
2023-02-28,"6,20,27,38,49","3,9",eonurk,,,R3: Euro 1-12 (2 draws/wk),Tuesday,140
2023-03-03,"1,18,37,46,48","3,7",eonurk,,,R3: Euro 1-12 (2 draws/wk),Friday,150
2023-03-07,"4,11,12,16,42","3,5",eonurk,,,R3: Euro 1-12 (2 draws/wk),Tuesday,85
2023-03-10,"6,17,22,39,46","5,12",eonurk,,,R3: Euro 1-12 (2 draws/wk),Friday,130
2023-03-14,"9,16,32,34,48","2,6",eonurk,,,R3: Euro 1-12 (2 draws/wk),Tuesday,139
2023-03-17,"5,18,21,29,45","1,6",eonurk,,,R3: Euro 1-12 (2 draws/wk),Friday,118
2023-03-21,"8,13,16,44,47","6,8",eonurk,,,R3: Euro 1-12 (2 draws/wk),Tuesday,128
2023-03-24,"6,21,23,26,43","3,9",eonurk,,,R3: Euro 1-12 (2 draws/wk),Friday,119
2023-03-28,"6,12,36,37,44","1,11",eonurk,,,R3: Euro 1-12 (2 draws/wk),Tuesday,135
2023-03-31,"10,11,31,37,44","5,12",eonurk,,,R3: Euro 1-12 (2 draws/wk),Friday,133
2023-04-04,"1,15,19,24,33","7,8",eonurk,,,R3: Euro 1-12 (2 draws/wk),Tuesday,92
2023-04-07,"16,28,32,36,48","5,10",eonurk,,,R3: Euro 1-12 (2 draws/wk),Friday,160
2023-04-11,"5,19,33,37,42","7,9",eonurk,,,R3: Euro 1-12 (2 draws/wk),Tuesday,136
2023-04-14,"7,11,20,21,29","6,11",eonurk,,,R3: Euro 1-12 (2 draws/wk),Friday,88
2023-04-18,"16,28,31,35,42","2,10",eonurk,,,R3: Euro 1-12 (2 draws/wk),Tuesday,152
2023-04-21,"5,13,16,41,45","3,6",eonurk,,,R3: Euro 1-12 (2 draws/wk),Friday,120
2023-04-25,"12,21,24,28,40","1,3",eonurk,,,R3: Euro 1-12 (2 draws/wk),Tuesday,125
2023-04-28,"4,8,9,30,35","6,7",eonurk,,,R3: Euro 1-12 (2 draws/wk),Friday,86
2023-05-02,"11,12,13,23,26","11,12",eonurk,,,R3: Euro 1-12 (2 draws/wk),Tuesday,85
2023-05-05,"17,18,30,33,35","6,8",eonurk,,,R3: Euro 1-12 (2 draws/wk),Friday,133
2023-05-09,"6,11,29,34,39","2,3",eonurk,,,R3: Euro 1-12 (2 draws/wk),Tuesday,119
2023-05-12,"10,27,30,32,34","5,8",eonurk,,,R3: Euro 1-12 (2 draws/wk),Friday,133
2023-05-16,"28,30,31,45,46","4,8",eonurk,,,R3: Euro 1-12 (2 draws/wk),Tuesday,180
2023-05-19,"1,5,8,20,35","3,12",eonurk,,,R3: Euro 1-12 (2 draws/wk),Friday,69
2023-05-23,"1,2,11,14,36","2,3",eonurk,,,R3: Euro 1-12 (2 draws/wk),Tuesday,64
2023-05-26,"1,3,29,45,47","5,8",eonurk,,,R3: Euro 1-12 (2 draws/wk),Friday,125
2023-05-30,"2,8,16,21,39","4,5",eonurk,,,R3: Euro 1-12 (2 draws/wk),Tuesday,86
2023-06-02,"8,9,11,13,50","6,11",eonurk,,,R3: Euro 1-12 (2 draws/wk),Friday,91
2023-06-06,"5,7,21,22,29","3,10",eonurk,,,R3: Euro 1-12 (2 draws/wk),Tuesday,84
2023-06-09,"8,13,24,35,46","6,8",eonurk,,,R3: Euro 1-12 (2 draws/wk),Friday,126
2023-06-13,"11,29,32,46,47","5,7",eonurk,,,R3: Euro 1-12 (2 draws/wk),Tuesday,165
2023-06-16,"5,19,33,36,42","7,12",eonurk,,,R3: Euro 1-12 (2 draws/wk),Friday,135
2023-06-20,"9,18,30,34,48","1,7",eonurk,,,R3: Euro 1-12 (2 draws/wk),Tuesday,139
2023-06-23,"2,3,18,23,39","6,8",eonurk,,,R3: Euro 1-12 (2 draws/wk),Friday,85
2023-06-27,"7,10,13,34,47","5,9",eonurk,,,R3: Euro 1-12 (2 draws/wk),Tuesday,111
2023-06-30,"3,14,23,41,43","2,6",eonurk,,,R3: Euro 1-12 (2 draws/wk),Friday,124
2023-07-04,"19,21,23,36,39","5,12",eonurk,,,R3: Euro 1-12 (2 draws/wk),Tuesday,138
2023-07-07,"9,18,20,40,41","3,9",eonurk,,,R3: Euro 1-12 (2 draws/wk),Friday,128
2023-07-11,"11,15,17,24,46","2,11",eonurk,,,R3: Euro 1-12 (2 draws/wk),Tuesday,113
2023-07-14,"2,4,12,31,50","6,8",eonurk,,,R3: Euro 1-12 (2 draws/wk),Friday,99
2023-07-18,"14,16,24,40,43","1,5",eonurk,,,R3: Euro 1-12 (2 draws/wk),Tuesday,137
2023-07-21,"7,16,22,38,41","5,9",eonurk,,,R3: Euro 1-12 (2 draws/wk),Friday,124
2023-07-25,"3,9,11,20,39","2,3",eonurk,,,R3: Euro 1-12 (2 draws/wk),Tuesday,82
2023-07-28,"10,16,34,36,49","3,7",eonurk,,,R3: Euro 1-12 (2 draws/wk),Friday,145
2023-08-01,"2,9,38,40,44","5,11",eonurk,,,R3: Euro 1-12 (2 draws/wk),Tuesday,133
2023-08-04,"3,17,19,32,38","6,7",eonurk,,,R3: Euro 1-12 (2 draws/wk),Friday,109
2023-08-08,"6,12,25,31,37","6,9",eonurk,,,R3: Euro 1-12 (2 draws/wk),Tuesday,111
2023-08-11,"1,35,36,38,39","3,10",eonurk,,,R3: Euro 1-12 (2 draws/wk),Friday,149
2023-08-15,"12,21,23,26,41","5,6",eonurk,,,R3: Euro 1-12 (2 draws/wk),Tuesday,123
2023-08-18,"2,16,22,28,46","4,8",eonurk,,,R3: Euro 1-12 (2 draws/wk),Friday,114
2023-08-22,"8,40,41,46,47","3,11",eonurk,,,R3: Euro 1-12 (2 draws/wk),Tuesday,182
2023-08-25,"2,5,11,27,38","10,12",eonurk,,,R3: Euro 1-12 (2 draws/wk),Friday,83
2023-08-29,"14,18,20,39,42","6,9",eonurk,,,R3: Euro 1-12 (2 draws/wk),Tuesday,133
2023-09-01,"1,13,16,23,27","10,11",eonurk,,,R3: Euro 1-12 (2 draws/wk),Friday,80
2023-09-05,"9,11,13,15,25","4,9",eonurk,,,R3: Euro 1-12 (2 draws/wk),Tuesday,73
2023-09-08,"21,29,31,46,49","5,6",eonurk,,,R3: Euro 1-12 (2 draws/wk),Friday,176
2023-09-12,"5,13,43,45,50","1,10",eonurk,,,R3: Euro 1-12 (2 draws/wk),Tuesday,156
2023-09-15,"3,8,10,31,36","2,3",eonurk,,,R3: Euro 1-12 (2 draws/wk),Friday,88
2023-09-19,"8,18,26,38,39","4,12",eonurk,,,R3: Euro 1-12 (2 draws/wk),Tuesday,129
2023-09-22,"14,24,31,44,45","7,11",eonurk,,,R3: Euro 1-12 (2 draws/wk),Friday,158
2023-09-26,"23,24,38,42,44","1,10",eonurk,,,R3: Euro 1-12 (2 draws/wk),Tuesday,171
2023-09-29,"14,24,29,45,48","3,9",eonurk,,,R3: Euro 1-12 (2 draws/wk),Friday,160
2023-10-03,"13,28,29,31,47","8,9",eonurk,,,R3: Euro 1-12 (2 draws/wk),Tuesday,148
2023-10-06,"17,18,40,43,50","9,11",eonurk,,,R3: Euro 1-12 (2 draws/wk),Friday,168
2023-10-10,"7,8,12,21,43","4,11",eonurk,,,R3: Euro 1-12 (2 draws/wk),Tuesday,91
2023-10-13,"16,23,30,37,41","2,9",eonurk,,,R3: Euro 1-12 (2 draws/wk),Friday,147
2023-10-17,"6,8,42,49,50","3,5",eonurk,,,R3: Euro 1-12 (2 draws/wk),Tuesday,155
2023-10-20,"11,16,22,34,46","2,5",eonurk,,,R3: Euro 1-12 (2 draws/wk),Friday,129
2023-10-24,"5,14,35,40,47","1,3",eonurk,,,R3: Euro 1-12 (2 draws/wk),Tuesday,141
2023-10-27,"6,13,15,20,40","2,8",eonurk,,,R3: Euro 1-12 (2 draws/wk),Friday,94
2023-10-31,"6,15,21,34,48","1,5",eonurk,,,R3: Euro 1-12 (2 draws/wk),Tuesday,124
2023-11-03,"6,21,23,31,39","1,5",eonurk,,,R3: Euro 1-12 (2 draws/wk),Friday,120
2023-11-07,"26,36,43,47,49","4,7",eonurk,,,R3: Euro 1-12 (2 draws/wk),Tuesday,201
2023-11-10,"1,17,22,29,31","5,6",eonurk,,,R3: Euro 1-12 (2 draws/wk),Friday,100
2023-11-14,"9,30,34,38,48","2,3",eonurk,,,R3: Euro 1-12 (2 draws/wk),Tuesday,159
2023-11-17,"4,14,15,20,28","7,9",eonurk,,,R3: Euro 1-12 (2 draws/wk),Friday,81
2023-11-21,"9,20,21,22,38","3,12",eonurk,,,R3: Euro 1-12 (2 draws/wk),Tuesday,110
2023-11-24,"16,27,33,34,39","2,7",eonurk,,,R3: Euro 1-12 (2 draws/wk),Friday,149
2023-11-28,"11,12,13,23,36","3,8",eonurk,,,R3: Euro 1-12 (2 draws/wk),Tuesday,95
2023-12-01,"23,32,38,45,49","1,9",eonurk,,,R3: Euro 1-12 (2 draws/wk),Friday,187
2023-12-05,"6,11,16,26,49","2,9",eonurk,,,R3: Euro 1-12 (2 draws/wk),Tuesday,108
2023-12-08,"2,8,28,32,37","3,6",eonurk,,,R3: Euro 1-12 (2 draws/wk),Friday,107
2023-12-12,"2,8,20,34,40","9,12",eonurk,,,R3: Euro 1-12 (2 draws/wk),Tuesday,104
2023-12-15,"7,15,17,18,39","1,10",eonurk,,,R3: Euro 1-12 (2 draws/wk),Friday,96
2023-12-19,"4,6,17,31,45","6,12",eonurk,,,R3: Euro 1-12 (2 draws/wk),Tuesday,103
2023-12-22,"4,6,12,31,38","2,12",eonurk,,,R3: Euro 1-12 (2 draws/wk),Friday,91
2023-12-26,"4,13,16,22,27","1,10",eonurk,,,R3: Euro 1-12 (2 draws/wk),Tuesday,82
2023-12-29,"2,21,34,40,48","2,6",eonurk,,,R3: Euro 1-12 (2 draws/wk),Friday,145
2024-01-02,"19,26,36,48,49","10,11",eonurk,,,R3: Euro 1-12 (2 draws/wk),Tuesday,178
2024-01-05,"11,30,32,45,47","3,10",eonurk,,,R3: Euro 1-12 (2 draws/wk),Friday,165
2024-01-09,"9,12,26,41,47","7,10",eonurk,,,R3: Euro 1-12 (2 draws/wk),Tuesday,135
2024-01-12,"3,31,34,43,45","6,9",eonurk,,,R3: Euro 1-12 (2 draws/wk),Friday,156
2024-01-16,"6,19,32,39,42","4,9",eonurk,,,R3: Euro 1-12 (2 draws/wk),Tuesday,138
2024-01-19,"10,12,18,33,47","7,10",eonurk,,,R3: Euro 1-12 (2 draws/wk),Friday,120
2024-01-23,"9,18,20,32,39","5,8",eonurk,,,R3: Euro 1-12 (2 draws/wk),Tuesday,118
2024-01-26,"18,23,35,37,41","6,7",eonurk,,,R3: Euro 1-12 (2 draws/wk),Friday,154
2024-01-30,"10,12,15,46,48","9,11",eonurk,,,R3: Euro 1-12 (2 draws/wk),Tuesday,131
2024-02-02,"13,17,21,30,39","8,11",eonurk,,,R3: Euro 1-12 (2 draws/wk),Friday,120
2024-02-06,"16,19,20,26,44","1,4",eonurk,,,R3: Euro 1-12 (2 draws/wk),Tuesday,125
2024-02-09,"4,10,11,20,22","7,10",eonurk,,,R3: Euro 1-12 (2 draws/wk),Friday,67
2024-02-13,"7,20,22,45,48","10,12",eonurk,,,R3: Euro 1-12 (2 draws/wk),Tuesday,142
2024-02-16,"7,11,17,18,34","3,5",eonurk,,,R3: Euro 1-12 (2 draws/wk),Friday,87
2024-02-20,"1,3,11,15,30","4,10",eonurk,,,R3: Euro 1-12 (2 draws/wk),Tuesday,60
2024-02-23,"10,19,22,37,41","2,6",eonurk,,,R3: Euro 1-12 (2 draws/wk),Friday,129
2024-02-27,"15,17,30,38,49","1,11",eonurk,,,R3: Euro 1-12 (2 draws/wk),Tuesday,149
2024-03-01,"13,26,30,34,41","3,7",eonurk,,,R3: Euro 1-12 (2 draws/wk),Friday,144
2024-03-05,"2,20,30,31,40","8,12",eonurk,,,R3: Euro 1-12 (2 draws/wk),Tuesday,123
2024-03-08,"2,11,17,23,49","4,12",eonurk,,,R3: Euro 1-12 (2 draws/wk),Friday,102
2024-03-12,"2,8,11,16,20","4,10",eonurk,,,R3: Euro 1-12 (2 draws/wk),Tuesday,57
2024-03-15,"16,20,25,30,49","3,10",eonurk,,,R3: Euro 1-12 (2 draws/wk),Friday,140
2024-03-19,"1,20,28,32,49","3,10",eonurk,,,R3: Euro 1-12 (2 draws/wk),Tuesday,130
2024-03-22,"5,17,36,37,50","3,7",eonurk,,,R3: Euro 1-12 (2 draws/wk),Friday,145
2024-03-26,"12,15,17,30,32","1,6",eonurk,,,R3: Euro 1-12 (2 draws/wk),Tuesday,106
2024-03-29,"7,11,30,31,39","5,10",eonurk,,,R3: Euro 1-12 (2 draws/wk),Friday,118
2024-04-02,"14,17,29,32,45","1,2",eonurk,,,R3: Euro 1-12 (2 draws/wk),Tuesday,137
2024-04-05,"5,8,16,30,37","1,10",eonurk,,,R3: Euro 1-12 (2 draws/wk),Friday,96
2024-04-09,"1,7,21,27,43","1,3",eonurk,,,R3: Euro 1-12 (2 draws/wk),Tuesday,99
2024-04-12,"1,34,39,47,49","1,12",eonurk,,,R3: Euro 1-12 (2 draws/wk),Friday,170
2024-04-16,"35,36,37,41,48","1,12",eonurk,,,R3: Euro 1-12 (2 draws/wk),Tuesday,197
2024-04-19,"8,14,21,34,36","1,2",eonurk,,,R3: Euro 1-12 (2 draws/wk),Friday,113
2024-04-23,"2,3,6,15,35","1,3",eonurk,,,R3: Euro 1-12 (2 draws/wk),Tuesday,61
2024-04-26,"3,18,23,29,47","5,12",eonurk,,,R3: Euro 1-12 (2 draws/wk),Friday,120
2024-04-30,"4,20,33,37,45","8,9",eonurk,,,R3: Euro 1-12 (2 draws/wk),Tuesday,139
2024-05-03,"9,17,36,40,45","5,7",eonurk,,,R3: Euro 1-12 (2 draws/wk),Friday,147
2024-05-07,"3,11,32,33,35","3,11",eonurk,,,R3: Euro 1-12 (2 draws/wk),Tuesday,114
2024-05-10,"28,31,39,45,49","8,11",eonurk,,,R3: Euro 1-12 (2 draws/wk),Friday,192
2024-05-14,"19,22,23,24,27","1,6",eonurk,,,R3: Euro 1-12 (2 draws/wk),Tuesday,115
2024-05-17,"1,2,29,36,48","1,11",eonurk,,,R3: Euro 1-12 (2 draws/wk),Friday,116
2024-05-21,"7,23,31,33,38","10,11",eonurk,,,R3: Euro 1-12 (2 draws/wk),Tuesday,132
2024-05-24,"2,3,4,21,45","6,12",eonurk,,,R3: Euro 1-12 (2 draws/wk),Friday,75
2024-05-28,"13,26,27,35,46","3,4",eonurk,,,R3: Euro 1-12 (2 draws/wk),Tuesday,147
2024-05-31,"4,23,34,39,45","6,7",eonurk,,,R3: Euro 1-12 (2 draws/wk),Friday,145
2024-06-04,"1,3,24,43,49","2,4",eonurk,,,R3: Euro 1-12 (2 draws/wk),Tuesday,120
2024-06-07,"8,15,29,37,45","5,10",eonurk,,,R3: Euro 1-12 (2 draws/wk),Friday,134
2024-06-11,"4,12,16,29,31","1,9",eonurk,,,R3: Euro 1-12 (2 draws/wk),Tuesday,92
2024-06-14,"10,21,27,42,46","2,6",eonurk,,,R3: Euro 1-12 (2 draws/wk),Friday,146
2024-06-18,"4,10,23,24,45","7,8",eonurk,,,R3: Euro 1-12 (2 draws/wk),Tuesday,106
2024-06-21,"2,22,24,30,40","5,6",eonurk,,,R3: Euro 1-12 (2 draws/wk),Friday,118
2024-06-25,"8,14,25,31,45","3,12",eonurk,,,R3: Euro 1-12 (2 draws/wk),Tuesday,123
2024-06-28,"1,8,30,43,45","10,12",eonurk,,,R3: Euro 1-12 (2 draws/wk),Friday,127
2024-07-02,"10,29,30,32,40","6,12",eonurk,,,R3: Euro 1-12 (2 draws/wk),Tuesday,141
2024-07-05,"4,11,16,25,32","1,11",eonurk,,,R3: Euro 1-12 (2 draws/wk),Friday,88
2024-07-09,"5,14,25,26,44","8,10",eonurk,,,R3: Euro 1-12 (2 draws/wk),Tuesday,114
2024-07-12,"2,14,30,32,34","3,4",eonurk,,,R3: Euro 1-12 (2 draws/wk),Friday,112
2024-07-16,"8,22,27,36,43","5,8",eonurk,,,R3: Euro 1-12 (2 draws/wk),Tuesday,136
2024-07-19,"13,18,22,26,32","10,11",eonurk,,,R3: Euro 1-12 (2 draws/wk),Friday,111
2024-07-23,"9,13,21,24,38","6,12",eonurk,,,R3: Euro 1-12 (2 draws/wk),Tuesday,105
2024-07-26,"7,11,22,26,46","5,11",eonurk,,,R3: Euro 1-12 (2 draws/wk),Friday,112
2024-07-30,"2,16,30,31,49","2,5",eonurk,,,R3: Euro 1-12 (2 draws/wk),Tuesday,128
2024-08-02,"14,20,26,30,31","1,2",eonurk,,,R3: Euro 1-12 (2 draws/wk),Friday,121
2024-08-06,"4,9,22,32,35","9,10",eonurk,,,R3: Euro 1-12 (2 draws/wk),Tuesday,102
2024-08-09,"15,18,25,29,35","1,5",eonurk,,,R3: Euro 1-12 (2 draws/wk),Friday,122
2024-08-13,"6,9,33,34,50","1,7",eonurk,,,R3: Euro 1-12 (2 draws/wk),Tuesday,132
2024-08-16,"4,11,16,46,50","1,3",eonurk,,,R3: Euro 1-12 (2 draws/wk),Friday,127
2024-08-20,"25,28,29,31,33","6,12",eonurk,,,R3: Euro 1-12 (2 draws/wk),Tuesday,146
2024-08-23,"13,21,22,26,48","2,7",eonurk,,,R3: Euro 1-12 (2 draws/wk),Friday,130
2024-08-27,"15,24,29,33,39","2,9",eonurk,,,R3: Euro 1-12 (2 draws/wk),Tuesday,140
2024-08-30,"8,11,25,31,48","11,12",eonurk,,,R3: Euro 1-12 (2 draws/wk),Friday,123
2024-09-03,"5,17,23,36,37","5,9",eonurk,,,R3: Euro 1-12 (2 draws/wk),Tuesday,118
2024-09-06,"7,11,27,42,45","3,10",eonurk,,,R3: Euro 1-12 (2 draws/wk),Friday,132
2024-09-10,"7,10,31,41,46","1,5",eonurk,,,R3: Euro 1-12 (2 draws/wk),Tuesday,135
2024-09-13,"2,3,17,40,44","4,8",eonurk,,,R3: Euro 1-12 (2 draws/wk),Friday,106
2024-09-17,"1,3,13,24,44","11,12",eonurk,,,R3: Euro 1-12 (2 draws/wk),Tuesday,85
2024-09-20,"9,17,19,26,39","4,10",eonurk,,,R3: Euro 1-12 (2 draws/wk),Friday,110
2024-09-24,"3,13,34,41,43","1,5",eonurk,,,R3: Euro 1-12 (2 draws/wk),Tuesday,134
2024-09-27,"6,15,25,29,41","1,3",eonurk,,,R3: Euro 1-12 (2 draws/wk),Friday,116
2024-10-01,"17,37,42,45,50","6,7",eonurk,,,R3: Euro 1-12 (2 draws/wk),Tuesday,191
2024-10-04,"4,16,27,34,44","4,7",eonurk,,,R3: Euro 1-12 (2 draws/wk),Friday,125
2024-10-08,"13,29,42,44,48","2,8",eonurk,,,R3: Euro 1-12 (2 draws/wk),Tuesday,176
2024-10-11,"8,11,23,44,45","10,12",eonurk,,,R3: Euro 1-12 (2 draws/wk),Friday,131
2024-10-15,"9,20,38,44,45","4,12",eonurk,,,R3: Euro 1-12 (2 draws/wk),Tuesday,156
2024-10-18,"2,4,23,30,40","4,10",eonurk,,,R3: Euro 1-12 (2 draws/wk),Friday,99
2024-10-22,"4,32,36,38,47","3,9",eonurk,,,R3: Euro 1-12 (2 draws/wk),Tuesday,157
2024-10-25,"2,19,36,42,50","4,9",eonurk,,,R3: Euro 1-12 (2 draws/wk),Friday,149
2024-10-29,"3,17,26,30,49","1,10",eonurk,,,R3: Euro 1-12 (2 draws/wk),Tuesday,125
2024-11-01,"13,21,27,28,41","1,3",eonurk,,,R3: Euro 1-12 (2 draws/wk),Friday,130
2024-11-05,"22,29,36,38,43","1,6",eonurk,,,R3: Euro 1-12 (2 draws/wk),Tuesday,168
2024-11-08,"6,23,38,42,45","9,12",eonurk,,,R3: Euro 1-12 (2 draws/wk),Friday,154
2024-11-12,"2,3,34,38,49","10,11",eonurk,,,R3: Euro 1-12 (2 draws/wk),Tuesday,126
2024-11-15,"27,31,35,46,50","3,10",eonurk,,,R3: Euro 1-12 (2 draws/wk),Friday,189
2024-11-19,"4,7,19,26,27","4,5",eonurk,,,R3: Euro 1-12 (2 draws/wk),Tuesday,83
2024-11-22,"6,10,30,34,41","7,10",eonurk,,,R3: Euro 1-12 (2 draws/wk),Friday,121
2024-11-26,"20,21,28,32,37","1,5",eonurk,,,R3: Euro 1-12 (2 draws/wk),Tuesday,138
2024-11-29,"10,19,24,25,40","5,9",eonurk,,,R3: Euro 1-12 (2 draws/wk),Friday,118
2024-12-03,"7,20,23,24,37","4,10",eonurk,,,R3: Euro 1-12 (2 draws/wk),Tuesday,111
2024-12-06,"8,14,45,47,50","2,12",eonurk,,,R3: Euro 1-12 (2 draws/wk),Friday,164
2024-12-10,"17,23,30,41,43","4,11",eonurk,,,R3: Euro 1-12 (2 draws/wk),Tuesday,154
2024-12-13,"1,4,19,35,42","1,3",eonurk,,,R3: Euro 1-12 (2 draws/wk),Friday,101
2024-12-17,"11,14,18,35,42","4,11",eonurk,,,R3: Euro 1-12 (2 draws/wk),Tuesday,120
2024-12-20,"1,3,10,32,44","1,8",eonurk,,,R3: Euro 1-12 (2 draws/wk),Friday,90
2024-12-24,"9,15,28,36,39","6,7",eonurk,,,R3: Euro 1-12 (2 draws/wk),Tuesday,127
2024-12-27,"1,9,25,27,37","6,8",eonurk,,,R3: Euro 1-12 (2 draws/wk),Friday,99
2024-12-31,"2,21,26,34,49","7,12",eonurk,,,R3: Euro 1-12 (2 draws/wk),Tuesday,132
2025-01-03,"1,20,21,27,29","8,10",eonurk,,,R3: Euro 1-12 (2 draws/wk),Friday,98
2025-01-07,"1,16,20,23,44","5,9",eonurk,,,R3: Euro 1-12 (2 draws/wk),Tuesday,104
2025-01-10,"17,34,38,42,48","2,11",eonurk,,,R3: Euro 1-12 (2 draws/wk),Friday,179
2025-01-14,"10,11,17,20,30","2,6",eonurk,,,R3: Euro 1-12 (2 draws/wk),Tuesday,88
2025-01-17,"7,9,14,18,31","7,8",eonurk,,,R3: Euro 1-12 (2 draws/wk),Friday,79
2025-01-21,"3,17,22,28,40","4,9",eonurk,,,R3: Euro 1-12 (2 draws/wk),Tuesday,110
2025-01-24,"2,9,16,46,47","3,9",eonurk,,,R3: Euro 1-12 (2 draws/wk),Friday,120
2025-01-28,"2,7,28,43,46","5,12",eonurk,,,R3: Euro 1-12 (2 draws/wk),Tuesday,126
2025-01-31,"1,23,32,42,47","4,11",eonurk,,,R3: Euro 1-12 (2 draws/wk),Friday,145
2025-02-04,"10,18,21,41,42","3,9",eonurk,,,R3: Euro 1-12 (2 draws/wk),Tuesday,132
2025-02-07,"15,17,27,33,45","5,9",eonurk,,,R3: Euro 1-12 (2 draws/wk),Friday,137
2025-02-11,"3,12,22,28,47","1,12",eonurk,,,R3: Euro 1-12 (2 draws/wk),Tuesday,112
2025-02-14,"12,14,18,45,50","2,10",eonurk,,,R3: Euro 1-12 (2 draws/wk),Friday,139
2025-02-18,"1,9,14,19,44","2,3",eonurk,,,R3: Euro 1-12 (2 draws/wk),Tuesday,87
2025-02-21,"18,26,29,35,36","11,12",eonurk,,,R3: Euro 1-12 (2 draws/wk),Friday,144
2025-02-25,"28,31,38,42,48","3,10",eonurk,,,R3: Euro 1-12 (2 draws/wk),Tuesday,187
2025-02-28,"3,4,13,20,21","8,12",lotto.net,33497443.0,False,R3: Euro 1-12 (2 draws/wk),Friday,61
2025-03-04,"4,12,35,37,48","4,10",lotto.net,41105353.0,False,R3: Euro 1-12 (2 draws/wk),Tuesday,136
2025-03-07,"7,11,12,32,42","1,4",lotto.net,52111285.0,False,R3: Euro 1-12 (2 draws/wk),Friday,104
2025-03-11,"15,18,22,23,44","1,11",lotto.net,61134145.0,False,R3: Euro 1-12 (2 draws/wk),Tuesday,122
2025-03-14,"6,13,28,37,45","5,10",lotto.net,73119629.0,False,R3: Euro 1-12 (2 draws/wk),Friday,129
2025-03-18,"1,7,14,47,50","3,7",lotto.net,84130910.0,False,R3: Euro 1-12 (2 draws/wk),Tuesday,119
2025-03-21,"8,9,12,14,16","6,12",lotto.net,98140813.0,False,R3: Euro 1-12 (2 draws/wk),Friday,59
2025-03-25,"3,11,30,35,50","4,5",lotto.net,115874581.0,True,R3: Euro 1-12 (2 draws/wk),Tuesday,129
2025-03-28,"2,15,19,34,49","2,6",lotto.net,10107850.0,False,R3: Euro 1-12 (2 draws/wk),Friday,119
2025-04-01,"12,17,39,41,50","9,12",lotto.net,17111974.0,False,R3: Euro 1-12 (2 draws/wk),Tuesday,159
2025-04-04,"19,23,29,37,38","2,8",lotto.net,27106369.0,False,R3: Euro 1-12 (2 draws/wk),Friday,146
2025-04-08,"17,39,40,41,47","5,8",lotto.net,35113752.0,False,R3: Euro 1-12 (2 draws/wk),Tuesday,184
2025-04-11,"2,26,27,28,49","1,10",lotto.net,45874012.0,False,R3: Euro 1-12 (2 draws/wk),Friday,132
2025-04-15,"8,11,13,33,35","1,10",lotto.net,54956776.0,False,R3: Euro 1-12 (2 draws/wk),Tuesday,100
2025-04-18,"7,8,12,29,44","3,12",lotto.net,65993089.0,False,R3: Euro 1-12 (2 draws/wk),Friday,100
2025-04-22,"10,16,23,29,38","3,5",lotto.net,75467568.0,False,R3: Euro 1-12 (2 draws/wk),Tuesday,116
2025-04-25,"13,14,40,43,45","5,8",lotto.net,88373033.0,False,R3: Euro 1-12 (2 draws/wk),Friday,155
2025-04-29,"17,21,27,30,34","8,11",lotto.net,101070236.0,False,R3: Euro 1-12 (2 draws/wk),Tuesday,129
2025-05-02,"3,15,22,33,35","1,7",lotto.net,114167257.0,False,R3: Euro 1-12 (2 draws/wk),Friday,108
2025-05-06,"1,21,22,46,49","9,10",lotto.net,120192955.0,False,R3: Euro 1-12 (2 draws/wk),Tuesday,139
2025-05-09,"1,5,27,36,43","5,9",lotto.net,120000000.0,True,R3: Euro 1-12 (2 draws/wk),Friday,112
2025-05-13,"14,16,19,33,34","5,12",lotto.net,10114186.0,False,R3: Euro 1-12 (2 draws/wk),Tuesday,116
2025-05-16,"6,8,15,27,39","6,12",lotto.net,19107726.0,False,R3: Euro 1-12 (2 draws/wk),Friday,95
2025-05-20,"8,19,20,21,28","7,10",lotto.net,27115793.0,False,R3: Euro 1-12 (2 draws/wk),Tuesday,96
2025-05-23,"11,17,19,33,40","7,12",lotto.net,37344472.0,True,R3: Euro 1-12 (2 draws/wk),Friday,120
2025-05-27,"6,9,17,25,41","4,10",lotto.net,10105142.0,False,R3: Euro 1-12 (2 draws/wk),Tuesday,98
2025-05-30,"4,5,26,29,43","5,9",lotto.net,17600458.0,True,R3: Euro 1-12 (2 draws/wk),Friday,107
2025-06-03,"6,8,19,26,30","1,12",lotto.net,10104424.0,False,R3: Euro 1-12 (2 draws/wk),Tuesday,89
2025-06-06,"7,8,11,23,39","5,11",lotto.net,17100615.0,False,R3: Euro 1-12 (2 draws/wk),Friday,88
2025-06-10,"1,17,20,28,42","2,12",lotto.net,22102047.0,False,R3: Euro 1-12 (2 draws/wk),Tuesday,108
2025-06-13,"1,15,18,27,46","5,9",lotto.net,31104632.0,False,R3: Euro 1-12 (2 draws/wk),Friday,107
2025-06-17,"10,13,15,33,35","7,12",lotto.net,40657588.0,True,R3: Euro 1-12 (2 draws/wk),Tuesday,106
2025-06-20,"6,12,18,37,46","7,9",lotto.net,10099359.0,False,R3: Euro 1-12 (2 draws/wk),Friday,119
2025-06-24,"20,31,35,40,44","3,4",lotto.net,15110492.0,False,R3: Euro 1-12 (2 draws/wk),Tuesday,170
2025-06-27,"4,14,26,29,50","3,12",lotto.net,24110025.0,False,R3: Euro 1-12 (2 draws/wk),Friday,123
2025-07-01,"1,9,10,12,14","6,8",lotto.net,32122188.0,False,R3: Euro 1-12 (2 draws/wk),Tuesday,46
2025-07-04,"14,23,34,41,44","5,10",lotto.net,42118948.0,False,R3: Euro 1-12 (2 draws/wk),Friday,156
2025-07-08,"21,27,29,34,43","6,10",lotto.net,50127659.0,False,R3: Euro 1-12 (2 draws/wk),Tuesday,154
2025-07-11,"6,12,13,43,46","6,11",lotto.net,62126153.0,False,R3: Euro 1-12 (2 draws/wk),Friday,120
2025-07-15,"13,28,33,37,45","6,11",lotto.net,72135255.0,False,R3: Euro 1-12 (2 draws/wk),Tuesday,156
2025-07-18,"10,12,21,25,39","2,4",lotto.net,85128844.0,False,R3: Euro 1-12 (2 draws/wk),Friday,107
2025-07-22,"5,20,42,46,48","7,8",lotto.net,97141612.0,False,R3: Euro 1-12 (2 draws/wk),Tuesday,161
2025-07-25,"7,8,13,29,36","4,8",lotto.net,116632942.0,True,R3: Euro 1-12 (2 draws/wk),Friday,93
2025-07-29,"20,21,38,43,49","6,11",lotto.net,10109927.0,False,R3: Euro 1-12 (2 draws/wk),Tuesday,171
2025-08-01,"4,11,12,20,33","3,5",lotto.net,18108594.0,False,R3: Euro 1-12 (2 draws/wk),Friday,80
2025-08-05,"1,18,21,22,34","1,6",lotto.net,26118542.0,False,R3: Euro 1-12 (2 draws/wk),Tuesday,96
2025-08-08,"7,16,23,41,42","1,4",lotto.net,36553237.0,True,R3: Euro 1-12 (2 draws/wk),Friday,129
2025-08-12,"11,16,29,37,42","1,11",lotto.net,10106546.0,False,R3: Euro 1-12 (2 draws/wk),Tuesday,135
2025-08-15,"5,11,20,33,43","6,12",lotto.net,18081107.0,False,R3: Euro 1-12 (2 draws/wk),Friday,112
2025-08-19,"3,4,11,33,47","6,9",lotto.net,23104543.0,False,R3: Euro 1-12 (2 draws/wk),Tuesday,98
2025-08-22,"3,14,16,22,34","7,10",lotto.net,32089832.0,False,R3: Euro 1-12 (2 draws/wk),Friday,89
2025-08-26,"8,14,21,26,35","4,8",lotto.net,41105927.0,False,R3: Euro 1-12 (2 draws/wk),Tuesday,104
2025-08-29,"3,5,19,23,48","1,5",lotto.net,52112060.0,False,R3: Euro 1-12 (2 draws/wk),Friday,98
2025-09-02,"1,5,12,38,47","7,8",lotto.net,61119650.0,False,R3: Euro 1-12 (2 draws/wk),Tuesday,103
2025-09-05,"6,14,25,29,46","7,11",lotto.net,74119212.0,False,R3: Euro 1-12 (2 draws/wk),Friday,120
2025-09-09,"14,18,24,27,50","8,9",lotto.net,86130205.0,False,R3: Euro 1-12 (2 draws/wk),Tuesday,133
2025-09-12,"7,22,24,33,45","4,12",lotto.net,100131469.0,False,R3: Euro 1-12 (2 draws/wk),Friday,131
2025-09-16,"8,9,14,37,39","1,9",lotto.net,116145925.0,False,R3: Euro 1-12 (2 draws/wk),Tuesday,107
2025-09-19,"9,37,40,41,46","1,12",lotto.net,120154104.0,False,R3: Euro 1-12 (2 draws/wk),Friday,173
2025-09-23,"7,18,31,32,33","10,11",lotto.net,120000000.0,True,R3: Euro 1-12 (2 draws/wk),Tuesday,121
2025-09-26,"12,24,26,35,48","1,2",lotto.net,10100783.0,False,R3: Euro 1-12 (2 draws/wk),Friday,145
2025-09-30,"8,11,13,24,27","3,7",lotto.net,18111869.0,False,R3: Euro 1-12 (2 draws/wk),Tuesday,83
2025-10-03,"1,2,7,21,27","8,12",lotto.net,28106900.0,False,R3: Euro 1-12 (2 draws/wk),Friday,58
2025-10-07,"10,22,38,42,48","2,9",lotto.net,36115869.0,False,R3: Euro 1-12 (2 draws/wk),Tuesday,160
2025-10-10,"4,5,24,31,41","3,12",lotto.net,46111657.0,False,R3: Euro 1-12 (2 draws/wk),Friday,105
2025-10-14,"8,12,13,49,50","2,4",lotto.net,56120294.0,False,R3: Euro 1-12 (2 draws/wk),Tuesday,132
2025-10-17,"18,21,34,35,46","2,3",lotto.net,69169588.0,True,R3: Euro 1-12 (2 draws/wk),Friday,154
2025-10-21,"6,21,30,40,46","3,4",lotto.net,10098572.0,False,R3: Euro 1-12 (2 draws/wk),Tuesday,143
2025-10-24,"12,13,27,42,43","3,4",lotto.net,17095257.0,False,R3: Euro 1-12 (2 draws/wk),Friday,137
2025-10-28,"3,4,22,45,50","9,12",lotto.net,24078914.0,False,R3: Euro 1-12 (2 draws/wk),Tuesday,124
2025-10-31,"5,11,40,41,47","1,5",lotto.net,34109061.0,False,R3: Euro 1-12 (2 draws/wk),Friday,144
2025-11-04,"3,21,22,33,39","1,9",lotto.net,42113324.0,False,R3: Euro 1-12 (2 draws/wk),Tuesday,118
2025-11-07,"13,19,22,35,40","2,8",lotto.net,54286720.0,True,R3: Euro 1-12 (2 draws/wk),Friday,129
2025-11-11,"8,24,25,41,50","8,9",lotto.net,10097650.0,False,R3: Euro 1-12 (2 draws/wk),Tuesday,148
2025-11-14,"3,5,20,30,37","6,12",lotto.net,18095433.0,False,R3: Euro 1-12 (2 draws/wk),Friday,95
2025-11-18,"19,25,27,41,49","3,9",lotto.net,23104742.0,False,R3: Euro 1-12 (2 draws/wk),Tuesday,161
2025-11-21,"15,24,30,45,50","5,6",lotto.net,33694876.0,True,R3: Euro 1-12 (2 draws/wk),Friday,164
2025-11-25,"1,23,30,35,46","4,8",lotto.net,10099433.0,False,R3: Euro 1-12 (2 draws/wk),Tuesday,135
2025-11-28,"12,16,35,46,50","3,5",lotto.net,17098889.0,False,R3: Euro 1-12 (2 draws/wk),Friday,159
2025-12-02,"14,30,34,35,40","4,6",lotto.net,23537055.0,True,R3: Euro 1-12 (2 draws/wk),Tuesday,153
2025-12-05,"1,4,18,22,24","6,10",lotto.net,10000000.0,True,R3: Euro 1-12 (2 draws/wk),Friday,69
2025-12-09,"2,30,32,33,37","2,9",lotto.net,10098248.0,False,R3: Euro 1-12 (2 draws/wk),Tuesday,134
2025-12-12,"2,25,27,37,50","2,11",lotto.net,17096286.0,False,R3: Euro 1-12 (2 draws/wk),Friday,141
2025-12-16,"12,22,28,30,31","4,11",lotto.net,22107334.0,False,R3: Euro 1-12 (2 draws/wk),Tuesday,123
2025-12-19,"8,9,15,35,45","2,5",lotto.net,30109178.0,False,R3: Euro 1-12 (2 draws/wk),Friday,112
2025-12-23,"24,29,35,40,41","6,7",lotto.net,39128646.0,False,R3: Euro 1-12 (2 draws/wk),Tuesday,169
2025-12-26,"15,21,26,29,42","4,12",lotto.net,50101850.0,False,R3: Euro 1-12 (2 draws/wk),Friday,133
2025-12-30,"10,18,20,23,27","1,6",lotto.net,59154107.0,False,R3: Euro 1-12 (2 draws/wk),Tuesday,98
2026-01-02,"10,15,29,34,38","2,9",lotto.net,74104784.0,True,R3: Euro 1-12 (2 draws/wk),Friday,126
2026-01-06,"21,23,30,33,38","8,12",lotto.net,10110454.0,False,R3: Euro 1-12 (2 draws/wk),Tuesday,145
2026-01-09,"1,17,19,25,41","6,12",lotto.net,17104149.0,False,R3: Euro 1-12 (2 draws/wk),Friday,103
2026-01-13,"2,16,27,33,47","6,12",lotto.net,23108905.0,False,R3: Euro 1-12 (2 draws/wk),Tuesday,125
2026-01-16,"8,16,37,39,48","5,11",lotto.net,33106955.0,False,R3: Euro 1-12 (2 draws/wk),Friday,148
2026-01-20,"16,26,32,37,45","2,3",lotto.net,42112494.0,False,R3: Euro 1-12 (2 draws/wk),Tuesday,156
2026-01-23,"18,36,39,45,50","6,9",lotto.net,53723457.0,True,R3: Euro 1-12 (2 draws/wk),Friday,188
2026-01-27,"13,18,19,29,32","8,9",lotto.net,10096514.0,False,R3: Euro 1-12 (2 draws/wk),Tuesday,111
2026-01-30,"8,13,15,17,37","3,7",lotto.net,17638610.0,True,R3: Euro 1-12 (2 draws/wk),Friday,90
2026-02-03,"3,20,27,37,44","1,2",lotto.net,10095060.0,False,R3: Euro 1-12 (2 draws/wk),Tuesday,131
2026-02-06,"8,14,38,41,48","1,11",lotto.net,17090654.0,False,R3: Euro 1-12 (2 draws/wk),Friday,149
2026-02-10,"12,19,34,39,47","4,5",lotto.net,22100583.0,False,R3: Euro 1-12 (2 draws/wk),Tuesday,151
2026-02-13,"1,21,44,45,46","2,7",lotto.net,31095239.0,False,R3: Euro 1-12 (2 draws/wk),Friday,157
2026-02-17,"8,23,39,40,44","6,7",lotto.net,41102891.0,False,R3: Euro 1-12 (2 draws/wk),Tuesday,154
2026-02-20,"11,17,23,36,40","5,6",lotto.net,52101804.0,False,R3: Euro 1-12 (2 draws/wk),Friday,127
2026-02-24,"4,5,26,38,48","2,9",lotto.net,61105527.0,False,R3: Euro 1-12 (2 draws/wk),Tuesday,121
2026-02-27,"7,17,19,28,47","2,7",lotto.net,74788336.0,True,R3: Euro 1-12 (2 draws/wk),Friday,118
2026-03-03,"1,9,14,35,49","2,10",lotto.net,10000000.0,True,R3: Euro 1-12 (2 draws/wk),Tuesday,108
2026-03-06,"8,17,26,31,47","1,6",lotto.net,10089440.0,False,R3: Euro 1-12 (2 draws/wk),Friday,129
2026-03-10,"2,3,17,18,28","4,10",lotto.net,15097366.0,False,R3: Euro 1-12 (2 draws/wk),Tuesday,68
2026-03-13,"7,23,37,44,47","2,6",lotto.net,22095020.0,False,R3: Euro 1-12 (2 draws/wk),Friday,158
2026-03-17,"12,13,16,17,37","4,11",lotto.net,30101931.0,False,R3: Euro 1-12 (2 draws/wk),Tuesday,95
2026-03-20,"2,17,21,25,30","2,6",lotto.net,40097060.0,False,R3: Euro 1-12 (2 draws/wk),Friday,95
2026-03-24,"9,15,23,43,48","3,5",lotto.net,49106353.0,False,R3: Euro 1-12 (2 draws/wk),Tuesday,138
2026-03-27,"21,23,25,38,40","7,11",lotto.net,59104109.0,False,R3: Euro 1-12 (2 draws/wk),Friday,147
2026-03-31,"5,15,18,20,35","7,8",lotto.net,70718367.0,True,R3: Euro 1-12 (2 draws/wk),Tuesday,93
2026-04-03,"9,10,18,22,37","1,11",lotto.net,10000000.0,True,R3: Euro 1-12 (2 draws/wk),Friday,96
2026-04-07,"2,4,16,23,27","5,8",lotto.net,10000000.0,True,R3: Euro 1-12 (2 draws/wk),Tuesday,72
2026-04-10,"1,6,11,18,48","10,12",lotto.net,10067362.0,False,R3: Euro 1-12 (2 draws/wk),Friday,84
2026-04-14,"13,22,32,46,47","6,7",lotto.net,14079155.0,False,R3: Euro 1-12 (2 draws/wk),Tuesday,160
2026-04-17,"16,31,35,43,44","2,9",lotto.net,22094984.0,False,R3: Euro 1-12 (2 draws/wk),Friday,169
2026-04-21,"31,32,36,39,47","7,8",lotto.net,28101710.0,False,R3: Euro 1-12 (2 draws/wk),Tuesday,185
2026-04-24,"6,21,29,39,44","1,5",lotto.net,36099852.0,False,R3: Euro 1-12 (2 draws/wk),Friday,139
2026-04-28,"19,20,41,43,46","5,7",lotto.net,45111564.0,False,R3: Euro 1-12 (2 draws/wk),Tuesday,169
2026-05-01,"10,11,13,16,27","5,7",lotto.net,55102043.0,False,R3: Euro 1-12 (2 draws/wk),Friday,77
2026-05-05,"1,30,33,34,43","5,10",lotto.net,64131937.0,False,R3: Euro 1-12 (2 draws/wk),Tuesday,141
