date,draw,n1,n2,n3,n4,n5,n6,bonus
2025-05-02,1,21,11,47,27,5,25,35
2025-05-02,2,30,4,17,34,19,41,26
2025-05-04,1,23,4,39,32,22,43,1
2025-05-04,2,44,48,46,15,43,33,40
2025-05-07,1,6,9,43,45,27,26,11
2025-05-07,2,21,45,33,4,1,42,35
2025-05-09,1,43,3,30,8,5,14,18
2025-05-09,2,26,6,40,47,39,32,41
2025-05-11,1,20,32,25,15,12,41,23
2025-05-11,2,41,1,10,4,14,43,8
2025-05-14,1,21,15,40,43,7,25,34
2025-05-14,2,8,47,4,45,13,35,26
2025-05-16,1,7,31,25,15,2,32,35
2025-05-16,2,32,26,48,39,27,10,15
2025-05-18,1,28,35,4,15,26,3,45
2025-05-18,2,29,41,20,3,9,46,24
2025-05-21,1,1,44,43,41,37,33,20
2025-05-21,2,12,15,38,22,13,39,49
2025-05-23,1,31,16,6,40,1,27,47
2025-05-23,2,23,41,14,35,13,40,16
2025-05-25,1,7,6,8,48,12,21,34
2025-05-25,2,9,17,6,12,47,25,34
2025-05-28,1,39,1,7,42,13,31,43
2025-05-28,2,48,16,23,13,46,15,36
2025-05-30,1,33,19,42,27,4,17,21
2025-05-30,2,20,29,21,24,48,22,34
2025-06-04,1,44,6,1,31,3,15,9
2025-06-04,2,39,33,18,12,16,28,34
2025-06-06,1,3,6,17,7,34,20,36
2025-06-06,2,15,21,10,33,29,24,5
2025-06-08,1,5,9,35,21,6,17,19
2025-06-08,2,41,34,21,8,3,20,4
2025-06-11,1,44,25,35,19,6,15,48
2025-06-11,2,37,31,3,26,21,34,27
2025-06-13,1,32,41,3,47,39,7,49
2025-06-13,2,22,39,42,26,4,48,3
2025-06-15,1,45,49,16,38,2,24,5
2025-06-15,2,12,7,38,14,44,21,3
2025-06-18,1,21,25,30,15,36,47,23
2025-06-18,2,34,40,42,7,30,14,36
2025-06-20,1,3,9,39,22,33,34,14
2025-06-20,2,34,9,39,43,21,11,24
2025-06-22,1,15,9,38,32,30,31,13
2025-06-22,2,14,11,9,31,43,36,8
2025-06-25,1,33,20,30,37,9,47,3
2025-06-25,2,10,23,22,25,6,39,5
2025-06-27,1,44,21,11,28,1,34,36
2025-06-27,2,24,23,44,9,12,13,17
2025-06-29,1,2,26,47,36,8,40,17
2025-06-29,2,43,41,36,17,34,7,9
2025-07-02,1,19,16,39,26,48,43,25
2025-07-02,2,31,24,13,48,4,20,19
2025-07-04,1,43,16,4,18,3,19,37
2025-07-04,2,45,7,22,36,5,15,3
2025-07-06,1,8,26,7,49,9,36,25
2025-07-06,2,16,34,36,40,41,1,47
2025-07-09,1,10,28,15,34,45,18,42
2025-07-09,2,22,11,28,37,14,15,39
2025-07-11,1,13,30,1,32,20,11,15
2025-07-11,2,38,31,39,15,46,47,3
2025-07-13,1,21,15,20,37,42,47,9
2025-07-13,2,45,6,46,38,43,42,16
2025-07-16,1,20,29,18,11,3,10,15
2025-07-16,2,28,4,42,43,1,49,8
2025-07-18,1,23,4,26,24,17,7,32
2025-07-18,2,23,25,16,30,18,7,20
2025-07-20,1,29,37,38,46,16,1,11
2025-07-20,2,30,42,5,35,32,16,46
2025-07-23,1,40,45,39,19,21,36,14
2025-07-23,2,26,34,24,12,9,33,19
2025-07-25,1,12,6,24,1,46,17,42
2025-07-25,2,2,11,42,27,46,3,16
2025-07-27,1,46,8,5,27,49,12,20
2025-07-27,2,18,15,21,39,47,19,31
2025-07-30,1,35,21,12,29,18,19,1
2025-07-30,2,20,36,16,14,40,15,46
2025-08-03,1,3,41,36,29,4,18,27
2025-08-03,2,46,37,19,38,8,17,20
2025-08-06,1,28,8,21,14,24,40,33
2025-08-06,2,3,10,40,9,14,35,26
2025-08-08,1,17,43,23,3,49,42,8
2025-08-08,2,6,32,3,13,12,9,1
2025-08-10,1,49,15,45,2,35,23,33
2025-08-10,2,13,37,4,29,38,31,42
2025-08-13,1,6,3,27,11,20,19,18
2025-08-13,2,8,1,24,28,19,4,13
2025-08-15,1,44,6,48,16,27,18,7
2025-08-15,2,49,14,13,46,4,16,11
2025-08-17,1,2,7,34,36,32,13,16
2025-08-17,2,15,34,40,5,13,8,11
2025-08-20,1,7,12,3,4,6,45,46
2025-08-20,2,19,45,36,44,22,29,10
2025-08-22,1,27,14,42,17,11,2,48
2025-08-22,2,1,35,18,11,32,28,49
2025-08-24,1,5,21,28,39,38,27,6
2025-08-24,2,42,29,21,43,20,5,40
2025-08-27,1,33,35,13,42,1,43,4
2025-08-27,2,34,48,15,25,32,39,24
2025-08-29,1,31,6,25,18,9,3,17
2025-08-29,2,47,11,10,16,27,6,2
2025-09-03,1,48,23,6,10,36,46,27
2025-09-03,2,21,2,38,17,40,23,26
2025-09-05,1,2,36,9,12,1,45,17
2025-09-05,2,2,30,47,32,28,44,10
2025-09-07,1,32,23,6,21,38,36,49
2025-09-07,2,27,14,3,48,26,4,39
2025-09-10,1,17,46,18,20,14,1,49
2025-09-10,2,33,11,8,42,32,29,15
2025-09-12,1,29,15,37,6,2,24,33
2025-09-12,2,17,37,36,34,12,7,28
2025-09-14,1,37,44,1,47,21,23,19
2025-09-14,2,7,44,36,43,16,37,15
2025-09-17,1,41,44,49,46,26,17,13
2025-09-17,2,10,13,14,18,47,38,5
2025-09-19,1,49,4,22,18,23,25,5
2025-09-19,2,30,39,29,4,44,12,18
2025-09-21,1,41,12,29,13,31,46,3
2025-09-21,2,20,15,44,47,26,24,2
2025-09-24,1,26,25,35,44,1,13,17
2025-09-24,2,38,47,34,44,29,19,33
2025-09-26,1,18,48,37,46,3,15,39
2025-09-26,2,38,10,30,27,36,4,7
2025-09-28,1,12,24,7,40,21,44,8
2025-09-28,2,31,3,16,44,43,30,45
2025-10-03,1,6,49,41,16,17,43,3
2025-10-03,2,1,11,19,30,23,14,36
2025-10-05,1,15,48,5,6,31,11,16
2025-10-05,2,43,32,1,10,19,18,17
2025-10-08,1,38,35,8,9,46,37,27
2025-10-08,2,6,8,34,41,21,24,46
2025-10-10,1,20,5,27,35,15,13,30
2025-10-10,2,37,41,28,30,9,24,34
2025-10-12,1,11,16,5,20,46,39,18
2025-10-12,2,39,26,24,41,11,42,35
2025-10-15,1,38,34,17,41,49,45,1
2025-10-15,2,6,19,42,43,23,31,34
2025-10-17,1,5,4,41,33,48,44,27
2025-10-17,2,38,22,40,14,1,42,27
2025-10-19,1,36,9,39,19,17,32,38
2025-10-19,2,48,47,38,36,42,33,34
2025-10-22,1,11,40,31,16,13,25,41
2025-10-22,2,49,2,14,17,30,40,45
2025-10-24,1,28,14,17,18,33,31,20
2025-10-24,2,25,16,18,5,3,49,48
2025-10-26,1,37,30,11,9,4,8,38
2025-10-26,2,34,24,26,36,9,14,1
2025-10-29,1,3,25,9,45,8,46,23
2025-10-29,2,29,9,23,25,26,42,4
2025-11-02,1,21,43,33,38,44,8,46
2025-11-02,2,9,25,3,1,30,34,44
2025-11-05,1,16,17,19,18,20,14,27
2025-11-05,2,48,19,14,35,2,32,11
2025-11-07,1,11,33,34,41,12,17,30
2025-11-07,2,21,27,38,40,41,16,33
2025-11-09,1,35,19,47,29,45,43,26
2025-11-09,2,49,43,39,17,10,5,35
2025-11-12,1,28,31,35,22,47,8,44
2025-11-12,2,11,3,37,2,46,42,35
2025-11-14,1,35,47,32,12,5,44,6
2025-11-14,2,37,32,49,4,31,13,44
2025-11-16,1,15,25,45,41,7,22,37
2025-11-16,2,21,48,6,27,30,39,49
2025-11-19,1,19,43,38,29,46,35,18
2025-11-19,2,6,38,8,36,10,2,39
2025-11-21,1,46,17,4,19,39,29,5
2025-11-21,2,49,32,13,29,11,26,5
2025-11-23,1,38,4,43,15,30,33,7
2025-11-23,2,46,27,9,30,21,25,22
2025-11-26,1,14,23,19,39,38,6,22
2025-11-26,2,21,31,49,34,13,37,14
2025-11-28,1,18,23,42,5,22,47,37
2025-11-28,2,9,37,6,34,23,30,13
2025-12-03,1,30,41,28,26,14,3,34
2025-12-03,2,38,22,15,33,27,20,49
2025-12-05,1,7,23,44,41,37,3,34
2025-12-05,2,3,49,28,48,1,32,15
2025-12-07,1,12,39,20,46,45,30,25
2025-12-07,2,14,32,36,28,39,38,12
2025-12-10,1,33,6,34,29,20,31,28
2025-12-10,2,10,42,17,23,13,44,20
2025-12-12,1,3,48,26,4,14,1,31
2025-12-12,2,16,18,7,12,10,3,5
2025-12-14,1,45,18,33,2,16,34,6
2025-12-14,2,15,28,6,19,40,21,23
2025-12-17,1,43,12,36,8,15,49,21
2025-12-17,2,14,41,40,12,13,8,35
2025-12-19,1,18,44,10,21,28,8,49
2025-12-19,2,20,1,38,28,24,14,44
2025-12-21,1,7,36,45,44,17,26,31
2025-12-21,2,31,35,26,16,13,28,23
2025-12-24,1,21,40,17,7,28,16,10
2025-12-24,2,27,28,26,31,12,40,48
2025-12-26,1,4,21,3,17,34,29,24
2025-12-26,2,16,39,10,13,36,3,7
2025-12-28,1,5,30,2,1,13,48,35
2025-12-28,2,43,1,27,20,36,2,35
2026-01-02,1,41,2,31,25,8,5,15
2026-01-02,2,32,21,18,24,38,12,27
2026-01-04,1,8,35,31,33,28,11,24
2026-01-04,2,25,24,12,6,22,26,1
2026-01-07,1,47,10,14,45,31,33,40
2026-01-07,2,48,19,11,20,15,10,38
2026-01-09,1,48,20,14,41,45,27,10
2026-01-09,2,20,16,27,13,30,18,44
2026-01-11,1,29,16,39,40,18,4,48
2026-01-11,2,18,31,42,34,36,22,24
2026-01-14,1,14,27,13,49,3,16,11
2026-01-14,2,20,17,44,12,31,23,25
2026-01-16,1,42,38,37,35,43,36,7
2026-01-16,2,36,22,20,4,12,19,45
2026-01-18,1,46,25,4,37,11,18,44
2026-01-18,2,39,28,44,27,19,31,1
2026-01-21,1,18,5,49,7,12,27,9
2026-01-21,2,49,48,46,12,25,13,6
2026-01-23,1,31,32,10,44,41,40,16
2026-01-23,2,41,14,6,33,34,15,5
2026-01-25,1,27,28,1,31,19,8,11
2026-01-25,2,5,18,47,41,6,29,35
2026-01-28,1,11,26,12,14,36,24,41
2026-01-28,2,20,38,32,26,27,41,24
2026-01-30,1,13,12,7,42,14,2,36
2026-01-30,2,20,4,44,27,24,36,19
2026-02-04,1,21,42,14,10,13,49,38
2026-02-04,2,11,32,46,21,5,33,45
2026-02-06,1,10,19,46,4,38,40,20
2026-02-06,2,36,47,19,34,18,42,9
2026-02-08,1,41,20,49,48,5,1,22
2026-02-08,2,27,4,41,7,34,9,31
2026-02-11,1,42,48,36,41,40,12,29
2026-02-11,2,44,20,18,35,14,31,4
2026-02-13,1,29,15,39,2,41,6,5
2026-02-13,2,27,42,24,40,28,15,49
2026-02-15,1,27,1,15,22,21,11,36
2026-02-15,2,25,16,47,19,38,42,37
2026-02-18,1,42,19,24,6,27,11,37
2026-02-18,2,30,8,46,27,33,7,1
2026-02-20,1,38,28,35,45,9,11,21
2026-02-20,2,23,27,4,15,49,20,17
2026-02-22,1,13,37,12,47,41,19,36
2026-02-22,2,4,3,37,30,23,48,18
2026-02-25,1,2,8,45,18,11,48,4
2026-02-25,2,23,42,18,24,29,45,8
2026-02-27,1,1,8,15,28,34,49,29
2026-02-27,2,18,45,35,19,37,30,4
2026-03-04,1,45,14,11,36,15,21,13
2026-03-04,2,46,18,8,22,5,12,3
2026-03-06,1,17,1,42,23,33,45,19
2026-03-06,2,29,5,27,17,20,12,40
2026-03-08,1,3,45,6,34,46,25,39
2026-03-08,2,13,4,15,19,6,41,2
2026-03-11,1,47,17,49,44,5,1,22
2026-03-11,2,38,29,30,11,49,33,40
2026-03-13,1,1,40,32,49,30,42,27
2026-03-13,2,34,49,32,16,26,2,30
2026-03-15,1,25,12,33,19,20,18,32
2026-03-15,2,15,42,21,3,31,2,10
2026-03-18,1,47,34,16,29,24,8,7
2026-03-18,2,9,13,27,15,7,8,23
2026-03-20,1,6,35,31,45,14,11,8
2026-03-20,2,13,34,26,7,33,49,6
2026-03-22,1,13,12,25,22,21,46,32
2026-03-22,2,19,33,30,2,38,34,16
2026-03-25,1,24,28,6,11,25,18,22
2026-03-25,2,28,15,36,27,46,16,43
2026-03-27,1,27,7,19,14,38,40,3
2026-03-27,2,19,3,20,11,18,15,14
2026-03-29,1,47,43,37,13,44,28,23
2026-03-29,2,1,45,33,41,9,20,8
2026-04-03,1,18,8,10,12,6,27,13
2026-04-03,2,3,6,31,16,43,11,28
2026-04-05,1,17,16,36,38,6,33,43
2026-04-05,2,23,9,5,25,44,31,1
2026-04-08,1,15,10,30,4,39,32,18
2026-04-08,2,44,48,20,35,9,49,10
2026-04-10,1,24,43,5,19,16,4,22
2026-04-10,2,34,25,1,4,14,43,12
2026-04-12,1,18,12,15,34,48,39,45
2026-04-12,2,15,33,39,42,22,14,46
2026-04-15,1,30,27,43,5,29,21,6
2026-04-15,2,40,30,23,38,26,32,6
2026-04-17,1,34,6,30,38,4,22,32
2026-04-17,2,30,13,7,41,47,4,37
2026-04-19,1,15,18,11,45,38,7,27
2026-04-19,2,37,19,9,28,31,48,44
2026-04-22,1,42,9,30,20,21,26,18
2026-04-22,2,16,28,9,42,12,20,11
2026-04-24,1,9,26,11,14,28,27,30
2026-04-24,2,11,27,22,13,34,48,41
2026-04-26,1,39,29,5,21,11,45,26
2026-04-26,2,21,40,18,5,41,20,46
2026-04-29,1,43,42,5,8,21,48,45
2026-04-29,2,42,15,48,11,2,47,16
2026-05-03,1,26,3,40,46,33,11,49
2026-05-03,2,33,43,4,29,38,40,25
2026-05-06,1,3,35,49,7,26,20,10
2026-05-06,2,11,46,21,22,34,29,27
2026-05-08,1,42,31,1,32,18,38,8
2026-05-08,2,42,23,18,5,20,17,36
2026-05-10,1,46,6,40,28,18,29,19
2026-05-10,2,38,46,19,11,24,36,18
2026-05-13,1,30,42,31,48,41,44,35
2026-05-13,2,42,44,24,31,25,14,45
2026-05-15,1,41,29,3,19,49,32,30
2026-05-15,2,49,7,13,32,8,30,15
2026-05-17,1,9,45,41,46,39,2,16
2026-05-17,2,17,22,36,38,20,44,41
2026-05-20,1,1,16,15,48,7,28,41
2026-05-20,2,15,6,49,44,11,35,46
2026-05-22,1,19,28,38,9,20,31,48
2026-05-22,2,48,19,8,17,33,13,35
2026-05-24,1,16,28,41,38,20,27,44
2026-05-24,2,46,35,1,29,12,39,3
2026-05-27,1,19,34,29,44,35,4,30
2026-05-27,2,36,18,12,15,32,44,47
2026-05-29,1,47,25,4,7,48,39,40
2026-05-29,2,4,22,36,34,23,8,48
2026-06-03,1,6,48,49,31,14,1,40
2026-06-03,2,48,9,26,17,30,36,8
2026-06-05,1,19,10,45,31,21,37,1
2026-06-05,2,39,47,42,21,8,7,27
2026-06-07,1,9,43,5,30,42,29,2
2026-06-07,2,45,3,37,9,5,44,40
2026-06-10,1,6,34,46,44,27,21,39
2026-06-10,2,12,25,13,24,10,16,28
2026-06-12,1,25,13,26,11,45,14,1
2026-06-12,2,40,3,25,18,4,49,43
2026-06-14,1,8,37,47,20,9,28,12
2026-06-14,2,47,35,23,14,18,36,19
2026-06-17,1,37,9,32,23,1,16,34
2026-06-17,2,9,22,11,15,7,21,38
2026-06-19,1,23,7,14,46,3,34,8
2026-06-19,2,3,4,35,8,38,39,20
2026-06-21,1,6,20,44,23,45,24,37
2026-06-21,2,48,31,49,6,43,38,4
2026-06-24,1,32,16,47,39,21,4,22
2026-06-24,2,13,36,24,34,9,47,6
2026-06-26,1,40,5,13,22,24,38,30
2026-06-26,2,16,29,34,47,17,40,9
2026-06-28,1,27,13,3,42,26,14,38
2026-06-28,2,43,21,40,36,15,19,10
2026-07-03,1,37,11,18,32,47,10,48
2026-07-03,2,33,1,32,47,42,20,19
2026-07-05,1,28,15,1,36,35,26,32
2026-07-05,2,22,41,30,13,16,1,36
2026-07-08,1,37,27,13,19,23,24,46
2026-07-08,2,19,8,28,43,29,38,15
2026-07-10,1,32,31,24,34,48,26,27
2026-07-10,2,24,25,40,3,22,44,15
2026-07-12,1,42,41,24,17,3,48,12
2026-07-12,2,11,42,45,17,40,39,49
2026-07-15,1,6,34,48,9,17,1,23
2026-07-15,2,12,42,16,37,27,14,20
2026-07-17,1,36,35,9,8,14,12,4
2026-07-17,2,18,3,23,11,38,39,14
2026-07-19,1,10,28,40,11,34,37,42
2026-07-19,2,47,42,1,12,32,17,49
2026-07-22,1,10,9,8,40,41,39,18
2026-07-22,2,3,21,20,22,35,9,34
2026-07-24,1,18,24,49,12,17,27,8
2026-07-24,2,3,18,45,48,49,32,25
2026-07-26,1,11,45,49,40,9,8,6
2026-07-26,2,22,37,12,1,25,39,30
2026-07-29,1,20,31,29,9,47,23,36
2026-07-29,2,5,16,36,46,13,43,11
2026-08-02,1,38,3,7,19,27,32,12
2026-08-02,2,36,23,42,41,12,19,46
2026-08-05,1,19,48,23,3,8,2,10
2026-08-05,2,49,18,9,15,31,6,46
2026-08-07,1,41,44,46,4,29,2,17
2026-08-07,2,20,33,9,42,1,36,49
2026-08-09,1,14,48,43,23,20,13,4
2026-08-09,2,29,5,46,45,48,31,27
2026-08-12,1,29,40,15,13,12,33,36
2026-08-12,2,4,46,41,5,25,1,36
