number,count,expected,z,p_raw,p_fdr
1,858,924.49,-2.33436,0.0195416,0.532931
2,932,924.49,0.263672,0.7923,0.897283
3,910,924.49,-0.508716,0.623068,0.897283
4,922,924.49,-0.0874131,0.944023,0.944023
5,915,924.49,-0.333173,0.752029,0.897283
6,969,924.49,1.56269,0.118214,0.88893
7,900,924.49,-0.859801,0.399446,0.88893
8,900,924.49,-0.859801,0.399446,0.88893
9,915,924.49,-0.333173,0.752029,0.897283
10,899,924.49,-0.894909,0.380094,0.88893
11,892,924.49,-1.14067,0.261217,0.88893
12,936,924.49,0.404106,0.686386,0.897283
13,964,924.49,1.38715,0.165502,0.88893
14,939,924.49,0.509432,0.610686,0.897283
15,903,924.49,-0.754475,0.460954,0.88893
16,894,924.49,-1.07045,0.292208,0.88893
17,935,924.49,0.368998,0.712385,0.897283
18,936,924.49,0.404106,0.686386,0.897283
19,906,924.49,-0.64915,0.527423,0.897283
20,967,924.49,1.49247,0.13567,0.88893
21,919,924.49,-0.192739,0.860659,0.897283
22,930,924.49,0.193455,0.846877,0.897283
23,930,924.49,0.193455,0.846877,0.897283
24,887,924.49,-1.31621,0.19391,0.88893
25,899,924.49,-0.894909,0.380094,0.88893
26,952,924.49,0.965843,0.334285,0.88893
27,901,924.49,-0.824692,0.419379,0.88893
28,932,924.49,0.263672,0.7923,0.897283
29,967,924.49,1.49247,0.13567,0.88893
30,959,924.49,1.2116,0.225791,0.88893
31,945,924.49,0.720083,0.471677,0.88893
32,899,924.49,-0.894909,0.380094,0.88893
33,898,924.49,-0.930018,0.361329,0.88893
34,946,924.49,0.755192,0.450331,0.88893
35,913,924.49,-0.40339,0.699363,0.897283
36,958,924.49,1.17649,0.239528,0.88893
37,911,924.49,-0.473607,0.648104,0.897283
38,937,924.49,0.439215,0.660753,0.897283
39,932,924.49,0.263672,0.7923,0.897283
40,934,924.49,0.333889,0.738723,0.897283
41,952,924.49,0.965843,0.334285,0.88893
42,930,924.49,0.193455,0.846877,0.897283
43,922,924.49,-0.0874131,0.944023,0.944023
44,984,924.49,2.08932,0.0382974,0.532931
45,867,924.49,-2.01838,0.0435045,0.532931
46,896,924.49,-1.00024,0.325577,0.88893
47,983,924.49,2.05421,0.0416956,0.532931
48,911,924.49,-0.473607,0.648104,0.897283
49,914,924.49,-0.368281,0.725534,0.897283
