city,date,product,price,currency,source_url
Vienna,2004-06-27,"Jahreskarte (Kernzone Wien), one-off/cash payment; observed price (417 with monthly debit); in force from before this date",409,EUR,https://web.archive.org/web/20040627011915/http://www.wienerlinien.at:80/barrierefreie_informationen/Fahrscheine/jahreskarte.html
Vienna,2006-05-07,"Jahreskarte, one-off/cash payment; last observation at 409 (also 2005-03-11, 2005-10-29)",409,EUR,https://web.archive.org/web/20060507082916/http://www.wienerlinien.at:80/barrierefreie_informationen/Fahrscheine/jahreskarte.html
Vienna,2008-04-04,"Jahreskarte, one-off/cash payment; FIRST OBSERVED at 449 - the date of the 409->449 change (between 2006-05 and 2008-04) was not found",449,EUR,https://web.archive.org/web/20080404044516/http://www.wienerlinien.at:80/wl/ep/channelView.do;jsessionid=D2D5DD63695D73EB1A93CCF7D033F62C?channelId=-16983&displayPage=%2Fep%2Fchannel%2FteaserBoxed.jsp&pageTypeId=9083
Vienna,2011-10-19,"Jahreskarte, one-off/cash payment (458 with monthly debit); observed",449,EUR,https://web.archive.org/web/20111019182106/http://www.wienerlinien.at/wl/ep/channelView.do/channelId/-16983/pageTypeId/9083
Vienna,2012-05-01,"Jahreskarte, one-off payment; new tariff from 1 May 2012 per Wiener Linien ""Neue Tarife 2012"" page (web.archive.org/web/20120212095455/http://www.wienerlinien.at/eportal/ep/channelView.do/pageTypeId/9083/channelId/-32055); price 365 confirmed in the cited 2015 snapshot (design §1: 449 -> 365)",365,EUR,https://web.archive.org/web/20150510103600/http://www.wienerlinien.at/eportal2/ep/channelView.do/pageTypeId/66526/channelId/-46642
Vienna,2018-05-31,"Jahreskarte, one-off payment; observed",365,EUR,https://web.archive.org/web/20180531163855/https://www.wienerlinien.at/eportal3/ep/channelView.do/pageTypeId/66526/channelId/-46642
Vienna,2021-04-27,"Jahreskarte Erwachsene, one-off payment (396 with monthly payment); observed",365,EUR,https://web.archive.org/web/20210427163841/https://www.wienerlinien.at/de/web/wiener-linien/jahreskarte
Vienna,2025-09-13,"Jahreskarte WIEN, one-off payment; observed",365,EUR,https://web.archive.org/web/20250913104656/https://www.wienerlinien.at/de/jahreskarte
Vienna,2026-01-01,"Jahreskarte WIEN (plastic card), one-off payment, validity start from 1 Jan 2026 (506.40 with monthly payment)",467,EUR,https://web.archive.org/web/20251215110650/https://www.wienerlinien.at/de/jahreskarte
Vienna,2026-01-01,"Jahreskarte Digital WIEN, one-off payment, validity start from 1 Jan 2026 (500.40 with monthly payment)",461,EUR,https://web.archive.org/web/20251215110650/https://www.wienerlinien.at/de/jahreskarte
Vienna,2026-09-24,"Jahreskarte WIEN (plastic), one-off payment; observed (digital 461)",467,EUR,https://web.archive.org/web/20260924033947/https://www.wienerlinien.at/de/jahreskarte
Prague,2004-12-31,"Annual coupon, personal (časová jízdenka občanská zvýhodněná - roční), Prague P+0; price list in DPP annual report 2004, PDF p. 63; in force until 30 Jun 2005 per the donor screening",3800,CZK,https://www.dpp.cz/cs/data/V%C3%BDro%C4%8Dn%C3%AD%20zpr%C3%A1vy/DPP_VYROCNI_ZPRAVA_2004.pdf
Prague,2005-07-01,"Annual coupon, personal, Prague P+0; DPP annual report 2005 price list PDF p. 63 shows 4 150; effective date 1 Jul 2005 from the donor screening (PID tariff archive), not restated in this report",4150,CZK,https://www.dpp.cz/cs/data/V%C3%BDro%C4%8Dn%C3%AD%20zpr%C3%A1vy/DPP_VYROCNI_ZPRAVA_2005.pdf
Prague,2007-12-31,"Annual coupon, personal, Prague P+0; price list in DPP annual report 2007",4150,CZK,https://www.dpp.cz/cs/data/V%C3%BDro%C4%8Dn%C3%AD%20zpr%C3%A1vy/DPP_VYROCNI_ZPRAVA_2007.pdf
Prague,2008-01-01,"Annual coupon, personal (časový kupon občanský zvýhodněný - roční), Prague P+0; price list DPP annual report 2008, PDF p. 96; date 1 Jan 2008 from the donor screening",4750,CZK,https://www.dpp.cz/cs/data/V%C3%BDro%C4%8Dn%C3%AD%20zpr%C3%A1vy/DPP_VYROCNI_ZPRAVA_2008.pdf
Prague,2015-07-01,"Annual (365-day) coupon, personal, Prague; DPP annual report 2015, PDF p. 14: ""snížení ceny roční jízdenky od 1. 7. 2015 ze 4750 Kč na 3650 Kč""; price table PDF p. 58 shows 4 750 in 2011-2014",3650,CZK,https://www.dpp.cz/cs/data/V%C3%BDro%C4%8Dn%C3%AD%20zpr%C3%A1vy/DPP_VYROCNI_ZPRAVA_2015.pdf
Prague,2018-08-01,"Annual / 365-day coupon, adult full fare (plnocenné), Prague; PID tariff valid from 1 Aug 2018",3650,CZK,https://pid.cz/wp-content/uploads/system/tarif_spp_historie/tarif_PID_2018-08-01_komplet.pdf
Prague,2021-08-01,"Annual / 365-day coupon, adult, Prague; PID tariff valid from 1 Aug 2021",3650,CZK,https://pid.cz/wp-content/uploads/system/tarif_spp_historie/tarif_PID_2021-08-01_komplet.pdf
Prague,2023-04-01,"Annual / 365-day coupon, adult, Prague; PID tariff valid from 1 Apr 2023",3650,CZK,https://pid.cz/wp-content/uploads/system/tarif_spp_historie/tarif_PID_2023-04-01_komplet.pdf
Prague,2026-01-01,"Annual / 365-day coupon, adult, Prague; PID tariff valid from 1 Jan 2026",3650,CZK,https://pid.cz/wp-content/uploads/system/tarif_spp_historie/Tarif_PID_2026-01-01_komplet.pdf
Prague,2026-10-06,"Annual coupon (Roční, plnocenné), Prague; PID price page accessed 6 Oct 2026",3650,CZK,https://pid.cz/jizdne-a-tarif/
Brno,2004-09-01,"Annual pass, zones 100+101, Základní (adult), IDS JMK price list valid from 1 Sep 2004",3400,CZK,https://web.archive.org/web/20070119045646id_/http://www.idsjmk.cz:80/cenik/historie/040901/Cenik.pdf
Brno,2005-09-01,"Annual pass, zones 100+101, Základní; IDS JMK price list valid from 1 Sep 2005 (also 3 400 in the 1 Jul 2005 list)",3400,CZK,https://web.archive.org/web/20070119082250id_/http://www.idsjmk.cz:80/cenik/historie/050901/Cenik.pdf
Brno,2006-01-01,"Annual pass, zones 100+101, Základní; IDS JMK price list valid from 1 Jan 2006",3800,CZK,https://web.archive.org/web/20070101155850id_/http://www.idsjmk.cz:80/cenik/historie/060101/Cenik.pdf
Brno,2007-01-01,"Annual pass, zones 100+101, Základní; IDS JMK price list valid from 1 Jan 2007 (unchanged in the 4 Mar 2007 list)",3800,CZK,https://web.archive.org/web/20101125154705id_/http://idsjmk.cz/cenik/historie/070101/Cenik.pdf
Brno,2008-01-01,"Annual pass, zones 100+101, Základní; IDS JMK price list valid from 1 Jan 2008",3700,CZK,https://web.archive.org/web/20101125160809id_/http://idsjmk.cz/cenik/historie/080101/Cenik.pdf
Brno,2008-12-01,"Annual pass, zones 100+101, Základní; IDS JMK price list valid from 1 Dec 2008 (PDF created 20 Nov 2008) already shows 4 430 - the donor screening dated this level to Apr 2009",4430,CZK,https://web.archive.org/web/20101125155232id_/http://idsjmk.cz/cenik/historie/081201/Cenik.pdf
Brno,2009-04-01,"Annual pass, zones 100+101, Základní; IDS JMK price list valid from 1 Apr 2009 (same in the 30 Jun 2010 and 1 Jul 2010 lists)",4430,CZK,https://web.archive.org/web/20090306072934id_/http://www.idsjmk.cz:80/cenik/Cenik090401.pdf
Brno,2012-01-01,"Annual pass, zones 100+101, Základní; IDS JMK price list valid from 1 Jan 2012",4750,CZK,https://web.archive.org/web/20120203111749id_/http://www.idsjmk.cz/cenik/Cenik2012.pdf
Brno,2018-09-01,"Annual pass, zones 100+101, Základní; IDS JMK price list valid from 1 Sep 2018 (concession passes halved at this date; adult unchanged)",4750,CZK,https://web.archive.org/web/20180901181517id_/https://www.idsjmk.cz/cenik/180901Cenik.pdf
Brno,2024-07-01,"Annual pass, zones 100+101, Základní (electronic, non-transferable); DPMB price list valid from 1 Jul 2024",4750,CZK,https://www.dpmb.cz/sites/default/files/downloads/2024/07/cenik_2024_07_01.pdf
Brno,2026-10-01,"Annual pass, zones 100+101, Základní (electronic); DPMB tariff valid from 1 Oct 2026, annex 1 art. 2",4750,CZK,https://www.dpmb.cz/sites/default/files/downloads/2026/10/tarif_dpmb_1_10.pdf
Berlin,2019-01-01,"VBB-Umweltkarte Berlin AB, annual subscription paid once a year; 728 EUR 2016-2019 per the donor screening (Wayback of vbbonline.de/bvg.de; snapshot URL not recorded there, not re-verified here)",728,EUR,docs/research/annual-pass-donors.md
Berlin,2021-08-23,"VBB-Umweltkarte (Abo) Berlin AB, yearly one-off payment; observed",728,EUR,https://web.archive.org/web/20210823084535/https://www.bvg.de/de/tickets-und-tarife/alle-abos/vbb-umweltkarte
Berlin,2021-08-23,"VBB-Umweltkarte (Abo) Berlin AB, 12 monthly payments of 63.42 (annual total); observed",761,EUR,https://web.archive.org/web/20210823084535/https://www.bvg.de/de/tickets-und-tarife/alle-abos/vbb-umweltkarte
Berlin,2022-01-16,"Monatskarte (VBB-Umweltkarte, single month) Berlin AB, Regeltarif; observed",86,EUR,https://web.archive.org/web/20220116213743/https://www.bvg.de/de/tickets-und-tarife/alle-tickets/zeitkarten/monatskarte
Berlin,2022-06-01,"9-Euro-Ticket, per calendar month, valid June, July, August 2022 (nationwide local transport)",9,EUR,https://web.archive.org/web/20220506115546/https://www.vbb.de/tickets/sondertickets/9-euro-ticket/allgemeines/
Berlin,2022-10-01,"29-Euro-Abo-Aktion Berlin AB, per month for subscriptions Oct-Dec 2022 (later extended to 31 Mar 2023)",29,EUR,https://web.archive.org/web/20221203235728/https://www.bvg.de/de/tickets-und-tarife/alle-abos/vbb-umweltkarte
Berlin,2022-12-03,"VBB-Umweltkarte (Abo) Berlin AB, yearly one-off payment (761 with monthly payment); observed, unchanged",728,EUR,https://web.archive.org/web/20221203235728/https://www.bvg.de/de/tickets-und-tarife/alle-abos/vbb-umweltkarte
Berlin,2023-02-06,"Monatskarte Berlin AB, Regeltarif; observed",86,EUR,https://web.archive.org/web/20230206061905/https://www.bvg.de/de/abos-und-tickets/alle-tickets/zeitkarten/monatskarte
Berlin,2023-04-03,"VBB-Umweltkarte (Abo) Berlin AB, yearly one-off payment; observed",774,EUR,https://web.archive.org/web/20230403144049/https://www.bvg.de/de/abos-und-tickets/alle-abos/vbb-umweltkarte
Berlin,2023-04-03,"VBB-Umweltkarte (Abo) Berlin AB, 12 monthly payments of 66.90 (annual total); observed",802.8,EUR,https://web.archive.org/web/20230403144049/https://www.bvg.de/de/abos-und-tickets/alle-abos/vbb-umweltkarte
Berlin,2023-05-01,"Deutschlandticket, monthly subscription price, from 1 May 2023",49,EUR,https://web.archive.org/web/20230501163414/https://www.bvg.de/de/abos-und-tickets/alle-abos/deutschlandticket
Berlin,2024-01-03,"VBB-Umweltkarte (Abo) Berlin AB, monthly payment only listed (per month); observed",71.4,EUR,https://web.archive.org/web/20240103063223/https://www.bvg.de/de/abos-und-tickets/alle-abos/vbb-umweltkarte
Berlin,2024-02-26,"Monatskarte Berlin AB, Regeltarif; observed",99,EUR,https://web.archive.org/web/20240226215709/https://www.bvg.de/de/abos-und-tickets/alle-tickets/zeitkarten/monatskarte
Berlin,2024-08-07,"Berlin-Abo (29-euro ticket) Berlin AB, per month, 12-month minimum term; observed (start date not captured)",29,EUR,https://web.archive.org/web/20240807121753/https://www.vbb.de/tickets/abonnements/berlin-abo/
Berlin,2025-01-01,"Deutschlandticket, monthly subscription price, from 1 Jan 2025 (page: ""Ab 01.01.2025 erhöht sich der Preis auf 58 Euro"")",58,EUR,https://web.archive.org/web/20250217103802/https://www.bvg.de/de/abos-und-tickets/alle-abos/deutschlandticket
Berlin,2025-01-20,"VBB-Umweltkarte (Abo) Berlin AB, per month (monthly payment); observed",76.7,EUR,https://web.archive.org/web/20250120094941/https://www.bvg.de/de/abos-und-tickets/alle-abos/vbb-umweltkarte
Berlin,2025-01-20,"Monatskarte Berlin AB, Regeltarif; observed",106.5,EUR,https://web.archive.org/web/20250120094941/https://www.bvg.de/de/abos-und-tickets/alle-tickets/zeitkarten/monatskarte
Berlin,2026-01-01,"Deutschlandticket, monthly subscription price; observed 18 Jan 2026",63,EUR,https://web.archive.org/web/20260118104538/https://www.bvg.de/de/abos-und-tickets/alle-abos/deutschlandticket
Berlin,2026-01-09,"VBB-Umweltkarte (Abo) Berlin AB, per month (monthly payment); observed",81.3,EUR,https://web.archive.org/web/20260109100338/https://www.bvg.de/de/abos-und-tickets/alle-abos/vbb-umweltkarte
Berlin,2026-02-04,"Monatskarte Berlin AB, Regeltarif; observed",113,EUR,https://web.archive.org/web/20260204112928/https://www.bvg.de/de/abos-und-tickets/alle-tickets/zeitkarten/monatskarte
