city,year,passengers_million,source_url,source_detail,note
Vienna,1995,687.5,https://www.wien.gv.at/data/ogd/ma20/fahrgaeste2024.csv,"Stadt Wien OGD 'Fahrgastzahlen der Wiener Linien' (fahrgaeste2024.csv, columns UNDERGROUND+TRAM+BUS): U 350.9 + tram 217.2 + bus 119.4 mil.","MA23 tables tab-3-2-1/2/3 start in 2001, so 1995-2000 are taken from the Stadt Wien OGD CSV (same publisher, source Wiener Linien). Mode split before 2012 allocated by seat-km (see 2012 note); total used."
Vienna,1996,696.5,https://www.wien.gv.at/data/ogd/ma20/fahrgaeste2024.csv,"Stadt Wien OGD 'Fahrgastzahlen der Wiener Linien' (fahrgaeste2024.csv, columns UNDERGROUND+TRAM+BUS): U 370.6 + tram 212.7 + bus 113.2 mil.","MA23 tables tab-3-2-1/2/3 start in 2001, so 1995-2000 are taken from the Stadt Wien OGD CSV (same publisher, source Wiener Linien). Mode split before 2012 allocated by seat-km (see 2012 note); total used."
Vienna,1997,698.7,https://www.wien.gv.at/data/ogd/ma20/fahrgaeste2024.csv,"Stadt Wien OGD 'Fahrgastzahlen der Wiener Linien' (fahrgaeste2024.csv, columns UNDERGROUND+TRAM+BUS): U 375.7 + tram 211.9 + bus 111.1 mil.","MA23 tables tab-3-2-1/2/3 start in 2001, so 1995-2000 are taken from the Stadt Wien OGD CSV (same publisher, source Wiener Linien). Mode split before 2012 allocated by seat-km (see 2012 note); total used."
Vienna,1998,704.2,https://www.wien.gv.at/data/ogd/ma20/fahrgaeste2024.csv,"Stadt Wien OGD 'Fahrgastzahlen der Wiener Linien' (fahrgaeste2024.csv, columns UNDERGROUND+TRAM+BUS): U 377.9 + tram 214.3 + bus 112.0 mil.","MA23 tables tab-3-2-1/2/3 start in 2001, so 1995-2000 are taken from the Stadt Wien OGD CSV (same publisher, source Wiener Linien). Mode split before 2012 allocated by seat-km (see 2012 note); total used."
Vienna,1999,711.4,https://www.wien.gv.at/data/ogd/ma20/fahrgaeste2024.csv,"Stadt Wien OGD 'Fahrgastzahlen der Wiener Linien' (fahrgaeste2024.csv, columns UNDERGROUND+TRAM+BUS): U 386.2 + tram 213.7 + bus 111.5 mil.","MA23 tables tab-3-2-1/2/3 start in 2001, so 1995-2000 are taken from the Stadt Wien OGD CSV (same publisher, source Wiener Linien). Mode split before 2012 allocated by seat-km (see 2012 note); total used."
Vienna,2000,724.9,https://www.wien.gv.at/data/ogd/ma20/fahrgaeste2024.csv,"Stadt Wien OGD 'Fahrgastzahlen der Wiener Linien' (fahrgaeste2024.csv, columns UNDERGROUND+TRAM+BUS): U 395.6 + tram 216.1 + bus 113.2 mil.","MA23 tables tab-3-2-1/2/3 start in 2001, so 1995-2000 are taken from the Stadt Wien OGD CSV (same publisher, source Wiener Linien). Mode split before 2012 allocated by seat-km (see 2012 note); total used."
Vienna,2001,729.5,"https://www.wien.gv.at/downloads/ma23/ogd/tab-3-2-{1,2,3}-schie.xlsx",Stadt Wien MA23 OGD tab-3-2-1 (U-Bahn) 413.1 + tab-3-2-2 (Straßenbahn) 206.7 + tab-3-2-3 (Autobus) 109.7 mil. 'Fahrgäste'; source Wiener Linien GmbH & Co KG,Mode split allocated by seat-km up to 2011 (MA23 footnote 1); total used. A Wiener Linien directly published total was not retrieved (wienerlinien.at pages are script-rendered).
Vienna,2002,722.4,"https://www.wien.gv.at/downloads/ma23/ogd/tab-3-2-{1,2,3}-schie.xlsx",Stadt Wien MA23 OGD tab-3-2-1 (U-Bahn) 409.6 + tab-3-2-2 (Straßenbahn) 204 + tab-3-2-3 (Autobus) 108.8 mil. 'Fahrgäste'; source Wiener Linien GmbH & Co KG,Mode split allocated by seat-km up to 2011 (MA23 footnote 1); total used. A Wiener Linien directly published total was not retrieved (wienerlinien.at pages are script-rendered).
Vienna,2003,722.011,"https://www.wien.gv.at/downloads/ma23/ogd/tab-3-2-{1,2,3}-schie.xlsx",Stadt Wien MA23 OGD tab-3-2-1 (U-Bahn) 409.692 + tab-3-2-2 (Straßenbahn) 203.754 + tab-3-2-3 (Autobus) 108.565 mil. 'Fahrgäste'; source Wiener Linien GmbH & Co KG,Mode split allocated by seat-km up to 2011 (MA23 footnote 1); total used. Mode values given with 3 decimals in the MA23 tables; sum kept at 3 decimals. A Wiener Linien directly published total was not retrieved (wienerlinien.at pages are script-rendered).
Vienna,2004,735.334,"https://www.wien.gv.at/downloads/ma23/ogd/tab-3-2-{1,2,3}-schie.xlsx",Stadt Wien MA23 OGD tab-3-2-1 (U-Bahn) 420.152 + tab-3-2-2 (Straßenbahn) 204.713 + tab-3-2-3 (Autobus) 110.469 mil. 'Fahrgäste'; source Wiener Linien GmbH & Co KG,Mode split allocated by seat-km up to 2011 (MA23 footnote 1); total used. Mode values given with 3 decimals in the MA23 tables; sum kept at 3 decimals. A Wiener Linien directly published total was not retrieved (wienerlinien.at pages are script-rendered).
Vienna,2005,746.806,"https://www.wien.gv.at/downloads/ma23/ogd/tab-3-2-{1,2,3}-schie.xlsx",Stadt Wien MA23 OGD tab-3-2-1 (U-Bahn) 427.436 + tab-3-2-2 (Straßenbahn) 207.72 + tab-3-2-3 (Autobus) 111.65 mil. 'Fahrgäste'; source Wiener Linien GmbH & Co KG,Mode split allocated by seat-km up to 2011 (MA23 footnote 1); total used. Mode values given with 3 decimals in the MA23 tables; sum kept at 3 decimals. A Wiener Linien directly published total was not retrieved (wienerlinien.at pages are script-rendered).
Vienna,2006,772.096,"https://www.wien.gv.at/downloads/ma23/ogd/tab-3-2-{1,2,3}-schie.xlsx",Stadt Wien MA23 OGD tab-3-2-1 (U-Bahn) 449.95 + tab-3-2-2 (Straßenbahn) 204.656 + tab-3-2-3 (Autobus) 117.49 mil. 'Fahrgäste'; source Wiener Linien GmbH & Co KG,Mode split allocated by seat-km up to 2011 (MA23 footnote 1); total used. Mode values given with 3 decimals in the MA23 tables; sum kept at 3 decimals. A Wiener Linien directly published total was not retrieved (wienerlinien.at pages are script-rendered).
Vienna,2007,793.03,"https://www.wien.gv.at/downloads/ma23/ogd/tab-3-2-{1,2,3}-schie.xlsx",Stadt Wien MA23 OGD tab-3-2-1 (U-Bahn) 476.62 + tab-3-2-2 (Straßenbahn) 200.39 + tab-3-2-3 (Autobus) 116.02 mil. 'Fahrgäste'; source Wiener Linien GmbH & Co KG,Mode split allocated by seat-km up to 2011 (MA23 footnote 1); total used. Mode values given with 3 decimals in the MA23 tables; sum kept at 3 decimals. A Wiener Linien directly published total was not retrieved (wienerlinien.at pages are script-rendered).
Vienna,2008,803.642,"https://www.wien.gv.at/downloads/ma23/ogd/tab-3-2-{1,2,3}-schie.xlsx",Stadt Wien MA23 OGD tab-3-2-1 (U-Bahn) 498.15 + tab-3-2-2 (Straßenbahn) 190.52 + tab-3-2-3 (Autobus) 114.972 mil. 'Fahrgäste'; source Wiener Linien GmbH & Co KG,Mode split allocated by seat-km up to 2011 (MA23 footnote 1); total used. Mode values given with 3 decimals in the MA23 tables; sum kept at 3 decimals. A Wiener Linien directly published total was not retrieved (wienerlinien.at pages are script-rendered).
Vienna,2009,811.78,"https://www.wien.gv.at/downloads/ma23/ogd/tab-3-2-{1,2,3}-schie.xlsx",Stadt Wien MA23 OGD tab-3-2-1 (U-Bahn) 510.19 + tab-3-2-2 (Straßenbahn) 186.9 + tab-3-2-3 (Autobus) 114.69 mil. 'Fahrgäste'; source Wiener Linien GmbH & Co KG,Mode split allocated by seat-km up to 2011 (MA23 footnote 1); total used. A Wiener Linien directly published total was not retrieved (wienerlinien.at pages are script-rendered).
Vienna,2010,838.7,"https://www.wien.gv.at/downloads/ma23/ogd/tab-3-2-{1,2,3}-schie.xlsx",Stadt Wien MA23 OGD tab-3-2-1 (U-Bahn) 534.4 + tab-3-2-2 (Straßenbahn) 189.9 + tab-3-2-3 (Autobus) 114.4 mil. 'Fahrgäste'; source Wiener Linien GmbH & Co KG,Mode split allocated by seat-km up to 2011 (MA23 footnote 1); total used. A Wiener Linien directly published total was not retrieved (wienerlinien.at pages are script-rendered).
Vienna,2011,875,"https://www.wien.gv.at/downloads/ma23/ogd/tab-3-2-{1,2,3}-schie.xlsx",Stadt Wien MA23 OGD tab-3-2-1 (U-Bahn) 567.6 + tab-3-2-2 (Straßenbahn) 193.8 + tab-3-2-3 (Autobus) 113.6 mil. 'Fahrgäste'; source Wiener Linien GmbH & Co KG,Mode split allocated by seat-km up to 2011 (MA23 footnote 1); total used. A Wiener Linien directly published total was not retrieved (wienerlinien.at pages are script-rendered).
Vienna,2012,906.6,"https://www.wien.gv.at/downloads/ma23/ogd/tab-3-2-{1,2,3}-schie.xlsx",Stadt Wien MA23 OGD tab-3-2-1 (U-Bahn) 444.4 + tab-3-2-2 (Straßenbahn) 295.1 + tab-3-2-3 (Autobus) 167.1 mil. 'Fahrgäste'; source Wiener Linien GmbH & Co KG,METHOD BREAK in mode split only: MA23 footnote (1) - split by mode allocated by seat-km (Platzkilometer) up to 2011 and by passenger counts from 2012; the three-mode total is used. A Wiener Linien directly published total was not retrieved (wienerlinien.at pages are script-rendered).
Vienna,2013,900,"https://www.wien.gv.at/downloads/ma23/ogd/tab-3-2-{1,2,3}-schie.xlsx",Stadt Wien MA23 OGD tab-3-2-1 (U-Bahn) 428.8 + tab-3-2-2 (Straßenbahn) 293.6 + tab-3-2-3 (Autobus) 177.6 mil. 'Fahrgäste'; source Wiener Linien GmbH & Co KG,A Wiener Linien directly published total was not retrieved (wienerlinien.at pages are script-rendered).
Vienna,2014,931.2,"https://www.wien.gv.at/downloads/ma23/ogd/tab-3-2-{1,2,3}-schie.xlsx",Stadt Wien MA23 OGD tab-3-2-1 (U-Bahn) 439.8 + tab-3-2-2 (Straßenbahn) 304.8 + tab-3-2-3 (Autobus) 186.6 mil. 'Fahrgäste'; source Wiener Linien GmbH & Co KG,A Wiener Linien directly published total was not retrieved (wienerlinien.at pages are script-rendered).
Vienna,2015,939.1,"https://www.wien.gv.at/downloads/ma23/ogd/tab-3-2-{1,2,3}-schie.xlsx",Stadt Wien MA23 OGD tab-3-2-1 (U-Bahn) 440 + tab-3-2-2 (Straßenbahn) 298 + tab-3-2-3 (Autobus) 201.1 mil. 'Fahrgäste'; source Wiener Linien GmbH & Co KG,A Wiener Linien directly published total was not retrieved (wienerlinien.at pages are script-rendered).
Vienna,2016,954.2,"https://www.wien.gv.at/downloads/ma23/ogd/tab-3-2-{1,2,3}-schie.xlsx",Stadt Wien MA23 OGD tab-3-2-1 (U-Bahn) 440.1 + tab-3-2-2 (Straßenbahn) 305.8 + tab-3-2-3 (Autobus) 208.3 mil. 'Fahrgäste'; source Wiener Linien GmbH & Co KG,A Wiener Linien directly published total was not retrieved (wienerlinien.at pages are script-rendered).
Vienna,2017,961.7,"https://www.wien.gv.at/downloads/ma23/ogd/tab-3-2-{1,2,3}-schie.xlsx",Stadt Wien MA23 OGD tab-3-2-1 (U-Bahn) 453.6 + tab-3-2-2 (Straßenbahn) 305.8 + tab-3-2-3 (Autobus) 202.3 mil. 'Fahrgäste'; source Wiener Linien GmbH & Co KG,A Wiener Linien directly published total was not retrieved (wienerlinien.at pages are script-rendered).
Vienna,2018,965.9,"https://www.wien.gv.at/downloads/ma23/ogd/tab-3-2-{1,2,3}-schie.xlsx",Stadt Wien MA23 OGD tab-3-2-1 (U-Bahn) 463.1 + tab-3-2-2 (Straßenbahn) 305.5 + tab-3-2-3 (Autobus) 197.3 mil. 'Fahrgäste'; source Wiener Linien GmbH & Co KG,A Wiener Linien directly published total was not retrieved (wienerlinien.at pages are script-rendered).
Vienna,2019,960.7,"https://www.wien.gv.at/downloads/ma23/ogd/tab-3-2-{1,2,3}-schie.xlsx",Stadt Wien MA23 OGD tab-3-2-1 (U-Bahn) 459.8 + tab-3-2-2 (Straßenbahn) 304.8 + tab-3-2-3 (Autobus) 196.1 mil. 'Fahrgäste'; source Wiener Linien GmbH & Co KG,A Wiener Linien directly published total was not retrieved (wienerlinien.at pages are script-rendered).
Vienna,2020,574,"https://www.wien.gv.at/downloads/ma23/ogd/tab-3-2-{1,2,3}-schie.xlsx",Stadt Wien MA23 OGD tab-3-2-1 (U-Bahn) 265.1 + tab-3-2-2 (Straßenbahn) 186.1 + tab-3-2-3 (Autobus) 122.8 mil. 'Fahrgäste'; source Wiener Linien GmbH & Co KG,COVID year. A Wiener Linien directly published total was not retrieved (wienerlinien.at pages are script-rendered).
Vienna,2021,595.8,"https://www.wien.gv.at/downloads/ma23/ogd/tab-3-2-{1,2,3}-schie.xlsx",Stadt Wien MA23 OGD tab-3-2-1 (U-Bahn) 271.9 + tab-3-2-2 (Straßenbahn) 200.6 + tab-3-2-3 (Autobus) 123.3 mil. 'Fahrgäste'; source Wiener Linien GmbH & Co KG,COVID year. A Wiener Linien directly published total was not retrieved (wienerlinien.at pages are script-rendered).
Vienna,2022,747.4,"https://www.wien.gv.at/downloads/ma23/ogd/tab-3-2-{1,2,3}-schie.xlsx",Stadt Wien MA23 OGD tab-3-2-1 (U-Bahn) 348.5 + tab-3-2-2 (Straßenbahn) 246.5 + tab-3-2-3 (Autobus) 152.4 mil. 'Fahrgäste'; source Wiener Linien GmbH & Co KG,A Wiener Linien directly published total was not retrieved (wienerlinien.at pages are script-rendered).
Vienna,2023,792,"https://www.wien.gv.at/downloads/ma23/ogd/tab-3-2-{1,2,3}-schie.xlsx",Stadt Wien MA23 OGD tab-3-2-1 (U-Bahn) 352.4 + tab-3-2-2 (Straßenbahn) 273.4 + tab-3-2-3 (Autobus) 166.2 mil. 'Fahrgäste'; source Wiener Linien GmbH & Co KG,U-Bahn 352.4 in MA23 tab-3-2-1 vs 352.5 in the OGD CSV fahrgaeste2024.csv; MA23 value used. A Wiener Linien directly published total was not retrieved (wienerlinien.at pages are script-rendered).
Vienna,2024,872.8,"https://www.wien.gv.at/downloads/ma23/ogd/tab-3-2-{1,2,3}-schie.xlsx",Stadt Wien MA23 OGD tab-3-2-1 (U-Bahn) 404.8 + tab-3-2-2 (Straßenbahn) 291.8 + tab-3-2-3 (Autobus) 176.2 mil. 'Fahrgäste'; source Wiener Linien GmbH & Co KG,A Wiener Linien directly published total was not retrieved (wienerlinien.at pages are script-rendered).
Prague,2005,1147.4,https://www.dpp.cz/cs/data/V%C3%BDro%C4%8Dn%C3%AD%20zpr%C3%A1vy/DPP_VYROCNI_ZPRAVA_2005.pdf,"DPP Výroční zpráva 2005, PDF p. 56: ticket-sales based table ""Počet přepravených osob na území hl. m. Prahy (P+0) vč. lanové dráhy a ve vnějších pásmech"" (tis. osob); split metro 515 098; tram 339 525; bus incl. outer zones 292 777 (tis.)","The 2006 report notes a change of the passenger calculation method in 2005 (""V roce 2005 došlo ke změně metodiky výpočtu přepravených osob""; DP and contract carriers reported). DPP-only figure used. Each value from its own year's report; no restatement by a later report was found."
Prague,2006,1181.405,https://www.dpp.cz/cs/data/V%C3%BDro%C4%8Dn%C3%AD%20zpr%C3%A1vy/DPP_VYROCNI_ZPRAVA_2006.pdf,"DPP Výroční zpráva 2006, PDF p. 49: ticket-sales based table ""Počet přepravených osob na území hl. m. Prahy (P+0) vč. lanové dráhy a ve vnějších pásmech"" (tis. osob); split metro 531 239; tram 349 116; bus incl. outer zones 301 050 (tis.)",DPP only; the report also gives contract carriers 91 684 tis. and DP + contract carriers 1 273 089 tis. (not used). Each value from its own year's report; no restatement by a later report was found.
Prague,2007,1192.926,https://www.dpp.cz/cs/data/V%C3%BDro%C4%8Dn%C3%AD%20zpr%C3%A1vy/DPP_VYROCNI_ZPRAVA_2007.pdf,"DPP Výroční zpráva 2007, PDF p. 55: ticket-sales based table ""Počet přepravených osob na území hl. m. Prahy (P+0) vč. lanové dráhy a ve vnějších pásmech"" (tis. osob); split metro 537 266; tram 352 100; bus incl. outer zones 303 560 (tis.)",Each value from its own year's report; no restatement by a later report was found.
Prague,2008,1261.839,https://www.dpp.cz/cs/data/V%C3%BDro%C4%8Dn%C3%AD%20zpr%C3%A1vy/DPP_VYROCNI_ZPRAVA_2008.pdf,"DPP Výroční zpráva 2008, PDF p. 85: ticket-sales based table ""Počet přepravených osob na území hl. m. Prahy (P+0) vč. lanové dráhy a ve vnějších pásmech"" (tis. osob); split metro 596 893; tram 356 834; bus incl. outer zones 308 112 (tis.)",Each value from its own year's report; no restatement by a later report was found.
Prague,2009,1236.473,https://www.dpp.cz/cs/data/V%C3%BDro%C4%8Dn%C3%AD%20zpr%C3%A1vy/DPP_VYROCNI_ZPRAVA_2009.pdf,"DPP Výroční zpráva 2009, PDF p. 77: ticket-sales based table ""Počet přepravených osob na území hl. m. Prahy (P+0) vč. lanové dráhy a ve vnějších pásmech"" (tis. osob); split metro 584 880; tram incl. funicular 349 286; bus 302 307 (tis.)",Each value from its own year's report; no restatement by a later report was found.
Prague,2010,1223.935,https://www.dpp.cz/cs/data/V%C3%BDro%C4%8Dn%C3%AD%20zpr%C3%A1vy/DPP_VYROCNI_ZPRAVA_2010.pdf,"DPP Výroční zpráva 2010, PDF p. 54: ticket-sales based table ""Počet přepravených osob na území hl. m. Prahy (P+0) vč. lanové dráhy a ve vnějších pásmech"" (tis. osob); split metro 578 515; tram incl. funicular 345 485; bus incl. outer zones 299 935 (tis.)","Mode shares (47.74/28.51/23.75 %) identical to 2009, so the split appears to be share-based, not counted. Each value from its own year's report; no restatement by a later report was found."
Prague,2011,1122.971,https://www.dpp.cz/cs/data/V%C3%BDro%C4%8Dn%C3%AD%20zpr%C3%A1vy/DPP_VYROCNI_ZPRAVA_2011.pdf,"DPP Výroční zpráva 2011, PDF p. 75: ticket-sales based table ""Počet přepravených osob na území hl. m. Prahy (P+0) vč. lanové dráhy a ve vnějších pásmech"" (tis. osob); split metro 530 493; tram incl. funicular 312 898; bus incl. outer zones 279 580 (tis.)","Report text (PDF p. 35): 1 110 748 000 on Prague territory (P+0), -8.34 % vs 2010, ""caused mainly by the buy-back of already sold tickets"" (zpětný výkup jízdních dokladů). Each value from its own year's report; no restatement by a later report was found."
Prague,2012,1228.883,https://www.dpp.cz/cs/data/V%C3%BDro%C4%8Dn%C3%AD%20zpr%C3%A1vy/DPP_VYROCNI_ZPRAVA_2012.pdf,"DPP Výroční zpráva 2012, PDF p. 36: ticket-sales based table ""Počet přepravených osob na území hl. m. Prahy (P+0) vč. lanové dráhy a ve vnějších pásmech"" (tis. osob); split metro 589 165; tram incl. funicular 324 205; bus incl. outer zones 315 513 (tis.)","Report p. 13 states +9.4 % / +105 912 000 vs 2011, consistent with the 2011 table. Each value from its own year's report; no restatement by a later report was found."
Prague,2013,1232.684,https://www.dpp.cz/cs/data/V%C3%BDro%C4%8Dn%C3%AD%20zpr%C3%A1vy/DPP_VYROCNI_ZPRAVA_2013.pdf,"DPP Výroční zpráva 2013, PDF p. 119: ticket-sales based table ""Počet přepravených osob na území hl. m. Prahy (P+0) vč. lanové dráhy a ve vnějších pásmech"" (tis. osob); also text PDF p. 45; split metro 583 867; tram incl. funicular 333 778; bus incl. outer zones 315 039 (tis.)",Each value from its own year's report; no restatement by a later report was found.
Prague,2014,1162.593,https://www.dpp.cz/cs/data/V%C3%BDro%C4%8Dn%C3%AD%20zpr%C3%A1vy/DPP_VYROCNI_ZPRAVA_2014.pdf,"DPP Výroční zpráva 2014, PDF p. 32: text ""Za rok 2014 bylo podle přepravních průzkumů ... přepraveno celkem 1 162 593 tis. cestujících""; split metro 450 136; tram incl. Petřín funicular 358 817; city bus incl. ZLD and AE 345 545; suburban lines incl. outer zones 8 095 (tis.)","METHOD BREAK 2013/2014: from the 2014 report the total is stated as based on transport surveys (""podle přepravních průzkumů""); 2005-2013 come from ticket-sales tables by ticket type. The 2014 report has no ticket-sales table. Not documented as a revision of earlier years. Each value from its own year's report; no restatement by a later report was found."
Prague,2015,1171.723,https://www.dpp.cz/cs/data/V%C3%BDro%C4%8Dn%C3%AD%20zpr%C3%A1vy/DPP_VYROCNI_ZPRAVA_2015.pdf,"DPP Výroční zpráva 2015, PDF p. 15: ""přepraveno celkem ... tis. cestujících"" (transport surveys); split metro 456 820; tram incl. funicular 359 764; city bus incl. ZLD/AE 347 077; suburban 8 062 (tis.)",Survey basis. Each value from its own year's report; no restatement by a later report was found.
Prague,2016,1186.736,https://www.dpp.cz/cs/data/V%C3%BDro%C4%8Dn%C3%AD%20zpr%C3%A1vy/DPP_VYROCNI_ZPRAVA_2016.pdf,"DPP Výroční zpráva 2016, PDF p. 13: ""přepraveno celkem ... tis. cestujících"" (transport surveys); split metro 461 160; tram incl. funicular 368 609; city bus incl. ZLD/AE 349 664; suburban 7 303 (tis.)",Survey basis. Each value from its own year's report; no restatement by a later report was found.
Prague,2017,1165.031,https://www.dpp.cz/cs/data/V%C3%BDro%C4%8Dn%C3%AD%20zpr%C3%A1vy/DPP_VYROCNI_ZPRAVA_2017.pdf,"DPP Výroční zpráva 2017, PDF p. 12: ""přepraveno celkem ... tis. cestujících"" (transport surveys); split metro 435 586; tram incl. funicular 373 831; city bus incl. ZLD/AE 349 095; suburban 6 519 (tis.)",Survey basis; report notes full-year automatic counter data from all metro stations from 2017. Each value from its own year's report; no restatement by a later report was found.
Prague,2018,1167.793,https://www.dpp.cz/cs/data/V%C3%BDro%C4%8Dn%C3%AD%20zpr%C3%A1vy/DPP_VYROCNI_ZPRAVA_2018.pdf,"DPP Výroční zpráva 2018, PDF p. 13: ""přepraveno celkem ... tis. cestujících"" (transport surveys); split metro 430 919; tram incl. funicular 375 466; city bus incl. ZLD/AE 355 001; trolleybus 43; suburban 6 364 (tis.)",Survey basis. Each value from its own year's report; no restatement by a later report was found.
Prague,2019,1172.529,https://www.dpp.cz/cs/data/V%C3%BDro%C4%8Dn%C3%AD%20zpr%C3%A1vy/DPP_VYROCNI%20ZPRAVA_2019.pdf,"DPP Výroční zpráva 2019, PDF p. 14: ""přepraveno celkem 1 172 529 000 cestujících"" (transport surveys); split metro 440 489; tram incl. funicular 371 104; city bus incl. ZLD/AE 354 320; trolleybus 115; suburban 6 501 (tis.)",Survey basis. Each value from its own year's report; no restatement by a later report was found.
Prague,2020,714.138,https://www.dpp.cz/cs/data/V%C3%BDro%C4%8Dn%C3%AD%20zpr%C3%A1vy/DPP_VYROCNI_ZPRAVA_2020.pdf,"DPP Výroční zpráva 2020, PDF p. 13: ""podle dat ze systémů APC ... přepraveno celkem ... tis. cestujících""; split metro 251 423; tram incl. funicular 239 792; city bus incl. ZLD/AE 218 659; trolleybus 38; suburban 4 226 (tis.)","METHOD BREAK 2019/2020: from 2020 the total is based on automatic passenger counting (APC) data, 2014-2019 on transport surveys; report states -39 % vs 2019. COVID year. Each value from its own year's report; no restatement by a later report was found."
Prague,2021,648.346,https://www.dpp.cz/cs/data/V%C3%BDro%C4%8Dn%C3%AD%20zpr%C3%A1vy/DPP_VYROCNI_ZPRAVA_2021.pdf,"DPP Výroční zpráva 2021, PDF p. 15: APC data; split metro 237 946; tram incl. funicular 226 645; city bus incl. ZLD/AE 180 080; trolleybus 0.3; suburban 3 675 (tis.)",APC basis; COVID year; report states -9.21 % vs 2020. Each value from its own year's report; no restatement by a later report was found.
Prague,2022,891.697,https://www.dpp.cz/cs/data/V%C3%BDro%C4%8Dn%C3%AD%20zpr%C3%A1vy/DPP_VYROCNI_ZPRAVA_2022.pdf,"DPP Výroční zpráva 2022, PDF p. 16: APC data; split metro 338 136; tram incl. funicular 317 144; city bus incl. ZLD/AE 231 673; trolleybus 16; suburban 4 728 (tis.)",APC basis; report states +37.53 % vs 2021. Each value from its own year's report; no restatement by a later report was found.
Prague,2023,962.459,https://www.dpp.cz/cs/data/V%C3%BDro%C4%8Dn%C3%AD%20zpr%C3%A1vy/DPP_VYROCNI_ZPRAVA_2023.pdf,"DPP Výroční zpráva 2023, PDF p. 16: APC data; wording ""dopravními prostředky DPP ... v systému PID přepraveno celkem""; split metro 361 048; tram incl. funicular 349 023; city bus incl. ZLD/AE 247 162; trolleybus 182; suburban 5 044 (tis.)","APC basis; report states +7.94 % vs 2022 (consistent with the 2022 figure, so same DPP scope despite the ""v systému PID"" wording). Each value from its own year's report; no restatement by a later report was found."
Prague,2024,976.766,https://www.dpp.cz/cs/data/V%C3%BDro%C4%8Dn%C3%AD%20zpr%C3%A1vy/DPP_VYROCNI_ZPRAVA_2024.pdf,"DPP Výroční zpráva 2024, PDF p. 18: APC data; split metro 378 842; tram incl. funicular 346 383; city bus incl. ZLD/AE 238 098; trolleybus 8 584; suburban 4 859 (tis.)",APC basis; report states +1.49 % vs 2023. Each value from its own year's report; no restatement by a later report was found.
Prague,2025,998.144,https://www.dpp.cz/cs/data/V%C3%BDro%C4%8Dn%C3%AD%20zpr%C3%A1vy/DPP_VYROCNI%20ZPRAVA_2025.pdf,"DPP Výroční zpráva 2025, PDF p. 20: APC data (continues on PDF p. 21); split metro 369 695; tram 368 154 (Petřín funicular closed); city bus incl. ZLD/AE 244 935; trolleybus 10 362; suburban 4 998 (tis.)",APC basis; report states +2.19 % vs 2024. Each value from its own year's report; no restatement by a later report was found.
Brno,2005,336.626,https://www.dpmb.cz/sites/default/files/inline-files/vz2007.pdf,"DPMB Výroční zpráva 2007, PDF p. 20: ""Přepravené osoby v tis. osob"", celkem (MHD); split tram 186 509; trolleybus 37 612; bus 112 505 (tis.)","REVISED: the 2005 report (PDF p. 17) gives 327 933 tis. and notes that tickets sold outside the DPMB network after integration into IDS JMK could not be counted (""vizuální snížení""); the 2006 and 2007 reports give 336 626 tis. Most recent report used. Counts are a statistical calculation from tickets sold (2005 report)."
Brno,2006,340.242,https://www.dpmb.cz/sites/default/files/inline-files/vz2006.pdf,"DPMB Výroční zpráva 2006, PDF p. 22: ""Přepravené osoby v tis. osob"", celkem (MHD); split tram 187 823; trolleybus 37 418; bus 115 001 (tis.)",Same in the 2007 and 2008 reports. Counts are a statistical calculation from tickets sold (2005 report).
Brno,2007,343.469,https://www.dpmb.cz/sites/default/files/inline-files/vz2007.pdf,"DPMB Výroční zpráva 2007, PDF p. 20: ""Přepravené osoby v tis. osob"", celkem (MHD); split tram 188 267; trolleybus 41 085; bus 114 117 (tis.)",Same in the 2008 and 2009 reports. Counts are a statistical calculation from tickets sold (2005 report).
Brno,2008,361.475,https://www.dpmb.cz/sites/default/files/inline-files/vz2008.pdf,"DPMB Výroční zpráva 2008, PDF p. 16: ""Přepravené osoby v tis. osob"", celkem (MHD); split tram 196 203; trolleybus 48 120; bus 117 152 (tis.)",Table read from the page image (text layer garbled); same in the 2009 and 2010 reports. Counts are a statistical calculation from tickets sold (2005 report).
Brno,2009,346.387,https://www.dpmb.cz/sites/default/files/inline-files/vz2009.pdf,"DPMB Výroční zpráva 2009, PDF p. 23: ""Přepravené osoby v tis. osob"", celkem (MHD); split tram 188 052; trolleybus 43 373; bus 114 962 (tis.)",Same in the 2010 and 2011 reports (boats 0). Counts are a statistical calculation from tickets sold (2005 report).
Brno,2010,353.735,https://www.dpmb.cz/sites/default/files/inline-files/vz2012.pdf,"DPMB Výroční zpráva 2012, PDF p. 19: ""Přepravené osoby v tis. osob"", celkem (MHD); split tram 194 138; trolleybus 42 886; bus 116 532; boats 179 (tis.)","REVISED: the 2010 report (PDF p. 23) gives 353 555 tis. without boats (tram 194 137); the 2011 and 2012 reports add boats (179 tis.) and give 353 735. Most recent report used. SCOPE: boats (Brno reservoir ferries) included from 2010; 0 in 2009 per the 2011 report, not listed before. Counts are a statistical calculation from tickets sold (2005 report)."
Brno,2011,354.566,https://www.dpmb.cz/sites/default/files/inline-files/vz2011.pdf,"DPMB Výroční zpráva 2011, PDF p. 17: ""Přepravené osoby v tis. osob"", celkem (MHD); split tram 194 293; trolleybus 42 718; bus 117 331; boats 224 (tis.)",Same in the 2012 and 2013 reports. Counts are a statistical calculation from tickets sold (2005 report).
Brno,2012,352.274,https://www.dpmb.cz/sites/default/files/inline-files/vz2012.pdf,"DPMB Výroční zpráva 2012, PDF p. 19: ""Přepravené osoby v tis. osob"", celkem (MHD); split tram 196 513; trolleybus 44 632; bus 110 907; boats 222 (tis.)",Same in the 2013 and 2014 reports. Counts are a statistical calculation from tickets sold (2005 report).
Brno,2013,351.454,https://www.dpmb.cz/sites/default/files/inline-files/vz2013.pdf,"DPMB Výroční zpráva 2013, PDF p. 25: ""Přepravené osoby v tis. osob"", celkem (MHD); split tram 194 391; trolleybus 43 740; bus 113 153; boats 170 (tis.)",Same in the 2014 and 2015 reports. Counts are a statistical calculation from tickets sold (2005 report).
Brno,2014,354.115,https://www.dpmb.cz/sites/default/files/inline-files/vz2014.pdf,"DPMB Výroční zpráva 2014, PDF p. 16: ""Přepravené osoby v tis. osob"", celkem (MHD); split tram 195 350; trolleybus 43 731; bus 114 859; boats 175 (tis.)",Same in the 2015 and 2016 reports. Counts are a statistical calculation from tickets sold (2005 report).
Brno,2015,354.9,https://www.dpmb.cz/sites/default/files/inline-files/vz2015.pdf,"DPMB Výroční zpráva 2015, PDF p. 19: ""Přepravené osoby v tis. osob"", celkem (MHD); split tram 193 647; trolleybus 45 448; bus 115 594; boats 211 (tis.)",Same in the 2016 and 2017 reports. Counts are a statistical calculation from tickets sold (2005 report).
Brno,2016,355.002,https://www.dpmb.cz/sites/default/files/inline-files/vz2016.pdf,"DPMB Výroční zpráva 2016, PDF p. 27: ""Přepravené osoby v tis. osob"", celkem (MHD); split tram 193 590; trolleybus 46 679; bus 114 488; boats 244 (tis.)","The 2017 and 2018 reports give 355 001 tis. (difference of 1 tis.); the 2019 report again gives 355 002, which is also the most recent figure. Counts are a statistical calculation from tickets sold (2005 report)."
Brno,2017,356.573,https://www.dpmb.cz/sites/default/files/inline-files/vz2020.pdf,"DPMB Výroční zpráva 2020, PDF p. 31: ""Přepravené osoby v tis. osob"", celkem (MHD); split tram 196 022; trolleybus 44 693; bus 115 612; boats 246 (tis.)","REVISED by 2 tis.: the 2017 report (PDF p. 21) gives 356 571 (tram 196 021, boats 245); the 2018, 2019 and 2020 reports give 356 573. Most recent report used. Counts are a statistical calculation from tickets sold (2005 report)."
Brno,2018,360.883,https://www.dpmb.cz/sites/default/files/inline-files/vz2018.pdf,"DPMB Výroční zpráva 2018, PDF p. 25: ""Přepravené osoby v tis. osob"", celkem (MHD); split tram 191 714; trolleybus 45 504; bus 123 431; boats 234 (tis.)","Read from the page image (text layer garbled); same in the 2019, 2020 and 2021 reports. Counts are a statistical calculation from tickets sold (2005 report)."
Brno,2019,361.921,https://www.dpmb.cz/sites/default/files/inline-files/vz2019.pdf,"DPMB Výroční zpráva 2019, PDF p. 36: ""Přepravené osoby v tis. osob"", celkem (MHD); split tram 195 222; trolleybus 43 760; bus 122 692; boats 247 (tis.)",2019 report is image-only; table read from the page image (printed p. 35). Same in the 2020-2024 reports. Counts are a statistical calculation from tickets sold (2005 report).
Brno,2020,272.2,https://www.dpmb.cz/sites/default/files/downloads/2026/06/vyrocni-zprava-dpmb-a-s-2025-mail-verze.pdf,"DPMB Výroční zpráva 2025, PDF p. 26: ""Přepravené osoby v tis. osob"", celkem (MHD); split tram 143 021; trolleybus 33 155; bus 95 781; boats 243 (tis.)",REVISED: the 2020 and 2021 reports give 272 201 (tram 138 557; trolleybus 35 925; bus 97 476); the 2022 report keeps 272 201 with a revised mode split; the 2023-2025 reports give 272 200. Most recent report used. COVID year. Counts are a statistical calculation from tickets sold (2005 report).
Brno,2021,281.557,https://www.dpmb.cz/sites/default/files/inline-files/vz2021.pdf,"DPMB Výroční zpráva 2021, PDF p. 23: ""Přepravené osoby v tis. osob"", celkem (MHD); split tram 148 068; trolleybus 34 685; bus 98 521; boats 283 (tis.)",Same in the 2022-2025 reports. COVID year. Counts are a statistical calculation from tickets sold (2005 report).
Brno,2022,327.067,https://www.dpmb.cz/sites/default/files/downloads/2026/06/vyrocni-zprava-dpmb-a-s-2025-mail-verze.pdf,"DPMB Výroční zpráva 2025, PDF p. 26: ""Přepravené osoby v tis. osob"", celkem (MHD); split tram 174 499; trolleybus 40 534; bus 111 742; boats 292 (tis.)",REVISED by 1 tis.: the 2022 report gives 327 068 (trolleybus 40 535); the 2023-2025 reports give 327 067. Most recent report used. Counts are a statistical calculation from tickets sold (2005 report).
Brno,2023,361.859,https://www.dpmb.cz/sites/default/files/inline-files/vyrocni-zprava-dpmb-2023.pdf,"DPMB Výroční zpráva 2023, PDF p. 18: ""Přepravené osoby v tis. osob"", celkem (MHD); split tram 196 832; trolleybus 44 564; bus 120 153; boats 310 (tis.)",Same in the 2024 and 2025 reports. Counts are a statistical calculation from tickets sold (2005 report).
Brno,2024,372.277,https://www.dpmb.cz/sites/default/files/inline-files/vyrocni_zprava_dpmbas_2024.pdf,"DPMB Výroční zpráva 2024, PDF p. 25: ""Přepravené osoby v tis. osob"", celkem (MHD); split tram 202 273; trolleybus 46 351; bus 123 367; boats 286 (tis.)",Same in the 2025 report. Counts are a statistical calculation from tickets sold (2005 report).
Brno,2025,376.645,https://www.dpmb.cz/sites/default/files/downloads/2026/06/vyrocni-zprava-dpmb-a-s-2025-mail-verze.pdf,"DPMB Výroční zpráva 2025, PDF p. 26: ""Přepravené osoby v tis. osob"", celkem (MHD); split tram 211 121; trolleybus 48 388; bus 116 852; boats 284 (tis.)",Counts are a statistical calculation from tickets sold (2005 report).
Berlin,2012,1354.461,https://download.statistik-berlin-brandenburg.de/c1636c30db159655/56130922ac0d/Personenverkehr_Zeitreihe_2025_Berlin-Brandenburg.xlsx,"Amt für Statistik Berlin-Brandenburg, ""Fahrgäste und Beförderungsleistung (nur Linienverkehr) - Personennahverkehr"", sheet Zeitreihe, column Berlin, Fahrgäste","Linienverkehr (Personennahverkehr), all operators with seat in Berlin, Destatis 46181 basis."
Berlin,2013,1372.177,https://download.statistik-berlin-brandenburg.de/c1636c30db159655/56130922ac0d/Personenverkehr_Zeitreihe_2025_Berlin-Brandenburg.xlsx,"Amt für Statistik Berlin-Brandenburg, ""Fahrgäste und Beförderungsleistung (nur Linienverkehr) - Personennahverkehr"", sheet Zeitreihe, column Berlin, Fahrgäste","Linienverkehr (Personennahverkehr), all operators with seat in Berlin, Destatis 46181 basis."
Berlin,2014,1411.817,https://download.statistik-berlin-brandenburg.de/c1636c30db159655/56130922ac0d/Personenverkehr_Zeitreihe_2025_Berlin-Brandenburg.xlsx,"Amt für Statistik Berlin-Brandenburg, ""Fahrgäste und Beförderungsleistung (nur Linienverkehr) - Personennahverkehr"", sheet Zeitreihe, column Berlin, Fahrgäste","Linienverkehr (Personennahverkehr), all operators with seat in Berlin, Destatis 46181 basis."
Berlin,2015,1432.647,https://download.statistik-berlin-brandenburg.de/c1636c30db159655/56130922ac0d/Personenverkehr_Zeitreihe_2025_Berlin-Brandenburg.xlsx,"Amt für Statistik Berlin-Brandenburg, ""Fahrgäste und Beförderungsleistung (nur Linienverkehr) - Personennahverkehr"", sheet Zeitreihe, column Berlin, Fahrgäste","Linienverkehr (Personennahverkehr), all operators with seat in Berlin, Destatis 46181 basis."
Berlin,2016,1482.931,https://download.statistik-berlin-brandenburg.de/c1636c30db159655/56130922ac0d/Personenverkehr_Zeitreihe_2025_Berlin-Brandenburg.xlsx,"Amt für Statistik Berlin-Brandenburg, ""Fahrgäste und Beförderungsleistung (nur Linienverkehr) - Personennahverkehr"", sheet Zeitreihe, column Berlin, Fahrgäste","Linienverkehr (Personennahverkehr), all operators with seat in Berlin, Destatis 46181 basis. Destatis redefined the reporting panel from Q1 2016 (Fachserie 8 R 1.1, table 2.1.1, footnote 2); the AfS file carries no break note."
Berlin,2017,1507.274,https://download.statistik-berlin-brandenburg.de/c1636c30db159655/56130922ac0d/Personenverkehr_Zeitreihe_2025_Berlin-Brandenburg.xlsx,"Amt für Statistik Berlin-Brandenburg, ""Fahrgäste und Beförderungsleistung (nur Linienverkehr) - Personennahverkehr"", sheet Zeitreihe, column Berlin, Fahrgäste","Linienverkehr (Personennahverkehr), all operators with seat in Berlin, Destatis 46181 basis."
Berlin,2018,1586.96,https://download.statistik-berlin-brandenburg.de/c1636c30db159655/56130922ac0d/Personenverkehr_Zeitreihe_2025_Berlin-Brandenburg.xlsx,"Amt für Statistik Berlin-Brandenburg, ""Fahrgäste und Beförderungsleistung (nur Linienverkehr) - Personennahverkehr"", sheet Zeitreihe, column Berlin, Fahrgäste","Linienverkehr (Personennahverkehr), all operators with seat in Berlin, Destatis 46181 basis."
Berlin,2019,1618.609,https://download.statistik-berlin-brandenburg.de/c1636c30db159655/56130922ac0d/Personenverkehr_Zeitreihe_2025_Berlin-Brandenburg.xlsx,"Amt für Statistik Berlin-Brandenburg, ""Fahrgäste und Beförderungsleistung (nur Linienverkehr) - Personennahverkehr"", sheet Zeitreihe, column Berlin, Fahrgäste","Linienverkehr (Personennahverkehr), all operators with seat in Berlin, Destatis 46181 basis. Destatis Personenverkehrsstatistik 2024 (46182, Länder table) gives 1 620 196 tis. for Berlin 2019."
Berlin,2020,1068.415,https://download.statistik-berlin-brandenburg.de/c1636c30db159655/56130922ac0d/Personenverkehr_Zeitreihe_2025_Berlin-Brandenburg.xlsx,"Amt für Statistik Berlin-Brandenburg, ""Fahrgäste und Beförderungsleistung (nur Linienverkehr) - Personennahverkehr"", sheet Zeitreihe, column Berlin, Fahrgäste","Linienverkehr (Personennahverkehr), all operators with seat in Berlin, Destatis 46181 basis. COVID year."
Berlin,2021,1024.368,https://download.statistik-berlin-brandenburg.de/c1636c30db159655/56130922ac0d/Personenverkehr_Zeitreihe_2025_Berlin-Brandenburg.xlsx,"Amt für Statistik Berlin-Brandenburg, ""Fahrgäste und Beförderungsleistung (nur Linienverkehr) - Personennahverkehr"", sheet Zeitreihe, column Berlin, Fahrgäste","Linienverkehr (Personennahverkehr), all operators with seat in Berlin, Destatis 46181 basis. Destatis redefined the reporting panel from Q1 2021 (same footnote). COVID year."
Berlin,2022,1378.264,https://download.statistik-berlin-brandenburg.de/c1636c30db159655/56130922ac0d/Personenverkehr_Zeitreihe_2025_Berlin-Brandenburg.xlsx,"Amt für Statistik Berlin-Brandenburg, ""Fahrgäste und Beförderungsleistung (nur Linienverkehr) - Personennahverkehr"", sheet Zeitreihe, column Berlin, Fahrgäste","Linienverkehr (Personennahverkehr), all operators with seat in Berlin, Destatis 46181 basis. 9-euro ticket June-August 2022; Berlin 29-euro AB subscription from October 2022."
Berlin,2023,1549.943,https://download.statistik-berlin-brandenburg.de/c1636c30db159655/56130922ac0d/Personenverkehr_Zeitreihe_2025_Berlin-Brandenburg.xlsx,"Amt für Statistik Berlin-Brandenburg, ""Fahrgäste und Beförderungsleistung (nur Linienverkehr) - Personennahverkehr"", sheet Zeitreihe, column Berlin, Fahrgäste","Linienverkehr (Personennahverkehr), all operators with seat in Berlin, Destatis 46181 basis. Destatis 46182 gives the same (1 549 943 tis.). Deutschlandticket from 1 May 2023."
Berlin,2024,1581.726,https://download.statistik-berlin-brandenburg.de/c1636c30db159655/56130922ac0d/Personenverkehr_Zeitreihe_2025_Berlin-Brandenburg.xlsx,"Amt für Statistik Berlin-Brandenburg, ""Fahrgäste und Beförderungsleistung (nur Linienverkehr) - Personennahverkehr"", sheet Zeitreihe, column Berlin, Fahrgäste","Linienverkehr (Personennahverkehr), all operators with seat in Berlin, Destatis 46181 basis. Destatis 46182 gives 1 581 826 tis. (AfS 1 581 726 tis.)."
Berlin,2025,1586.811,https://download.statistik-berlin-brandenburg.de/c1636c30db159655/56130922ac0d/Personenverkehr_Zeitreihe_2025_Berlin-Brandenburg.xlsx,"Amt für Statistik Berlin-Brandenburg, ""Fahrgäste und Beförderungsleistung (nur Linienverkehr) - Personennahverkehr"", sheet Zeitreihe, column Berlin, Fahrgäste","Linienverkehr (Personennahverkehr), all operators with seat in Berlin, Destatis 46181 basis."
Germany,2012,10853.5,https://www.statistischebibliothek.de/mir/servlets/MCRFileNodeServlet/DEHeft_derivate_00076722/2080110231044.pdf,"Destatis Fachserie 8 Reihe 1.1 ""Verkehr aktuell"" 04/2023, table 2.1.1, PDF p. 63, column Liniennahverkehr insgesamt - Fahrgäste (Mill.)","Liniennahverkehr insgesamt, Unternehmensfahrten (transfers between modes of one operator counted once). Values before 2019 are on the panel before the 2019 full census (Totalerhebung); see 2019 note."
Germany,2013,10916.2,https://www.statistischebibliothek.de/mir/servlets/MCRFileNodeServlet/DEHeft_derivate_00076722/2080110231044.pdf,"Destatis Fachserie 8 Reihe 1.1 ""Verkehr aktuell"" 04/2023, table 2.1.1, PDF p. 63, column Liniennahverkehr insgesamt - Fahrgäste (Mill.)","Liniennahverkehr insgesamt, Unternehmensfahrten (transfers between modes of one operator counted once). Values before 2019 are on the panel before the 2019 full census (Totalerhebung); see 2019 note."
Germany,2014,10979.1,https://www.statistischebibliothek.de/mir/servlets/MCRFileNodeServlet/DEHeft_derivate_00076722/2080110231044.pdf,"Destatis Fachserie 8 Reihe 1.1 ""Verkehr aktuell"" 04/2023, table 2.1.1, PDF p. 63, column Liniennahverkehr insgesamt - Fahrgäste (Mill.)","Liniennahverkehr insgesamt, Unternehmensfahrten (transfers between modes of one operator counted once). Values before 2019 are on the panel before the 2019 full census (Totalerhebung); see 2019 note."
Germany,2015,10987,https://www.statistischebibliothek.de/mir/servlets/MCRFileNodeServlet/DEHeft_derivate_00076722/2080110231044.pdf,"Destatis Fachserie 8 Reihe 1.1 ""Verkehr aktuell"" 04/2023, table 2.1.1, PDF p. 63, column Liniennahverkehr insgesamt - Fahrgäste (Mill.)","Liniennahverkehr insgesamt, Unternehmensfahrten (transfers between modes of one operator counted once). Values before 2019 are on the panel before the 2019 full census (Totalerhebung); see 2019 note."
Germany,2016,11222.5,https://www.statistischebibliothek.de/mir/servlets/MCRFileNodeServlet/DEHeft_derivate_00076722/2080110231044.pdf,"Destatis Fachserie 8 Reihe 1.1 ""Verkehr aktuell"" 04/2023, table 2.1.1, PDF p. 63, column Liniennahverkehr insgesamt - Fahrgäste (Mill.)","Liniennahverkehr insgesamt, Unternehmensfahrten (transfers between modes of one operator counted once). PANEL BREAK: reporting panel redefined from Q1 2016; absolute numbers not directly comparable with 2015 (Destatis footnote 2; published change rate +1.4 % on adjusted basis). Values before 2019 are on the panel before the 2019 full census (Totalerhebung); see 2019 note."
Germany,2017,11339.9,https://www.statistischebibliothek.de/mir/servlets/MCRFileNodeServlet/DEHeft_derivate_00076722/2080110231044.pdf,"Destatis Fachserie 8 Reihe 1.1 ""Verkehr aktuell"" 04/2023, table 2.1.1, PDF p. 63, column Liniennahverkehr insgesamt - Fahrgäste (Mill.)","Liniennahverkehr insgesamt, Unternehmensfahrten (transfers between modes of one operator counted once). Values before 2019 are on the panel before the 2019 full census (Totalerhebung); see 2019 note."
Germany,2018,11398.5,https://www.statistischebibliothek.de/mir/servlets/MCRFileNodeServlet/DEHeft_derivate_00076722/2080110231044.pdf,"Destatis Fachserie 8 Reihe 1.1 ""Verkehr aktuell"" 04/2023, table 2.1.1, PDF p. 63, column Liniennahverkehr insgesamt - Fahrgäste (Mill.)","Liniennahverkehr insgesamt, Unternehmensfahrten (transfers between modes of one operator counted once). Values before 2019 are on the panel before the 2019 full census (Totalerhebung); see 2019 note."
Germany,2019,11703.735,https://www.destatis.de/DE/Themen/Branchen-Unternehmen/Transport-Verkehr/Personenverkehr/Publikationen/Downloads-Personenverkehr/statistischer-bericht-personenverkehr-2080310247005.xlsx?__blob=publicationFile&v=7,"Destatis Statistischer Bericht Personenverkehrsstatistik 2024, table 46182-01 (and csv-46182-12, Deutschland), Liniennahverkehr Insgesamt - Anzahl der Fahrgäste (1 000): 11 703 735",REVISED: Fachserie 8 R 1.1 04/2023 (table 2.1.1) gave 11 459.3 mil.; the 2024 statistical report gives 11 703.7 mil. (2019 is the full-census year that sets the panel). Most recent figure used; 2018 and earlier are not on the same basis.
Germany,2020,7928.9,https://www.statistischebibliothek.de/mir/servlets/MCRFileNodeServlet/DEHeft_derivate_00076722/2080110231044.pdf,"Destatis Fachserie 8 Reihe 1.1 ""Verkehr aktuell"" 04/2023, table 2.1.1, PDF p. 63, column Liniennahverkehr insgesamt - Fahrgäste (Mill.)","Liniennahverkehr insgesamt, Unternehmensfahrten (transfers between modes of one operator counted once). Preliminary (footnote 4: buses may understate the COVID fall). COVID year."
Germany,2021,7765.2,https://www.statistischebibliothek.de/mir/servlets/MCRFileNodeServlet/DEHeft_derivate_00076722/2080110231044.pdf,"Destatis Fachserie 8 Reihe 1.1 ""Verkehr aktuell"" 04/2023, table 2.1.1, PDF p. 63, column Liniennahverkehr insgesamt - Fahrgäste (Mill.)","Liniennahverkehr insgesamt, Unternehmensfahrten (transfers between modes of one operator counted once). PANEL BREAK: reporting panel redefined from Q1 2021; not directly comparable with 2020 (footnote 2). Preliminary (footnote 4)."
Germany,2022,10003.6,https://www.statistischebibliothek.de/mir/servlets/MCRFileNodeServlet/DEHeft_derivate_00076722/2080110231044.pdf,"Destatis Fachserie 8 Reihe 1.1 ""Verkehr aktuell"" 04/2023, table 2.1.1, PDF p. 63, column Liniennahverkehr insgesamt - Fahrgäste (Mill.)","Liniennahverkehr insgesamt, Unternehmensfahrten (transfers between modes of one operator counted once). As published in April 2023, the last Fachserie issue; a later revision was not obtainable (GENESIS 46181 API refused guest access, HTTP 401)."
Germany,2023,10805.155,https://www.destatis.de/DE/Themen/Branchen-Unternehmen/Transport-Verkehr/Personenverkehr/Publikationen/Downloads-Personenverkehr/statistischer-bericht-personenverkehr-2080310247005.xlsx?__blob=publicationFile&v=7,Destatis Statistischer Bericht Personenverkehrsstatistik 2024  table 46182-01  Liniennahverkehr Insgesamt - Anzahl der Fahrgäste (1 000): 10 805 155,"Footnote: figures for Liniennahverkehr are uncertain because automatic passenger counting is rarely used, especially in buses. Deutschlandticket from 1 May 2023."
Germany,2024,11536.995,https://www.destatis.de/DE/Themen/Branchen-Unternehmen/Transport-Verkehr/Personenverkehr/Publikationen/Downloads-Personenverkehr/statistischer-bericht-personenverkehr-2080310247005.xlsx?__blob=publicationFile&v=7,Destatis Statistischer Bericht Personenverkehrsstatistik 2024  table 46182-01  Liniennahverkehr Insgesamt - Anzahl der Fahrgäste (1 000): 11 536 995,"Footnote: figures for Liniennahverkehr are uncertain because automatic passenger counting is rarely used, especially in buses."
Germany,2025,,https://www.destatis.de/DE/Presse/Pressemitteilungen/2026/04/PD26_120_461.html,No final annual value obtainable,"MISSING: GENESIS 46181 refused guest access (HTTP 401) and no 2025 statistical report is published yet. Press release no. 120 of 8 April 2026 gives only a rounded preliminary ""rund 11,3 Milliarden"" for ÖPNV 2025, compared with its own preliminary 2024 figure; not entered because it is not comparable with the final 2024 value."
