track,title,feature,streams
6dOtVTDdiauQNBQEDOtlAB,BIRDS OF A FEATHER,False,4012490679
0u2P5u6lvoDfwTYjAADbn4,lovely (with Khalid),False,3892683168
2Fxmhks0bxGSBdJ92vM42m,bad guy,False,2983338447
43zdsphuZLzwA9k4DJhU0I,when the party's over,False,2568969763
2uIX8YMNjGMD7441kqyyNU,ocean eyes,False,2321944511
3QaPy1KgI7nu9FJEQUgn6h,WILDFLOWER,False,2283598119
3ZCTVFBt2Brf31RLEnCkWJ,everything i wanted,False,2178141005
4RVwu0g32PAqgUiJoXsdF8,Happier Than Ever,False,1930447993
6wf7Yu7cxBSPrRlWeSeK0Q,"What Was I Made For? [From The Motion Picture ""Barbie""]",False,1686604161
6CcJMwBtXByIz4zQLzFkKc,i love you,False,1417251259
40T5GIqQ1CegGm2PTEl8Bu,idontwannabeyouanymore,False,1412668334
04sN26COy28wTXYj3dMoiZ,Bored,False,1325090926
7BRD7x5pt8Lqa1eGYC4dzj,CHIHIRO,False,1297739111
1eiwbaZbqA5xm7BtBPesQj,bellyache,False,1288000531
4SSnFejRGlZikf02HLewEF,bury a friend,False,1177980015
3GYlZ7tbxLOxe6ewMNVTkw,TV,False,1153478450
3XF5xLJHOQQRbWya6hBp7d,you should see me in a crown,False,1059942927
629DixmZGHc7ILtEntuiWE,LUNCH,False,1037718423
20R4HfKloPKgXDqU7UKk3x,Therefore I Am,False,1022382790
2WazybrAdTHvtwcfCAIlVj,watch,False,1003219761
3Fj47GNK2kUF0uaEDgXLaD,wish you were gay,False,936183989
0IsIY8pfu1yaGkPUD7pkDx,Guess featuring billie eilish,False,917146955
73SpzrcaHk0RQPFP73vqVR,No Time To Die,False,811979880
6IRdLKIyS4p7XNiP8r6rsx,all the good girls go to hell,False,775408588
0tMSssfxAL2oV8Vri0mFHE,listen before i go,False,744445647
3Tc57t9l2O8FwQZtQOvPXK,my strange addiction,False,674313322
3m7Fi1xpA6wwaVqGk68GM3,bitches broken hearts,False,654787331
7hsI66hd2zDvcqDMOkGkfy,hostage,False,650060633
0FQhAHyHGsrbSHvDURmFPn,my boy,False,639918838
5nzw98JId7kPlL4LcUqI9M,COPYCAT,False,631446245
2VlLbhGLVJgdOW7kKdWWFc,Six Feet Under,False,616638261
3YUMWmx8EJq0DurfuIwoGh,my future,False,612510135
0WFryfbNKPXVtVQlz5dZ8H,hotline (edit),False,609441270
2prqm9sPLj10B4Wg0wE5x9,BLUE,False,593907784
7qEKqBCD2vE5vIBsrUitpD,ilomilo,False,587377376
32BeYxKPrig1LefHsC0Xuo,Happier Than Ever - Edit,False,586471172
6fPan2saHdFaIHuTSatORv,L’AMOUR DE MA VIE,False,578387097
6TGd66r0nlPaYm3KIoI7ET,THE GREATEST,False,575362784
042Sl6Mn83JHyLEqdK7uI0,Your Power,False,575177041
2KnuaZYoGzDoHiBTNYOTXG,Billie Bossa Nova,False,552316385
4QIo4oxwzzafcBWkKjDpXY,xanny,False,549133999
38GBNKZUhfBkk3oNlWzRYd,NDA,False,527909760
5XsAal7ZcWg1I5T4NcRjkv,Halley's Comet,False,491229803
4191RXFPa7Ge9XkA4cWlna,Lost Cause,False,420485944
1CsMKhwEmNnmvHUuO5nryA,SKINNY,False,407077045
3yNZ5r3LKfdmjoS3gkhUCT,bad guy (with Justin Bieber),False,405760647
7wC5eZcFS1Q1BsQ35DU6H4,come out and play,False,382115249
4HOryCnbme0zBnF8LWij3f,Getting Older,False,380490984
5SHpuW2qjkQtFRpE6P9Nks,The 30th,False,360245827
6X29iaaazwho3ab7GNue5r,8,False,358954143
1LLUoftvmTjVNBHZoQyveF,THE DINER,False,348990471
7bcy34fBT2ap1L4bfPsl9q,I Didn't Change My Number,False,341926549
6RgMzU9AJPqGsuOeYIG0FM,party favor,False,326793165
4ak9GGe6afmi2HbxEjvhIC,Male Fantasy,False,319593464
4t2OeILB07eMGTXSUbMPEu,Oxytocin,False,314685366
7DpUoxGSdlDHfqCYj0otzU,BITTERSUITE,False,309434486
3LgWsmilsrWXiPYQFRD0T7,goodbye,False,309098984
227TvMsTh4WOCsWKzkhvmE,&burn,False,264167806
4JuZQeSRYJfLCqBgBIxxrR,Ocean Eyes - Blackbear Remix,False,226875220
0psS4i5YooJrXfDnGvWRLi,Lo Vas A Olvidar (with ROSALÍA),False,191215901
7tGEAA1f8MydT7eVbbO9Zy,WHEN I WAS OLDER - Music Inspired By The Film ROMA,False,189660077
0FfqyjhB6Kspvit1oOo7ax,GOLDWING,False,182006076
5jhBwnqzNNrENXnYrAdoCe,Everybody Dies,False,174369200
4T2zre0jqstNJ5Gt0WG9lz,Not My Responsibility,False,171279770
6NOq79ynBpBi6BSJMdgReN,Ocean Eyes - Astronomyy Remix,False,167101161
5uSG6fUPRaehaV820zcpsK,OverHeated,False,154949013
61X077SWMs5aAGQHhf4pd0,Bellyache - Marian Hill Remix,False,130833144
1T3E8z6VMXSsACrBSQHTkN,MyBoi - TroyBoi Remix,False,111685231
2njUxZ4151DWIrfIK3loFj,COPYCAT - Sofi Tukker Remix,False,106556316
2Y6U158gVXfvqNWOLdis0R,L’AMOUR DE MA VIE [OVER NOW EXTENDED EDIT],False,84529789
58nxGpcCfNDiqmFXklOslz,Six Feet Under - Jerry Folk Remix,False,74191030
1JbuC7uZm0P1PyX7N7gDEM,Ocean Eyes - GOLDHOUSE Remix,False,61434132
4EYiIACD4vGzOmiKYzRdkW,ilomilo - Live From The Film - Billie Eilish: The World’s A Little Blurry,False,45449974
4D5sitThGoz0RnMsFdFUuz,Six Feet Under - BLU J Remix,False,13352547
3UHa28GclZhNqqlaNFzKKY,Six Feet Under - Gazzo Remix,False,12272501
75WGjm9867pcRxGwiLRwK8,Six Feet Under - Aire Atlantica Remix,False,11720646
3bM4b4P6QFDnjdXXI2zufO,Ocean Eyes - Cautious Clay Remix,False,7227974
43ZbuNZJFbgGsYR5zq5ZKd,INTRO (HIT ME HARD AND SOFT TOUR),False,4796642
0rQtoQXQfwpDW0c7Fw1NeM,!!!!!!!,False,248134
