year,first_date,city,country,venue,nights,sold,available,revenue_usd,multi_venue,hybrid,tour,iso3,gdppc_usd
2018,"August 25, 2018",Seoul,South Korea,Seoul Olympic Stadium,2,90000,90000,8411739,False,False,Love Yourself World Tour,KOR,35363.95
2018,"September 5, 2018",Los Angeles,United States,Staples Center,14,180000,180000,,True,False,Love Yourself World Tour,USA,62875.67
2018,"October 6, 2018",New York City,United States,Citi Field,1,40000,40000,,False,False,Love Yourself World Tour,USA,62875.67
2018,"October 9, 2018",London,England,The O 2 Arena,2,31475,32278,4943140,False,False,Love Yourself World Tour,GBR,43704.32
2018,"October 13, 2018",Amsterdam,Netherlands,Ziggo Dome,1,13893,13893,2250000,False,False,Love Yourself World Tour,NLD,53955.08
2018,"October 16, 2018",Berlin,Germany,Mercedes-Benz Arena,2,25984,25984,,False,False,Love Yourself World Tour,DEU,48916.17
2018,"October 19, 2018",Paris,France,Accor Arena,2,28149,28149,4580000,False,False,Love Yourself World Tour,FRA,41418.18
2018,"November 13, 2018",Tokyo,Japan,Tokyo Dome,5,380000,380000,44477061,True,False,Love Yourself World Tour,JPN,40645.48
2018,"December 8, 2018",Taoyuan,Taiwan,Taoyuan International Baseball Stadium,2,250000,250000,7111720,True,False,Love Yourself World Tour,,
2021,"November 27, 2021",Inglewood ,United States,SoFi Stadium / YouTube Theater / Weverse ,4,213751,18000,33316345,False,True,Permission to Dance on Stage,USA,71441.23
2022,"March 10, 2022",Seoul ,South Korea,Seoul Olympic Stadium / Select global theatres  / Weverse ,3,45000,1400000,32600000,False,True,Permission to Dance on Stage,KOR,34822.4
2022,"April 8, 2022",Paradise ,United States,Allegiant Stadium / MGM Grand Garden Arena  / Weverse ,4,199697,22000,35944850,False,True,Permission to Dance on Stage,USA,78008.69
2026,"April 9, 2026",Goyang,South Korea,Goyang Stadium,3,127218,127218,18334950,False,False,Arirang World Tour,KOR,36226.97
2026,"April 17, 2026",Tokyo,Japan,Tokyo Dome,2,96178,96178,18767964,False,False,Arirang World Tour,JPN,35951.04
2026,"April 25, 2026",Tampa,United States,Raymond James Stadium,3,194335,194571,40736443,False,False,Arirang World Tour,USA,90026.52
2026,"May 2, 2026",El Paso,United States,Sun Bowl,2,97722,98230,20018656,False,False,Arirang World Tour,USA,90026.52
2026,"May 7, 2026",Mexico City,Mexico,Estadio GNP Seguros,3,145763,145875,40725147,False,False,Arirang World Tour,MEX,13889.23
2026,"May 16, 2026",Stanford,United States,Stanford Stadium,3,151693,151693,30531183,False,False,Arirang World Tour,USA,90026.52
2026,"May 23, 2026",Paradise ,United States,Allegiant Stadium,4,245691,245691,49493775,False,False,Arirang World Tour,USA,90026.52
2026,"June 12, 2026",Busan,South Korea,Busan Asiad Main Stadium,2,106827,106827,15181377,False,False,Arirang World Tour,KOR,36226.97
2026,"June 26, 2026",Madrid,Spain,Riyadh Air Metropolitano,2,134839,134839,24735653,False,False,Arirang World Tour,ESP,38627.25
2026,"July 1, 2026",Brussels,Belgium,King Baudouin Stadium,2,126194,126194,23194425,False,False,Arirang World Tour,BEL,60750.27
2026,"July 6, 2026",London,England,Tottenham Hotspur Stadium,2,130133,130133,24700000,False,False,Arirang World Tour,GBR,57601.96
2026,"July 11, 2026",Munich,Germany,Allianz Arena,2,141016,141016,23719354,False,False,Arirang World Tour,DEU,60496.44
2026,"July 17, 2026",Saint-Denis ,France,Stade de France,2,184502,184502,30610025,False,False,Arirang World Tour,FRA,48985.73
2026,"August 1, 2026",East Rutherford ,United States,MetLife Stadium,2,158000,158000,32700000,False,False,Arirang World Tour,USA,90026.52
2026,"August 5, 2026",Foxborough,United States,Gillette Stadium,2,133000,133000,29600000,False,False,Arirang World Tour,USA,90026.52
2026,"August 10, 2026",Baltimore,United States,M&T Bank Stadium,2,141000,141000,28500000,False,False,Arirang World Tour,USA,90026.52
2026,"August 15, 2026",Arlington,United States,AT&T Stadium,2,136000,136000,29600000,False,False,Arirang World Tour,USA,90026.52
2026,"August 22, 2026",Toronto,Canada,Rogers Stadium,2,107000,107000,24100000,False,False,Arirang World Tour,CAN,55697.66
2026,"August 27, 2026",Chicago,United States,Soldier Field,2,126000,126000,27200000,False,False,Arirang World Tour,USA,90026.52
2026,"September 1, 2026",Inglewood ,United States,SoFi Stadium,4,282000,282000,,False,False,Arirang World Tour,USA,90026.52
