title,artist,streams
Sign of the Times,Harry Styles,240776223.0
Sweet Creature,Harry Styles,26080595.0
Kiwi,Harry Styles,8325584.0
Carolina,Harry Styles,8123460.0
Two Ghosts,Harry Styles,5785450.0
Meet Me in the Hallway,Harry Styles,5732592.0
Woman,Harry Styles,4708353.0
Ever Since New York,Harry Styles,4568708.0
Only Angel,Harry Styles,3891601.0
From the Dining Table,Harry Styles,3313404.0
"Girl Crush - Recorded at Metropolis Studios, London",Harry Styles,76216.0
"Two Ghosts - Recorded at Metropolis Studios, London",Harry Styles,2759.0
