date,country
2017-09-19,United States
2017-09-20,United States
2017-09-25,United States
2017-09-26,United States
2017-09-28,United States
2017-09-30,United States
2017-10-01,United States
2017-10-04,Canada
2017-10-05,United States
2017-10-08,United States
2017-10-10,United States
2017-10-11,United States
2017-10-14,United States
2017-10-25,France
2017-10-27,Germany
2017-10-29,United Kingdom
2017-10-30,United Kingdom
2017-11-01,United Kingdom
2017-11-02,United Kingdom
2017-11-05,Sweden
2017-11-07,Germany
2017-11-08,Netherlands
2017-11-10,Italy
2017-11-19,China
2017-11-23,Singapore
2017-11-26,Australia
2017-11-30,Australia
2017-12-02,New Zealand
2017-12-07,Japan
2017-12-08,Japan
2018-03-11,Switzerland
2018-03-13,France
2018-03-14,Netherlands
2018-03-16,Belgium
2018-03-18,Sweden
2018-03-19,Denmark
2018-03-21,Norway
2018-03-24,Germany
2018-03-25,Germany
2018-03-27,Germany
2018-03-30,Spain
2018-03-31,Spain
2018-04-02,Italy
2018-04-04,Italy
2018-04-05,Germany
2018-04-07,United Kingdom
2018-04-09,United Kingdom
2018-04-11,United Kingdom
2018-04-12,United Kingdom
2018-04-14,United Kingdom
2018-04-16,Ireland
2018-04-21,Australia
2018-04-24,Australia
2018-04-27,Australia
2018-04-28,Australia
2018-05-01,Philippines
2018-05-03,Singapore
2018-05-05,Hong Kong
2018-05-07,Thailand
2018-05-10,Japan
2018-05-12,Japan
2018-05-23,Argentina
2018-05-25,Chile
2018-05-27,Brazil
2018-05-29,Brazil
2018-06-01,Mexico
2018-06-02,Mexico
2018-06-05,United States
2018-06-07,United States
2018-06-09,United States
2018-06-11,United States
2018-06-12,United States
2018-06-14,United States
2018-06-15,United States
2018-06-16,Canada
2018-06-18,United States
2018-06-21,United States
2018-06-22,United States
2018-06-24,United States
2018-06-26,United States
2018-06-27,United States
2018-06-30,United States
2018-07-01,United States
2018-07-03,United States
2018-07-06,Canada
2018-07-07,United States
2018-07-09,United States
2018-07-11,United States
2018-07-13,United States
2018-07-14,United States
