model,term,ratio,lo,hi,b,se,n
primary,evening,1.7513,1.3758,2.2292,0.5604,0.1231,35280
primary,morning,0.7712,0.5708,1.0419,-0.2599,0.1535,35280
group_trends,evening,1.0804,0.6489,1.7988,0.0774,0.2601,35280
group_trends,morning,0.7189,0.3586,1.4416,-0.3300,0.3550,35280
placebo_day_-14,evening,0.9172,0.7114,1.1826,-0.0864,0.1297,34020
placebo_day_-14,morning,1.0782,0.8029,1.4479,0.0753,0.1504,34020
window_7,evening,1.5455,1.0955,2.1803,0.4353,0.1756,17262
window_7,morning,0.6756,0.4229,1.0791,-0.3922,0.2390,17262
window_21,evening,1.8505,1.5056,2.2745,0.6155,0.1052,52920
window_21,morning,0.8549,0.6721,1.0875,-0.1567,0.1227,52920
no_2020_2021,evening,1.7797,1.3650,2.3203,0.5764,0.1353,28224
no_2020_2021,morning,0.7289,0.5292,1.0038,-0.3163,0.1633,28224
other_crash_kinds,evening,1.2845,1.2048,1.3693,0.2503,0.0327,35280
other_crash_kinds,morning,0.9703,0.8791,1.0709,-0.0302,0.0503,35280
