call,app_id,title,applicant,call_year,film,movie_id,cz_date,decision
2021-2-4-12,4514/2021,#Couple goals,DAWSON films s.r.o.,2021,Vlny,496850,15/08/2024,no
2021-2-2-7,4244/2021,Kruh v kruhu,"J & J JAKUBISKO FILM EUROPE, SE",2021,Perinbaba a dva světy,459633,07/12/2023,no
2020-2-1-4,3382/2019,"Nikola Šuhaj, příběh lásky, smšnosti a smrti",Větrné mlýny s.r.o.,2020,Bandité pro Baladu,334931,01/12/2022,yes
2018-2-6-17,2690-2018,S péčí řádného hospodáře,Cinemart a.s.,2018,Na krátko,78565,24/05/2018,no
2018-2-1-1,2400-2018,Křik jako nádherná píseň,HEAVEN'S GATE,2018,Chvilky,78566,22/11/2018,no
2016-2-10-34,1629-2017,Lůza,"Fog ´n ´Desire, s.r.o.",2016,Chvilky,78566,22/11/2018,no
2016-2-4-15,1368/2016,Year of the Plague (Invaze sezóny),Fog'n'Desire Films s.r.o.,2016,Chvilky,78566,22/11/2018,no
2020-2-1-4,3382/2020,"Nikola Šuhaj, příběh lásky, smšnosti a smrti",Větrné mlýny s.r.o.,2020,Bandité pro Baladu,334931,01/12/2022,yes
2019-2-1-4,2997/2019,"Nikola Šuhaj lhář, podvodník a zloděj",Větrné mlýny s.r.o.,2019,Bandité pro Baladu,334931,01/12/2022,yes
