row,title,applicant,call_year,found,film
0,S péčí řádného hospodáře,Cinemart a.s.,2018,no,
1,Svatba bude?,Silk Films s.r.o.,2018,no,
2,Mýtus o opravdovém člověku,Analog Vision s.r.o.,2021,no,
3,Strach,Hausboot Production,2021,no,
4,3-2-1 Start!,Krutart s.r.o.,2019,no,
5,Websterovi II,13ka,2021,yes,Websterovi: Příběhy na pavoučím vlákně
6,Daleko od Mikulova,Cinemart a.s.,2019,no,
7,Tepich,Duracfilm z.s.,2019,no,
8,13,DonArt production s.r.o.,2021,no,
9,Ahoj. Medvěde!,Bionaut s.r.o.,2019,no,
10,Legendary,EasyFun Film s.r.o.,2016,no,
11,Ve jménu Alláha,"nutprodukce, s.r.o.",2018,no,
12,Tmání,Frame Films s.r.o.,2021,no,
13,Mucha,Punk Film s.r.o.,2017,unsure,Svět podle Muchy
14,Dobrý život bratra Bendy,endorfilm s.r.o.,2017,no,
15,Hana,Happy Celuloid s.r.o.,2021,no,
16,Sihamoni - Dvojí svět krále Sihamoniho,CineArt TV Prague s.r.o.,2019,no,
17,"Tonda, Slávka a Génius",nutprodukce,2018,yes,"Tonda, Slávka a kouzelné světlo"
18,Somewhere-Ceva,MAUR film s.r.o.,2016,no,
19,Can´t arrest a movement,Perfilm s.r.o.,2021,no,
20,Překročit hranice,Produkce Radim Procházka s.r.o.,2016,no,
21,Czech Norris,Up&Up production s.r.o.,2018,no,
22,Manipulace,Balda Film s.r.o.,2020,no,
23,15x15x5 Minisalon,Nomad Films s.r.o.,2021,"exists, not released",15 x 15 x 5 - minisalon 1984
24,Below the black rising sun,Silk Films s.r.o.,2019,no,
25,Současné rituální tendence Čechů,Background Films s.r.o.,2021,no,
26,Věčný klid,Xova Film s.r.o.,2019,no,
27,O snech,Barletta,2021,no,
28,Nahoře i dole,NOW Production s.r.o.,2021,no,
29,Léto s Bernardem,"MasterFilm, s.r.o.",2016,no,
30,Taurofilie,Analog Vision s.r.o.,2017,no,
31,"Dlouhý, Široký a Bystrozraký",LUXOR spol.s.r.o.,2020,no,
32,Efekt mořské panny,MAUR film s.r.o.,2021,no,
33,Mistr (Mesteren),Tomáš Doruška Film s.r.o.,2016,no,
34,"Nikola Šuhaj lhář, podvodník a zloděj",Větrné mlýny s.r.o.,2019,yes,Bandité pro Baladu
35,Vernisáž,LOVE.FRAME s.r.o.,2021,no,
36,Pongo story,Produkce Radim Procházka s.r.o.,2018,no,
37,Mosul,Mimesis Film s.r.o.,2017,yes,V Mosulu
38,V sedm u koně,Felis nebulosa z.ú.,2018,no,
39,Asanace,Kuli Film s.r.o.,2020,no,
40,Legenda Suchý,CineArt TV Prague s.r.o.,2018,yes,Jiří Suchý - Lehce s životem se prát
41,Berliner,8Heads Productions s.r.o.,2016,no,
42,Krvavá nevěsta,Snake Catcher s.r.o.,2020,no,
43,Léčení mého já,Mimesis Film s.r.o.,2018,no,
44,Don Hrabal,MAUR film s.r.o.,2017,no,
45,Overview,first.FRAME s.r o.,2017,no,
46,O krávě,MAUR film s.r.o.,2021,no,
47,Zákon času,Marina Films s.r.o.,2021,no,
48,Výdech,DonArt Production s.r.o.,2021,no,
49,Polyspiratio,Marienbad Film z.s.,2021,no,
50,Ad acta,moloko film s.r.o.,2017,no,
51,Nebožtíci neškemraj,GOLDEN BULL Production s.r.o.,2021,no,
52,New nature,Lenka Morávková,2021,no,
53,Husa,animation people s.r.o.,2020,no,
54,Tady nejste v Moskvě,Hypermarket film s.r.o.,2019,no,
55,Bikerka,Frame Films s.r.o.,2020,no,
56,Když Čína dovolí,CineArt TV Prague s.r.o.,2020,no,
57,Stranger Than Paradise,Silk Films s.r.o.,2021,no,
58,Kotoul vpřed,Hana Zedníčková Kousalová,2018,no,
59,Zvuk Černobylu,Gamma Pictures s.r.o.,2018,no,
