call,app_id,applicant,title,call_year,rule,similarity,src,src_id,matched_label,matched_detail,release_year,decision
2016-2-1-2,1121/2016,Evolution Films s.r.o.,Kvarteto,2016,1,100.0,lumiere,74738,Kvarteto,Miroslav Krobot · CZ · Falcon 30/11/2017,2017.0,yes
2016-2-1-2,1126/2016,VorelFilm s.r.o.,Instalatér z Tuchlovic,2016,1,100.0,lumiere,70455,Instalatér z Tuchlovic,Tomás Vorel · CZ · Falcon 06/10/2016,2016.0,yes
2016-2-10-34,1636-2017,AXMAN PRODUCTION s.r.o.,FUGA,2016,1,100.0,lumiere,78586,Fuga,"Agnieszka Smoczynska · PL, CZ, SE · Pilot Film 06/12/2018",2018.0,yes
2016-2-4-29,1535-2016,HYPERMARKET FILM spol. s.r.o.,FREM,2016,1,100.0,lumiere,90461,Frem,"Viera Cákanyová · CZ, SK · Doc-Air, z.s. 17/06/2021",2021.0,yes
2016-2-8-24,1442-2016,Fog´n´Desire Films s.r.o.,Zahradnictví- Nápadník,2016,1,100.0,lumiere,74737,Zahradnictví: Nápadník,Jan Hrebejk · CZ · CinemArt 16/11/2017,2017.0,yes
2017-2-3-7,1770-2017,Hausboot Production s.r.o.,Jiří Trnka - Nalezený přítel,2017,1,100.0,lumiere,86205,Jiří Trnka: Nalezený přítel,"Joël Farges · FR, CZ · CinemArt 28/11/2019",2019.0,yes
2017-2-8-22,2041-2017,Negativ s.r.o.,Prezident Blaník,2017,1,100.0,lumiere,78516,Prezident Blaník,Marek Najbrt · CZ · Falcon 01/02/2018,2018.0,yes
2017-2-8-22,2038-2017,"SCREENPLAY BY, s.r.o.",Miss Hanoi,2017,1,100.0,lumiere,78545,Miss Hanoi,Zdenek Viktora · CZ · Falcon 09/08/2018,2018.0,yes
2017-2-9-31,2315-2017,freeSaM s.r.o.,Bohu žel,2017,1,100.0,lumiere,78608,Bohu žel,Sasa Dlouhý · CZ · Aerofilms 17/05/2018,2018.0,yes
2018-2-1-1,2393-2018,"OFFSIDE MEN, s.r.o.",Chyby,2018,1,100.0,lumiere,92753,Chyby,"Jan Prusinovský · CZ, SK · Falcon 15/07/2021",2021.0,yes
2018-2-1-1,2413-2018,endorfilm s.r.o.,Amnestie,2018,1,100.0,lumiere,86179,Amnestie,"Jonás Karásek · SK, CZ · Bontonfilm 14/11/2019",2019.0,yes
2018-2-3-8,2479-2018,BFILM.cz,Srdce Věže,2018,1,100.0,lumiere,334881,Cesta do Tvojzemí,"Peter Budinský · SK, BE, CZ · Forum Film 11/08/2022",2022.0,yes
2018-2-7-20,2756/2018,TVORBA films,Havel,2018,1,100.0,lumiere,89594,Havel,Slávek Horák · CZ · Bontonfilm 23/07/2020,2020.0,yes
2019-2-1-4,2993/2019,LOVE.FRAME s.r.o.,Slovo,2019,1,100.0,lumiere,334906,Slovo,"Beata Parkanová · CZ, SK, PL · Bontonfilm 15/09/2022",2022.0,yes
2019-2-3-9,3096/2019,Kuli Film s.r.o.,Lawrence z Morávie,2019,1,100.0,lumiere,497067,Lawrence z Morávie,"Jan Cechl · CZ, PT · Kuli Film 19/09/2024",2024.0,yes
2019-2-4-10,3098/2019,GPO Platform s.r.o.,Zkouška umění,2019,1,100.0,lumiere,334923,Zkouška umění,"Tomás Bojar, Adéla Komrzý · CZ · Aerofilms 03/11/2022",2022.0,yes
2019-2-4-10,3065/2019,Negativ s.r.o.,Meky,2019,1,100.0,lumiere,89613,Meky,"Simon Safránek · SK, CZ · Bontonfilm 08/07/2020",2020.0,yes
2019-2-6-16,3253/2019,D1film s.r.o.,Zešílet,2019,1,100.0,lumiere,459647,Zošalieť,"Zuzana Piussi · CZ, SK · D1film 07/04/2023",2023.0,yes
2020-2-1-4,3344/2019,HEAVEN'S GATE s.r.o.,Amerikánka,2020,1,100.0,lumiere,489622,Amerikánka,"Viktor Taus · CZ, SK, CH · Bioscop 26/09/2024",2024.0,yes
2020-2-1-4,3344/2020,HEAVEN'S GATE s.r.o.,Amerikánka,2020,1,100.0,lumiere,489622,Amerikánka,"Viktor Taus · CZ, SK, CH · Bioscop 26/09/2024",2024.0,yes
2020-2-2-8,3424/2019,Kuli Film s.r.o.,Planeta Praha,2020,1,100.0,lumiere,334879,Planeta Praha,"Jan Hosek · CZ, SK · Aerofilms 04/08/2022",2022.0,yes
2020-2-2-8,3428/2019,Bontonfilm Studios s.r.o.,K2 vlastní cestou,2020,1,100.0,lumiere,89601,K2 vlastní cestou,Jana Počtová · CZ · Bontonfilm 30/07/2020,2020.0,yes
2020-2-4-14,3520/2020,Rolling Pictures spol. s.r.o.,Perla,2020,1,100.0,ufd,ufd2025-2896,Perla,Cinemart 2025-07-24,2025.0,unsure
2020-2-6-17,3601/2020,Mimesis Film s.r.o.,Všechno dobře dopadne,2020,1,100.0,lumiere,459616,Všechno dobře dopadne,Miroslav Janek · CZ · Pilot Film 09/02/2023,2023.0,yes
2020-2-7-19,3749/2020,Bratři s.r.o.,Somewhere over the Chemtrails (SOTCH),2020,1,100.0,lumiere,286861,Kdyby radši hořelo,Adam Rybanský · CZ · Bontonfilm 16/06/2022,2022.0,yes
2020-2-7-19,3716/2020,Fairytale Poduction s.r.o.,Tajemství staré bambitky 2,2020,1,100.0,lumiere,334870,Tajemství staré bambitky 2,Ivo Macharácek · CZ · Bioscop 10/02/2022,2022.0,yes
2021-2-2-7,4201/2021,Biograf Jan Svěrák s.r.o.,Betlémské světlo,2021,1,100.0,lumiere,286859,Betlémské světlo,Jan Sverák · CZ · Bioscop 10/03/2022,2022.0,yes
2021-2-2-7,4247/2021,IS Produkce s.r.o.,Spící město,2021,1,100.0,lumiere,92765,Spící město,Dan Svátek · CZ · Bontonfilm 19/08/2021,2021.0,yes
2021-2-6-19,4659/2021,Eallin TV s.r.o.,Stop time,2021,1,100.0,lumiere,459648,Stop time / Zastavený čas,David Calek · CZ · EALLIN TV 28/03/2023,2023.0,yes
2022-2-2-7,4999/2022,8Heads Productions s.r.o.,Tichá pošta,2022,1,100.0,lumiere,535610,Tichá posta,"Ján Sebechlebský · CZ, SK, RS · CinemArt 27/02/2025",2025.0,yes
2023-2-2-7,5681/2023,Marlene Film Production s.r.o.,Franz,2023,1,100.0,lumiere,546535,Franz,Agnieszka Holland · CZ · Bioscop 25/09/2025,2025.0,yes
2023-2-6-17,5936/2023,Gnomon Production s.r.o.,Co s Péťou?,2023,1,100.0,lumiere,551869,Co s Péťou?,Martin Trabalík · CZ · Gnomon Production 30/10/2025,2025.0,yes
2016-2-1-2,1119/2016,"INFINITY PRAGUE Ltd, a.s.",Švejk,2016,2,100.0,ufd,ufd2016-115,Dobrý voják Švejk,NFA 2016-04-21,2016.0,no
2016-2-1-2,1153/2016,Film United s.r.o.,Za Sny,2016,2,100.0,ufd,ufd2020-1341,Vzhůru za sny,Bontonfilm 2020-07-23,2020.0,no
2016-2-10-34,1649-2017,"MasterFilm, s.r.o.",Léto s Bernardem,2016,2,100.0,ufd,ufd2018-825,Léto,Aerofilms 2018-08-16,2018.0,no
2016-2-10-34,1620-2017,D1film s.r.o.,Obléhání města,2016,2,93.33333333333331,lumiere,86204,Obliehanie mesta,"Zuzana Piussi · SK, CZ ·  ",2019.0,yes
2016-2-4-15,1380/2016,Pink Productions s.r.o.,Touch me not/Ne dotýkej se mě,2016,2,100.0,lumiere,78031,Touch Me Not,"Adina Pintilie · RO, DE, CZ, BG, FR · Pilot Film 15/11/2018",2018.0,yes
2016-2-4-15,1376/2016,endorfilm s.r.o.,"Auta, kterými jsme přijeli do kapitalismu",2016,2,93.67088607594935,lumiere,334613,"Auta, kterými jsme dojeli do kapitalismu","Georgi Bogdanov, Boris Missirkov · BG, DK, CZ, DE, HR ·  ",2021.0,yes
2016-2-4-15,1382/2016,D1film s.r.o.,Obléhání města,2016,2,93.33333333333331,lumiere,86204,Obliehanie mesta,"Zuzana Piussi · SK, CZ ·  ",2019.0,yes
2016-2-4-29,1532-2016,Pink Produciton s.r.o.,THE TAP TAP - Postiženi muzikou,2016,2,100.0,ufd,ufd2020-1395,Postiženi muzikou,Aerofilms 2020-09-24,2020.0,yes
2016-2-4-29,1543-2016,Analog Vision s.r.o.,Kiruna 2.0,2016,2,100.0,lumiere,84837,Dcera čarodějky 2: Černá magie,"Ask Hasselbalch · DK, CZ ·  ",2019.0,no
2016-2-8-24,1441-2016,Martina Sejková,U dobré naděje,2016,2,100.0,ufd,ufd2020-1394,Naděje,Bontonfilm 2020-09-24,2020.0,no
2017-2-1-2,1696-2017,"Daniel Severa Production, s.r.o.",Opravdoví bratři,2017,2,100.0,lumiere,459625,Bratři,"Tomás Masín · CZ, DE, SK · CinemArt 26/10/2023",2023.0,unsure
2017-2-1-2,1689-2017,Film United s.r.o.,Za Sny,2017,2,100.0,ufd,ufd2020-1341,Vzhůru za sny,Bontonfilm 2020-07-23,2020.0,no
2017-2-1-2,1697-2017,MIRACLE FILM s.r.o.,Síla Lásky,2017,2,100.0,lumiere,92790,Síla,Martin Marecek · CZ · Artcam 06/01/2022,2022.0,no
2017-2-2-5,1748-2017,NEGATIV s.r.o.,Moje slunce MAAt,2017,2,90.3225806451613,ufd,ufd2021-1592,Moje slunce Mad,Aerofilms 2021-10-21,2021.0,yes
2017-2-2-5,1746-2017,MAUR film s.r.o.,Život je všude - Jáma,2017,2,100.0,ufd,ufd2017-414,Život,Falcon 2017-03-23,2017.0,no
2017-2-2-5,1729-2017,Barletta s.r.o.,Život k sežrání,2017,2,100.0,ufd,ufd2017-414,Život,Falcon 2017-03-23,2017.0,no
2017-2-3-7,1772-2017,endorfilm s.r.o.,Dobrý život bratra Bendy,2017,2,100.0,ufd,ufd2017-414,Život,Falcon 2017-03-23,2017.0,no
2017-2-3-7,1769-2017,Libuše Rudinská,"Jidřich Štreit: Sudety, má láska",2017,2,100.0,ufd,ufd2019-1058,Máma,Cinemart 2019-05-30,2019.0,no
2017-2-3-7,1792-2017,Urania s.r.o.,Vilém z Pernštejna aneb budovatel a vizionář,2017,2,100.0,ufd,ufd2022-1915,Poslední střih,Film Europe 2022-10-27,2022.0,no
2017-2-5-18,2007-2017,Girl and Gun s.r.o.,2 3 4,2017,2,100.0,lumiere,84837,Dcera čarodějky 2: Černá magie,"Ask Hasselbalch · DK, CZ ·  ",2019.0,no
2017-2-5-18,2002-2017,Pink Productions s.r.o.,"Jiří pes, uprchlík",2017,2,100.0,ufd,ufd2022-1705,Pes,Bontonfilm 2022-02-24,2022.0,no
2017-2-5-18,2005-2017,Telegram Lab Films s.r.o.,Malá noční hudba,2017,2,100.0,ufd,ufd2023-2297,Hudba,Film Europe 2023-11-16,2023.0,no
2017-2-6-19,1987-2017,Lukáš Rittštein,Linie splněných přání v Horizontu událostí,2017,2,100.0,ufd,ufd2023-2312,Přání,Falcon 2023-11-30,2023.0,no
2017-2-9-31,2317-2017,Cinepoint s.r.o.,Jan Jedlička - barvené stopy krajiny,2017,2,100.0,lumiere,92740,Jan Jedlička: Stopy krajiny,"Petr Záruba · CZ, IT · Cinepoint s.r.o. 27/05/2021",2021.0,yes
2017-2-9-31,2313-2017,Telekinetics s.r.o.,Satanic Girls - ženy na cestě,2017,2,100.0,ufd,ufd2022-1715,Na cestě,Artcam 2022-03-17,2022.0,no
2017-2-9-31,2281-2017,Punk Film s.r.o.,Mucha,2017,2,100.0,lumiere,89624,Svět podle Muchy,Roman Vávra · CZ · Bontonfilm 01/10/2020,2020.0,unsure
2017-2-9-31,2312-2017,R&T Production s.r.o.,The inside of us,2017,2,100.0,ufd,ufd2019-1008,My,Cinemart 2019-03-28,2019.0,no
2018-2-1-1,2411-2018,Bio Illusion s.r.o.,"Princip Kriegel aneb Muž, který stál v cestě",2018,2,100.0,lumiere,367372,"Muž, který stál v cestě","Petr Nikolaev · CZ, UA, LT · Bontonfilm 25/05/2023",2023.0,yes
2018-2-10-30,2923-2018,CIREAL production s.r.o.,Věčný Jožo,2018,2,100.0,lumiere,337159,Věčný Jožo aneb Jak jsem potkal hvězdu,"Jan Gogola Jr. · CZ, SK · Balkanfilm 26/01/2023",2023.0,yes
2018-2-2-4,2433-2018,Guru Film s.r.o.,Francek,2018,2,92.3076923076923,ufd,ufd2022-1723,France,Film Europe 2022-03-24,2022.0,no
2018-2-2-4,2432-2018,Background Films s.r.o.,E.D.,2018,2,100.0,lumiere,459615,á-B-C-D-é-F-G-H-CH-í-JONESTOWN,Jan Busta · CZ · Kuli Film 12/01/2023,2023.0,no
2018-2-2-4,2431-2018,Mindset Pictures s.r.o.,Moc minulosti,2018,2,100.0,lumiere,459704,Moc,"Mátyás Prikler · SK, HU, CZ · Pilot Film 09/11/2023",2023.0,unsure
2018-2-3-8,2471-2018,Evolution Films,TvMiniUni a Zloděj otázek,2018,2,100.0,lumiere,86186,Tvminiuni: Zlodej Otazek,Jan Jirku · CZ · Bontonfilm 06/06/2019,2019.0,yes
2018-2-4-10,2515-2018,Punk film s.r.o.,Mucha,2018,2,100.0,lumiere,89624,Svět podle Muchy,Roman Vávra · CZ · Bontonfilm 01/10/2020,2020.0,unsure
2018-2-4-10,2529-2018,Film&Sociologie s.r.o,KHM1 - Pouť krkonošská,2018,2,100.0,lumiere,89639,Pouť krkonošská,Karel Čtveráček · CZ · Film & Sociologie 16/06/2020,2020.0,yes
2018-2-6-17,2698-2018,Bionaut s.r.o.,Hrana zlomu - debut,2018,2,100.0,lumiere,92809,Hrana zlomu,Emil Krizka · CZ · Bionaut 04/11/2021,2021.0,yes
2018-2-7-20,2772/2018,Black Balance s.r.o.,Nikdo mě nemá rád,2018,2,100.0,ufd,ufd2021-1462,Nikdo,Cinemart 2021-06-24,2021.0,no
2018-2-8-24,2835-2018,MasterFilm s.r.o.,Barva z kosmu,2018,2,100.0,ufd,ufd2022-1915,Poslední střih,Film Europe 2022-10-27,2022.0,no
2019-2-1-4,2973/2019,"In Film Praha, s.r.o.",Komik v Olomouci,2019,2,100.0,lumiere,84463,Humorista,"Mikhail Idov · CZ, LV, RU · Artcam 25/04/2019",2019.0,unsure
2019-2-1-4,2981/2019,8Heads Production s.r.o.,Město bez Boha,2019,2,100.0,lumiere,253076,Město,Jirí Divis · CZ · Jiří Diviš 18/11/2021,2021.0,no
2019-2-2-5,3005-2019,Guru Film s.r.o.,Francek,2019,2,92.3076923076923,ufd,ufd2022-1723,France,Film Europe 2022-03-24,2022.0,no
2019-2-3-9,3104/2019,Bionaut s.r.o.,Love Is Just A Death Away,2019,2,100.0,ufd,ufd2025-2897,Láska,Pilot Film 2025-07-24,2025.0,no
2019-2-3-9,3078/2019,Krutart s.r.o.,3-2-1 Start!,2019,2,100.0,lumiere,84837,Dcera čarodějky 2: Černá magie,"Ask Hasselbalch · DK, CZ ·  ",2019.0,no
2019-2-3-9,3036/2019,Progressivefx s.r.o.,Diplodokus,2019,2,100.0,lumiere,483060,Hokus pokus Diplodokus,"Wojtek Wawszczyk · PL, CZ, SK · CinemArt 09/01/2025",2025.0,yes
2019-2-3-9,3030/2019,"Bedna Films, s.r.o.",Malý Pán 2,2019,2,100.0,lumiere,84837,Dcera čarodějky 2: Černá magie,"Ask Hasselbalch · DK, CZ ·  ",2019.0,no
2019-2-3-9,3054/2019,BFILM.cz s.r.o.,Peníze a štěstí,2019,2,100.0,ufd,ufd2022-1704,Štěstí,Mezipatra 2022-02-24,2022.0,no
2019-2-3-9,3066/2019,Silent Cartoons s.r.o.,O čertovi,2019,2,100.0,lumiere,92755,O Certovi A Jine Vanocni Pohadky,"Petr Vodicka, Miroslav Zachariáš, Martin Otevřel, Šárka Váchová, David Súkup · CZ · Bontonfilm 25/11/2021",2021.0,unsure
2019-2-4-10,3092/2019,GURU Film s.r.o.,Amoosed!,2019,2,100.0,lumiere,553690,Amoosed: A Moose Odyssey,"Hana Nováková · CZ, SK ·  ",2025.0,yes
2019-2-4-10,3076/2019,Silk Films s.r.o.,Miko,2019,2,100.0,lumiere,357222,More Miko,Robin Kvapil · CZ · Artcam 09/03/2023,2023.0,yes
2019-2-4-10,3062/2019,NEGATIV s.r.o.,Máme tady uprchlíky,2019,2,100.0,lumiere,90469,Mothers,Vojtech Moravec · CZ · Bontonfilm 24/06/2021,2021.0,no
2019-2-4-10,3053/2019,Frame Films s.r.o.,Džunlgle Placht,2019,2,96.55172413793105,lumiere,496986,Džungle Placht, · CZ · Frame Films 26/10/2024,2024.0,yes
2019-2-6-16,3246/2019,Xova Film s.r.o.,Věčný klid,2019,2,100.0,ufd,ufd2025-2784,Věčný,Film Europe 2025-03-06,2025.0,no
2019-2-6-16,3208/2019,Cineart TV Prague s.r.o.,Tělo,2019,2,100.0,lumiere,459629,Její telo,"Natálie Císarovská · CZ, SK · Bontonfilm 16/11/2023",2023.0,yes
2019-2-6-16,3248/2019,Bratři s.r.o.,Somewhere over the chamtrails,2019,2,96.55172413793105,lumiere,286861,Kdyby radši hořelo,Adam Rybanský · CZ · Bontonfilm 16/06/2022,2022.0,yes
2019-2-7-18,3297/2019,Kateřina Křivanová,"Zelený film, nic víc",2019,2,100.0,ufd,ufd2023-2144,Nic,Film Europe 2023-06-01,2023.0,no
2019-2-7-18,3293/2019,MasterFilm s.r.o.,Kroky,2019,2,100.0,ufd,ufd2025-2895,Fantastická 4: První kroky,Falcon 2025-07-24,2025.0,no
2020-2-1-4,3348/2019,8Heads Production s.r.o.,Město bez Boha,2020,2,100.0,lumiere,253076,Město,Jirí Divis · CZ · Jiří Diviš 18/11/2021,2021.0,no
2020-2-1-4,3348/2020,8Heads Production s.r.o.,Město bez Boha,2020,2,100.0,lumiere,253076,Město,Jirí Divis · CZ · Jiří Diviš 18/11/2021,2021.0,no
2020-2-2-8,3436/2019,Helium Film s.r.o.,Naděje zlátne,2020,2,100.0,ufd,ufd2020-1394,Naděje,Bontonfilm 2020-09-24,2020.0,no
2020-2-2-8,3417/2019,Josef Císařovský,"Muž zbavený tíže, Praha - Paříž",2020,2,100.0,lumiere,92726,Muž zbavený tíže,Josef Císarovský · CZ · CinemArt 09/12/2021,2021.0,yes
2020-2-3-10,3497/2020,Helium Film s.r.o.,Archa,2020,2,100.0,ufd,ufd2024-2386,Noemova Archa,Bohemia MP 2024-02-08,2024.0,no
2020-2-3-10,3495/2020,Analog Vision s.r.o.,Ostrov svobody,2020,2,100.0,lumiere,364727,Ostrov,Rudolf Havlik · CZ · CinemArt 02/02/2023,2023.0,no
2020-2-3-10,3502/2020,Xova Film s.r.o.,Půlnoční lov,2020,2,100.0,ufd,ufd2020-1302,Lov,Cinemart 2020-05-14,2020.0,no
2020-2-4-14,3559/2020,Silent Cartoons s.r.o.,O čertovi,2020,2,100.0,lumiere,92755,O Certovi A Jine Vanocni Pohadky,"Petr Vodicka, Miroslav Zachariáš, Martin Otevřel, Šárka Váchová, David Súkup · CZ · Bontonfilm 25/11/2021",2021.0,unsure
2020-2-6-17,3615/2020,Evolution Films s.r.o.,Vandráci,2020,2,100.0,lumiere,496861,Vandraci na ostrove lidojedu, · CZ · Falcon 14/11/2024,2024.0,unsure
2020-2-7-19,3694/2020,CINEART TV Prague s.r.o.,Tělo,2020,2,100.0,lumiere,459629,Její telo,"Natálie Císarovská · CZ, SK · Bontonfilm 16/11/2023",2023.0,yes
2020-2-8-26,4011/2020,Brattři s.r.o.,Somewhere over the Chamtrails,2020,2,96.55172413793105,lumiere,286861,Kdyby radši hořelo,Adam Rybanský · CZ · Bontonfilm 16/06/2022,2022.0,yes
2020-2-9-27,4001/2020,Perfilm s.r.o.,If I ever loose my eyes,2020,2,100.0,ufd,ufd2024-2504,Imaginární přátelé,Cinemart 2024-05-30,2024.0,no
2020-2-9-27,3999/2020,Analog Vision s.r.o.,Zracdlo moře,2020,2,100.0,ufd,ufd2023-2073,Více,Film Europe 2023-03-30,2023.0,no
2021-12-1-10,4487/2021,animation people s.r.o.,V lese,2021,2,100.0,ufd,ufd2025-2820,Tenkrát v lese,Film Europe 2025-04-17,2025.0,no
2021-12-2-20,4685/2021,MAUR film s.r.o.,O krávě,2021,2,100.0,ufd,ufd2022-1686,Balada o bílé krávě,Artcam 2022-02-03,2022.0,no
2021-12-2-20,4722/2021,BoBa FILM,Bob a Bobek - Na stopě Mrkvojeda,2021,2,100.0,lumiere,496854,Bob a Bobek ve filmu: Na stope Mrkvojeda,"Ondrej Pecha, Mirek Zachariás · CZ · Forum Film 05/12/2024",2024.0,yes
2021-2-1-4,4162/2021,"Pink Productions, s.r.o.",Blix,2021,2,100.0,lumiere,449344,Blix Not Bombs,"Greta Stocklassová · CZ, SE · Pilot Film 09/11/2023",2023.0,yes
2021-2-1-4,4153/2021,Analog Vision s.r.o.,PSO,2021,2,100.0,lumiere,496866,Velký finále PSO,Dominik Kalivoda · CZ · Alter Vision 29/08/2024,2024.0,unsure
2021-2-4-12,4509/2021,Cinémotif Films s.r.o.,Rituály,2021,2,100.0,ufd,ufd2025-2938,V zajetí démonů 4: Poslední rituály,Vertical Ent. 2025-09-04,2025.0,no
2021-2-4-12,4518/2021,Kuli Film s.r.o.,Barcarole,2021,2,100.0,lumiere,459621,Rozptýlení/Barcarole,Event Director · CZ · Kuli Film 04/05/2023,2023.0,yes
2021-2-4-12,4505/2021,Analog Vision s.r.o.,Ostrov svobody,2021,2,100.0,lumiere,364727,Ostrov,Rudolf Havlik · CZ · CinemArt 02/02/2023,2023.0,no
2021-2-6-19,4666/2021,endorfilm s.r.o.,Údolí srdce,2021,2,100.0,ufd,ufd2023-2071,Údolí,Film Europe 2023-03-30,2023.0,no
2021-2-6-19,4681/2021,Jan Foukal,Zámek,2021,2,100.0,ufd,ufd2024-2351,Laputa: Nebeský zámek,Aerofilms 2024-01-04,2024.0,no
2021-2-7-21,4737/2021,Bionaut s.r.o.,Anna is missing,2021,2,100.0,ufd,ufd2023-2034,Nezvěstná,Falcon 2023-02-23,2023.0,no
2021-2-7-21,4738/2021,Shore Points s.r.o.,Daleko/Blízko,2021,2,100.0,ufd,ufd2023-1986,Blízko,Artcam 2023-01-05,2023.0,no
2022-12-2-20,5302/2022,Alkay Animation Prague,Sára Kalamita,2022,2,100.0,ufd,ufd2025-2741,Kalamita,NFA 2025-01-23,2025.0,no
2022-12-2-20,5333/2022,MAUR film,Strachy,2022,2,100.0,ufd,ufd2022-1955,Strachy v nás,Mezipatra  2022-11-24,2022.0,no
2022-12-2-20,5320/2022,BoBa FILM,Bob a Bobek - Na stopě Mrkvojeda,2022,2,100.0,lumiere,496854,Bob a Bobek ve filmu: Na stope Mrkvojeda,"Ondrej Pecha, Mirek Zachariás · CZ · Forum Film 05/12/2024",2024.0,yes
2022-2-1-4,4932/2022,Analog Vision s.r.o.,Zrcadlo moře,2022,2,100.0,ufd,ufd2023-2073,Více,Film Europe 2023-03-30,2023.0,no
2022-2-1-4,4967/2022,Helium Film s.r.o.,(Bez)moc jednotlivce,2022,2,100.0,lumiere,459704,Moc,"Mátyás Prikler · SK, HU, CZ · Pilot Film 09/11/2023",2023.0,no
2022-2-6-18,5268/2022,endorfilm s.r.o.,Milion chvilek,2022,2,100.0,lumiere,551828,Milion,Rudolf Merkner · CZ · Falcon 06/11/2025,2025.0,no
2022-2-6-18,5273/2022,FILM KOLEKTIV s.r.o.,Up in the Air / V oblacích (pracovní název),2022,2,100.0,ufd,ufd2023-2083,Air: Zrození legendy,Vertical Ent. 2023-04-06,2023.0,no
2022-2-6-18,5275/2022,Kuli Film s.r.o.,Čekání na zázrak,2022,2,100.0,ufd,ufd2022-1773,Zázrak,Cinemart 2022-05-05,2022.0,no
2022-2-6-18,5274/2022,Analog Vision s.r.o.,Zrcadlo moře,2022,2,100.0,ufd,ufd2023-2073,Více,Film Europe 2023-03-30,2023.0,no
2022-2-6-18,5259/2022,CINEPOINT s.r.o.,Love and Capitalism,2022,2,100.0,ufd,ufd2025-2897,Láska,Pilot Film 2025-07-24,2025.0,no
2022-2-6-18,5260/2022,38FILM s.r.o.,Vandráci,2022,2,100.0,lumiere,496861,Vandraci na ostrove lidojedu, · CZ · Falcon 14/11/2024,2024.0,unsure
2022-2-7-21,5363/2022,Shore Points s.r.o.,Daleko/Blízko,2022,2,100.0,ufd,ufd2023-1986,Blízko,Artcam 2023-01-05,2023.0,no
2023-12-1-8,5750/2023,Bionaut s.r.o.,Na pól,2023,2,100.0,lumiere,459635,Mlsne medvedi pribehy: Na pol!,"Katerina Karhánková, Alexandra Májová · CZ · Bioscop 30/11/2023",2023.0,yes
2023-12-1-8,5741/2023,Krutart s.r.o.,Barvy,2023,2,100.0,ufd,ufd2025-3055,Barvy času,Bohemia MP 2025-11-27,2025.0,no
2023-12-1-8,5757/2023,BoBa Film s.r.o.,Bob a Bobek,2023,2,100.0,lumiere,496854,Bob a Bobek ve filmu: Na stope Mrkvojeda,"Ondrej Pecha, Mirek Zachariás · CZ · Forum Film 05/12/2024",2024.0,yes
2023-2-1-4,5616/2023,"Xova Film, s.r.o.",Nevinný žert,2023,2,100.0,ufd,ufd2023-2197,Nevinný,Film Europe 2023-08-10,2023.0,no
2023-2-1-4,5598/2023,"Film & Sociologie, s.r.o.",Dajori - konečná stanice,2023,2,100.0,lumiere,496876,Dajori,"Nicolas Kourek, Martin Pav · CZ · Artcam 14/11/2024",2024.0,yes
2023-2-1-4,5617/2023,GPO platform s.r.o.,V tomto domě bydlí láska,2023,2,100.0,ufd,ufd2025-2897,Láska,Pilot Film 2025-07-24,2025.0,no
2023-2-1-4,5619/2023,Analog Vision s.r.o.,Zrcadlo moře,2023,2,100.0,ufd,ufd2023-2073,Více,Film Europe 2023-03-30,2023.0,no
2023-2-2-7,5669/2023,Shore Points s.r.o.,Daleko/Blízko,2023,2,100.0,ufd,ufd2023-1986,Blízko,Artcam 2023-01-05,2023.0,no
2023-2-2-7,5707/2023,"Bedna Films, s.r.o.",Ondřej Nepela,2023,2,100.0,lumiere,551838,Nepela,"Gregor Valentovic · SK, CZ · CinemArt 30/10/2025",2025.0,yes
2023-2-6-17,5922/2023,CINEART TV PRAGUE s.r.o.,Blízko nebe,2023,2,100.0,ufd,ufd2023-1986,Blízko,Artcam 2023-01-05,2023.0,no
2023-2-6-17,5944/2023,Bionaut s.r.o.,Vítězství,2023,2,100.0,ufd,ufd2025-2995,Stín vítězství,Pilot Film 2025-10-16,2025.0,no
2023-2-7-20,6005/2023,"Bedna Films, s.r.o.",Ondrej Nepela,2023,2,100.0,lumiere,551838,Nepela,"Gregor Valentovic · SK, CZ · CinemArt 30/10/2025",2025.0,yes
2024-2-10-29,7100/2024,Mimesis Film s.r.o.,"Otec jelen, matka liška",2024,2,100.0,lumiere,551851,Otec,"Tereza Nvotová · SK, CZ, PL · CinemArt 18/09/2025",2025.0,no
2024-2-11-30,7041/2024,"MasterFilm, s.r.o.",Sestry,2024,2,100.0,ufd,ufd2024-2414,Čtyři sestry,Vertigo Int. 2024-03-07,2024.0,no
2024-2-11-30,7086/2024,Heaven’s Gate s.r.o.,Zdena Vrbová aneb Jsem Amerikánka,2024,2,100.0,lumiere,489622,Amerikánka,"Viktor Taus · CZ, SK, CH · Bioscop 26/09/2024",2024.0,yes
2024-2-5-15,6582/2024,"MasterFilm, s.r.o.",Sestry,2024,2,100.0,ufd,ufd2024-2414,Čtyři sestry,Vertigo Int. 2024-03-07,2024.0,no
2024-2-5-15,6557/2024,Helium Film s.r.o.,Buď láska,2024,2,100.0,ufd,ufd2025-2897,Láska,Pilot Film 2025-07-24,2025.0,no
2024-2-8-24,6908/2024,NOCHI FILM s.r.o.,Opera Free Divers,2024,2,100.0,ufd,ufd2025-2779,Opera!,Bohemia MP 2025-02-27,2025.0,no
