track,label,own,focal,days,first_listed,still_charting,kept
0VjIjW4GlUZAMYd2vXMi3b,The Weeknd - Blinding Lights,False,False,2494,2019-12-05,True,True
4Dvkj6JhhA12EX05fT7y2e,Harry Styles - As It Was,True,True,1594,2022-04-07,True,True
7qiZfU4dY1lWllzX7mPBI3,Ed Sheeran - Shape of You,False,False,3008,2017-01-12,True,True
7MXVkk9YMctZqd1Srtv4MB,The Weeknd - Starboy,False,False,2288,2016-09-22,True,False
2plbrEY59IikOBgBGLjaoe,Lady Gaga - Die With A Smile,False,False,776,2024-08-22,True,True
6dOtVTDdiauQNBQEDOtlAB,Billie Eilish - BIRDS OF A FEATHER,False,False,867,2024-10-31,True,True
0RiRZpuVRbi7oqRdSMwhQY,Post Malone - Sunflower - Spider-Man: Into the Spider-Verse,False,False,2482,2018-10-25,True,True
1zi7xx7UVEFkmKfv06H8x0,Drake - One Dance,False,False,2328,2016-04-14,True,False
5PjdY0CKGZdEuoNab3yDmX,The Kid LAROI - Stay,False,False,1332,2021-07-15,False,True
02MWAaffLxlfxAUY7c5dvx,Glass Animals - Heat Waves,False,False,1483,2020-07-09,False,True
2HRqTpkrJO5ggZyyK6NPWz,Sabrina Carpenter - Espresso,False,False,902,2024-04-18,True,True
3xkHsmpQCBMytMJNiDf3Ii,Benson Boone - Beautiful Things,False,False,986,2024-01-25,True,True
3qhlB30KknSejmIvZZLjOD,Djo - End of Beginning,False,False,957,2024-08-29,True,True
2HRgqmZQC0MC7GeNuDIXHN,Jung Kook - Seven,False,False,1098,2023-07-20,False,True
4wJ5Qq0jBN4ajy7ouZIV1c,ROSÉ - APT.,False,False,712,2024-10-24,True,True
1rgnBhdG2JDFTbYkYRZAku,Tones And I - Dance Monkey,False,False,1048,2019-05-16,False,True
7tI8dRuH2Yc6RuoTjxo4dU,Jimin - Who,False,False,750,2024-10-31,False,True
7BKLCZ1jbUBVqRi2FVlTVw,The Chainsmokers - Closer,False,False,1952,2026-03-05,True,True
7DSAEUvxU8FajXtRloy8M0,Miley Cyrus - Flowers,False,False,807,2023-01-19,False,True
1Qrg8KqiBpW07V7PNxwwwL,SZA - Kill Bill,False,False,848,2023-08-31,False,True
7qjZnBKE73H4Oxkopwulqe,sombr - back to friends,False,False,562,2025-03-06,True,True
2RkZ5LkEzeHGRsmDqKwmaJ,Alex Warren - Ordinary,False,False,601,2025-02-13,True,True
3sK8wGT43QFpWrvNQsrQya,Bad Bunny - DtMF,False,False,634,2025-02-27,True,True
3dYD57lRAUcMHufyqn9GcI,Hozier - Take Me To Church,False,False,2207,2013-10-13,True,False
0bYg9bo50gSsH3LtXe2SQn,Mariah Carey - All I Want for Christmas Is You,False,False,622,2013-12-08,False,False
51ZQ1vr10ffzbwIjDCwqm4,Ariana Grande - we can't be friends (wait for your love),False,False,903,2024-08-29,True,True
0e7ipj03S05BNilyu5bRzt,Post Malone - rockstar,False,False,1208,2017-09-21,False,True
6v3KW9xbzN5yKLt9YKDYA2,Shawn Mendes - Señorita,False,False,1021,2019-06-27,False,True
3rUGC1vUpkDG9CZFHMur1t,Tate McRae - greedy,False,False,789,2024-08-29,False,True
1CPZ5BxNNd0n0nF4Orb9JS,HUNTR/X - Golden,False,False,466,2025-07-31,True,True
21jGcNKet2qwijlDFuPiPb,Post Malone - Circles,False,False,1209,2019-09-05,False,True
2Fxmhks0bxGSBdJ92vM42m,Billie Eilish - bad guy,False,False,949,2019-04-04,False,True
4uUG5RXrOk84mYEfFvj3cK,David Guetta - I'm Good (Blue),False,False,810,2023-08-31,False,True
2FRnf9qhLbvw8fu4IBXx78,Wham! - Last Christmas,False,False,563,2013-12-01,False,False
6AI3ezQ4o3HUoP6Dhudph3,Kendrick Lamar - Not Like Us,False,False,553,2024-10-31,False,True
53iuhJlwXhSER5J2IYYv1W,Taylor Swift - The Fate of Ophelia,False,False,363,2025-10-09,True,True
2tHwzyyOLoWSFqYNjeVMzj,Sabrina Carpenter - Please Please Please,False,False,527,2024-06-13,False,True
4ZtFanR9U6ndgddUvNcjcG,Olivia Rodrigo - good 4 u,False,False,549,2021-05-20,False,True
46IZ0fSY2mpAiktS3KOqds,Adele - Easy On Me,False,False,801,2021-10-21,False,True
5wANPM4fQCJwkGd4rN57mH,Olivia Rodrigo - drivers license,False,False,693,2021-01-14,False,True
6ocbgoVGwYJhOv1GgI9NsF,Ariana Grande - 7 rings,False,False,1000,2019-01-24,False,True
3ee8Jmje8o58CHK66QrVC2,XXXTENTACION - SAD!,False,False,1139,2018-03-08,False,True
0V3wPSX9ygBnCm8psDIegu,Taylor Swift - Anti-Hero,False,False,548,2022-10-27,False,True
2tTmW7RDtMQtBk7m2rYeSw,"Bizarrap - Quevedo: Bzrp Music Sessions, Vol. 52",False,False,480,2022-08-04,False,True
67BtfxlNbhBmCDR2L2l8qd,Lil Nas X - MONTERO (Call Me By Your Name),False,False,513,2021-04-01,False,True
2XW4DbS6NddZxRPm5rMCeY,Drake - God's Plan,False,False,717,2018-01-25,False,True
4saklk6nie3yiGePpBwUoc,BTS - Dynamite,False,False,780,2020-08-27,False,True
3tjFYV6RSFtuktYl3ZtYcq,24kGoldn - Mood,False,False,626,2020-08-13,False,True
69bp2EbF7Q2rqc5N3ylezZ,Justin Bieber - Sorry,False,False,915,2015-10-29,False,False
4MzXwWMhyBbmu6hOcLVD49,Bad Bunny - DÁKITI,False,False,713,2021-01-28,False,True
3nqQXoyQOWXiESFLlDF1hG,Sam Smith - Unholy,False,False,397,2022-09-29,False,True
1rfofaqEpACxVEHIZBJe6W,Camila Cabello - Havana,False,False,793,2017-08-10,False,True
34gCuhDGsG4bRPIf9bb02f,Ed Sheeran - Thinking out Loud,False,False,1682,2014-06-29,False,False
0nbXyq5TXYPCO7pr3N8S4I,Roddy Ricch - The Box,False,False,567,2020-12-31,False,True
3hB5DgAiMAQ4DzYbsMq1IT,Justin Bieber - Love Yourself,False,False,954,2015-11-12,False,False
2dHHgzDwk4BJdRwy9uXhTO,Metro Boomin - Creepin',False,False,478,2022-12-08,False,True
5IZXB5IKAD2qlvTPJYDCFB,Post Malone - I Had Some Help (Feat. Morgan Wallen),False,False,484,2024-05-16,False,True
7ef4DlsgrMEH11cDZd32M6,Calvin Harris - One Kiss,False,False,790,2018-04-12,False,True
0hVXuCcriWRGvwMV1r5Yn9,Ed Sheeran - I Don't Care,False,False,627,2019-05-16,False,True
7dt6x5M1jzdTEt8oCbisTK,Post Malone - Better Now,False,False,796,2018-05-03,False,True
7ytR5pFWmSjzHJIeQkgog4,DaBaby - ROCKSTAR,False,False,505,2020-04-23,False,True
4iJyoBOLtHqaGxP12qzhQI,Justin Bieber - Peaches,False,False,533,2021-03-25,False,True
7J1uxwnxfQLu4APicE5Rnj,Michael Jackson - Billie Jean,False,False,556,2015-01-04,True,False
2GxrNKugF82CnoRFbQfzPf,Artemas - i like the way you kiss me,False,False,342,2024-03-21,False,True
7KXjTSCq5nL1LoYtL7XAwS,Kendrick Lamar - HUMBLE.,False,False,791,2017-04-06,False,True
2BwO5K8Q7EPAJSGze3AAh9,Sabrina Carpenter - Manchild,False,False,482,2025-06-12,True,True
3eekarcy7kvN4yt5ZFzltW,Travis Scott - HIGHEST IN THE ROOM,False,False,764,2019-10-10,False,True
5AJ9hqTS2wcFQCELCFRO7A,Tommy Richman - MILLION DOLLAR BABY,False,False,325,2024-05-02,False,True
56y1jOTK0XSvJzVv9vHQBK,Doja Cat - Paint The Town Red,False,False,358,2023-08-10,False,True
3Wrjm47oTz2sjIgck11l5e,Måneskin - Beggin',False,False,466,2017-12-21,False,True
3e9HZxeyfWwjeyPAMmWSSQ,"Ariana Grande - thank u, next",False,False,606,2018-11-08,False,True
3qQbCzHBycnDpGskqOWY0E,Eslabon Armado - Ella Baila Sola,False,False,320,2023-03-23,False,True
5CtI0qwDJkDQGwXD1H1cLb,Luis Fonsi - Despacito - Remix,False,False,447,2017-04-20,False,True
5qqabIl2vWzo9ApSC317sa,Oasis - Wonderwall - Remastered,False,False,1076,2014-11-09,True,False
7yNf9YjeO5JXUE3JEBgnYc,Dominic Fike - Babydoll,False,False,312,2023-09-07,True,True
1kuGVB7EU95pJObxwvfwKS,Olivia Rodrigo - vampire,False,False,373,2023-07-06,False,True
5BZsQlgw21vDOAjoqkNgKb,Justin Bieber - DAISIES,False,False,441,2025-07-31,True,True
4WjH9Bzt3kx7z8kl0awxh4,Major Lazer - Lean On,False,False,860,2015-03-08,False,False
3Ua0m0YmEjrMi9XErKcNiR,Jimin - Like Crazy,False,False,480,2023-04-06,False,True
6MWtB6iiXyIwun0YzU6DFP,Post Malone - Wow.,False,False,577,2018-12-27,False,True
27xkOIER6uDLKALIelHylZ,Jin - Don’t Say You Love Me,False,False,314,2025-05-22,False,True
35mvY5S1H3J2QZyna3TFe0,Ariana Grande - positions,False,False,550,2020-10-29,False,True
68lbSrXDORS51pmyjZv712,BTS - SWIM,False,False,195,2026-03-26,True,True
75FEaRjZTKLhTrFGsfMUXR,Kate Bush - Running Up That Hill (A Deal With God),False,False,325,2022-06-02,False,True
6xGruZOHLs39ZbVccQTuPZ,Joji - Glimpse of Us,False,False,372,2022-06-16,False,True
2yzshFeBIwH8tWIqHEFLeD,Grupo Frontera - un x100to,False,False,322,2023-04-20,False,True
3swc6WTsr7rl9DqQKQA55C,Post Malone - Psycho,False,False,557,2018-03-01,False,True
4w8niZpiMy6qz1mntFA5uM,DJ Snake - Taki Taki,False,False,441,2018-10-04,False,True
4Oun2ylbjFKMPTiaSbbCih,Cardi B - WAP,False,False,386,2020-08-13,False,True
4R2kfaDFhslZEMJqAFNpdd,Taylor Swift - cardigan,False,False,556,2020-07-30,False,True
6QFCMUUq1T2Vf5sFUXcuQ7,Justin Bieber - Beauty And A Beat,False,False,216,2013-04-28,True,False
0DWdj2oZMBFSzRsi2Cvfzf,KAROL G - TQG,False,False,307,2023-03-02,False,True
7ABLbnD53cQK00mhcaOUVG,Myke Towers - LALA,False,False,282,2023-03-30,False,True
2G7V7zsVDxg1yRsu7Ew9RJ,Drake - In My Feelings,False,False,364,2018-07-05,False,True
3ZCTVFBt2Brf31RLEnCkWJ,Billie Eilish - everything i wanted,False,False,530,2019-11-14,False,True
3pzjHKrQSvXGHQ98dx18HI,Justin Bieber - What Do You Mean?,False,False,559,2015-09-03,False,False
6DNtNfH8hXkqOX1sjqmI7p,Major Lazer - Cold Water,False,False,415,2016-07-28,False,False
6Xom58OOXk2SoU711L2IXO,Bad Bunny - Moscow Mule,False,False,321,2022-05-12,False,True
4fouWK6XVHhzl78KzQ1UjL,GAYLE - abcdefu,False,False,305,2021-10-21,False,True
2KslE17cAJNHTsI2MI0jb2,Jung Kook - Standing Next to You,False,False,373,2023-12-28,False,True
1xQ6trAsedVPCdbtDAmk0c,Jawsh 685 - Savage Love (Laxed - Sired Beat),False,False,381,2020-06-18,False,True
2OzhQlSqBEmt7hmkYxfT6m,Taylor Swift - Fortnight,False,False,235,2024-04-25,False,True
09mEdoA6zrmBPgTEN5qXmN,The Weeknd - Call Out My Name,False,False,574,2018-04-05,False,True
5w9c2J52mkdntKOmRLeM2m,Daddy Yankee - Con Calma,False,False,378,2019-01-31,False,True
4nrPB8O7Y7wsOCJdgXkthe,"Bizarrap - Shakira: Bzrp Music Sessions, Vol. 53",False,False,213,2023-01-12,False,True
2rb5MvYT7ZIxbKW5hfcHx8,J Balvin - Mi Gente,False,False,398,2017-07-06,False,True
1DwscornXpj8fmOmYVlqZt,PinkPantheress - Stateside + Zara Larsson,False,False,267,2025-10-16,True,True
116H0KvKr2Zl4RPuVBruDO,Bad Bunny - MIA,False,False,362,2018-10-11,False,True
466cKvZn1j45IpxDdYZqdA,Drake - Toosie Slide,False,False,325,2020-04-09,False,True
0R6NfOiLzLj4O5VbYSJAjf,Xavi - La Diabla,False,False,208,2023-12-14,False,True
0ENSn4fwAbCGeFGVUbXEU3,Adele - Hello,False,False,515,2015-10-29,False,False
14WWzenpaEgQZlqPq2nk4v,Rihanna - Work,False,False,419,2016-02-11,False,False
6RsWqX8zABZLhZydXxEFOm,The Weeknd - Can't Feel My Face,False,False,577,2015-06-11,False,False
5y2ijHECwFYWqcAHKTZgzD,Bruno Mars - Risk It All,False,False,216,2026-03-05,True,True
32OlwWuMpZ6b0aN2RZOeMS,Mark Ronson - Uptown Funk,False,False,750,2014-11-16,False,False
629DixmZGHc7ILtEntuiWE,Billie Eilish - LUNCH,False,False,198,2024-05-23,False,True
7ju97lgwC2rKQ6wwsf9no9,Lady Gaga - Rain On Me,False,False,380,2020-05-28,False,True
0eAuGrXyGFYwur9ARUe7LJ,Malcolm Todd - Earrings,False,False,185,2026-01-08,True,True
6nmz4imkDcmtwMjocAzFSx,Drake - Hotline Bling,False,False,556,2015-08-06,False,False
2HafqoJbgXdtjwCOvNEF14,Íñigo Quintero - Si No Estás,False,False,210,2023-09-21,False,True
1cTZMwcBJT0Ka3UJPXOeeN,Drake - Nice For What,False,False,298,2018-04-12,False,True
7ro0hRteUMfnOioTFI5TG1,Bad Bunny - WHERE SHE GOES,False,False,183,2023-05-25,False,True
1bDbXMyjaUIooNwFE9wn0N,Drake - Rich Flex,False,False,227,2022-11-10,False,True
3fRCAPMMZ8l8P9YKI6OCzD,Olivia Rodrigo - drop dead,False,False,167,2026-04-23,True,True
0wHFktze2PHC5jDt3B17DC,Jack Harlow - First Class,False,False,199,2022-04-14,False,True
01qFKNWq73UfEslI0GvumE,Jung Kook - 3D,False,False,244,2023-10-05,False,True
4HBZA5flZLE435QTztThqH,Ariana Grande - Stuck with U,False,False,333,2020-05-14,False,True
20jbSiX29FDX4oQxBXyUEi,Ariana Grande - hate that i made you love me,False,False,125,2026-06-04,True,True
0PDUDa38GO8lMxLCRc4lL1,ZAYN - PILLOWTALK,False,False,413,2016-02-04,False,False
1HfMVBKM75vxSfsQ5VefZ5,Selena Gomez - Lose You To Love Me,False,False,266,2019-10-24,False,True
7wqSzGeodspE3V6RBD5W8L,Wiz Khalifa - See You Again,False,False,567,2015-03-22,False,False
0kosUz0jePvjiz4ctmR6wL,Shakira - Dai Dai,False,False,133,2026-05-21,True,True
5H1sKFMzDeMtXwND3V6hRY,BLACKPINK - JUMP,False,False,195,2025-07-31,False,True
3w0w2T288dec0mgeZZqoNN,¥$ - CARNIVAL,False,False,137,2024-02-15,False,True
7wLShogStyDeZvL0a6daN5,Beyoncé - TEXAS HOLD 'EM,False,False,146,2024-02-15,False,True
0TlLq3lA83rQOYtrqBqSct,Drake - Nonstop,False,False,306,2018-07-05,False,True
55pBIZO1cqoldeqpp5WR7H,Olivia Rodrigo - the cure,False,False,132,2026-05-28,True,True
4MjDJD8cW7iVeWInc2Bdyj,Bad Bunny - MONACO,False,False,171,2023-10-26,False,True
4SgRoETpc8GEkVgBh5OrZs,Rae Sremmurd - Black Beatles,False,False,306,2016-08-18,False,False
7gaA3wERFkFkgivjwbSvkG,"Ariana Grande - yes, and?",False,False,138,2024-01-18,False,True
5zwwW9Oq7ubSxoCGyW1nbY,BLACKPINK - Pink Venom,False,False,187,2022-08-25,False,True
7gRFDGEzF9UkBV233yv2dc,BLACKPINK - Shut Down,False,False,227,2022-09-22,False,True
39Yp9wwQiSRIDOvrVg7mbk,THE SCOTTS - THE SCOTTS,False,False,192,2020-04-30,False,True
49j6SvuvWfbEKZKzsHCdLJ,Olivia Rodrigo - stupid song,False,False,111,2026-06-18,True,True
1Iq8oo9XkmmvCQiGOfORiz,Taylor Swift - Is It Over Now? (Taylor's Version) (From The Vault),False,False,153,2023-11-02,False,True
3FkeNbs9Zeiqkr3WkbOiGp,Anitta - Envolver,False,False,197,2021-11-18,False,True
42VUCXerQ5qTr4Qp6PhKo4,Sabrina Carpenter - Tears,False,False,144,2025-09-25,False,True
4S8d14HvHb70ImctNgVzQQ,Kanye West - I Love It (& Lil Pump),False,False,180,2018-09-13,False,True
6uFsE1JgZ20EXyU0JQZbUR,Taylor Swift - Look What You Made Me Do,False,False,167,2017-08-31,False,True
5AqiaZwhmC6dIbgWrD5SzV,"Bizarrap - Peso Pluma: Bzrp Music Sessions, Vol. 55",False,False,122,2023-06-01,False,True
07nH4ifBxUB4lZcsf44Brn,Calvin Harris - Blame,False,False,473,2014-09-14,False,False
70OTIpw8x8UXUsuCHW9i1i,One Direction - Drag Me Down,False,False,296,2015-08-06,False,False
5enxwA8aAbwZbf5qCHORXi,Taylor Swift - All Too Well (10 Minute Version) (Taylor's Version) (From The Vault),False,False,156,2021-11-18,False,True
1q676iYDR3GeJtOHdyggIU,Meghan Trainor - All About That Bass,False,False,364,2014-07-27,False,False
0cqRj7pUJDkTCEsJkx8snD,Taylor Swift - Shake It Off,False,False,212,2014-09-21,False,False
60SdxE8apGAxMiRrpbmLY0,Eminem - Lucky You,False,False,155,2018-09-06,False,True
6RtPijgfPKROxEzTHNRiDp,MAGIC! - Rude,False,False,413,2013-12-08,False,False
5XzmZjXhMjDHr7ZfJ6DELQ,Rihanna - FourFiveSeconds,False,False,391,2015-03-01,False,False
3h5T5JypYU7huFiVYhv1dr,KAROL G - BbY WOW,False,False,50,2026-08-13,True,True
7gtG45ieyQzKtNKobfLd49,Harry Styles - American Girls,True,False,105,2026-03-12,False,True
0b9oOr2ZgvyQu88wzixux9,Childish Gambino - This Is America,False,False,125,2018-05-10,False,True
6G8kHiVZ1jW7vHMPVRNZU0,Drake - Don’t Matter To Me,False,False,110,2018-07-05,False,True
3Uo7WG0vmLQ07WB4BDwy7D,Taylor Swift - willow,False,False,133,2020-12-17,False,True
47EiUVwUp4C9fGccaPuUCS,Bad Bunny - Dakiti,False,False,28,2020-10-30,False,True
7bxaFZ1O3cHkgLKMsdC3xR,Tame Impala - Loser,False,False,62,2025-09-11,True,True
0mel2N9Ws9r4yLQn5QE21Y,Sam Smith - Too Good At Goodbyes - Edit,False,False,54,2017-09-14,False,True
7pqgMEKsDMOHUdFQ7n0N9K,David Guetta - Dangerous,False,False,259,2014-10-12,False,False
2SsY5k7UWFqgye3PUMG3Oq,Chappell Roan - The Subway,False,False,71,2025-08-07,False,True
45Z3m6yazmAi4jZuW0tzW0,Harry Styles - Aperture,True,False,66,2026-01-29,False,True
5uPaqMMt59KGrdKIitDRqa,"Taylor Swift - I Knew It, I Knew You",False,False,83,2026-06-11,False,True
73SpzrcaHk0RQPFP73vqVR,Billie Eilish - No Time To Die,False,False,88,2020-02-20,False,True
37Nqx7iavZpotJSDXZWbJ3,Drake - Girls Want Girls,False,False,75,2021-09-09,False,True
1nH2PkJL1XoUq8oE6tBZoU,The Weeknd - Sacrifice,False,False,81,2022-01-13,False,True
3aQem4jVGdhtg116TmJnHz,Drake - What’s Next,False,False,86,2021-03-11,False,True
7oDd86yk8itslrA9HRP2ki,The Weeknd - Die For You - Remix,False,False,18,2023-02-24,False,True
2ygvZOXrIeVL4xZmAWJT2C,Billie Eilish - my future,False,False,92,2020-08-06,False,True
70pVCVMGjmIWPbWXDwf11e,Ariana Grande - petal,False,False,49,2026-08-06,False,True
3qnoOm4fwZPBS116f5hpgF,Kanye West - All Mine,False,False,76,2018-06-07,False,True
2FeBslNBMdR9V58uv6hd2t,Kendrick Lamar - N95,False,False,58,2022-05-19,False,True
3CWq0pAKKTWb0K4yiglDc4,Taylor Swift - You’re Losing Me (From The Vault),False,False,55,2023-11-30,False,True
6iycYUk3oB0NPMdaDUrN1w,Playboi Carti - EVIL J0RDAN,False,False,36,2025-03-20,False,True
5IAESfJjmOYu7cHyX557kz,BTS - Take Two,False,False,46,2023-06-15,False,True
2jt2WxXMCD4zjACthkJQVE,Eminem - The Ringer,False,False,60,2018-09-06,False,True
4Sib57MmYGJzSvkW84jTwh,Taylor Swift - ME!,False,False,24,2019-04-26,False,True
1hjRhYpWyqDpPahmSlUTlc,Taylor Swift - Style (Taylor's Version),False,False,30,2023-11-02,False,True
0dbTQYW3Ad1FTzIA9t90E8,Lil Wayne - Mona Lisa,False,False,42,2018-10-04,False,True
3eP13S8D5m2cweMEg3ZDed,Drake - Virginia Beach,False,False,25,2023-10-12,False,True
2cnKST6T9qUo2i907lm8zX,J. Cole - a m a r i,False,False,28,2021-05-20,False,True
11hcBLPtbMp4aQI6zGQLub,Taylor Swift - Patient Zero,False,False,6,2026-09-25,True,True
0hL9gOw6XBWsygEUcVjxEc,Travis Scott - HYAENA,False,False,16,2023-08-03,False,True
55wlsNYqcfiQsHuX8l0jmF,Drake - Make Them Cry,False,False,12,2026-05-21,False,True
7G0gBu6nLdhFDPRLc0HdDG,Taylor Swift - Mine (Taylor's Version),False,False,15,2023-07-13,False,True
5fdhThPDe6jQQDqCyWrdAn,Dolly Parton - Jolene,False,False,15,2024-03-21,False,True
4m4BHvDfzIgj5LbQLuFiIp,Kanye West - CARNIVAL,False,False,5,2024-02-10,False,True
