artist,tour,country,year,price,gdppc,per_night,log_price,log_gdppc,log_size
harry-styles,Love On Tour,USA,2021,125.7201222694401,71441.23,13413.0,4.8340581844825055,11.176630432647407,9.50397966490209
harry-styles,Love On Tour,USA,2021,107.39655271804924,71441.23,17347.0,4.676528083962318,11.176630432647407,9.76117485976141
harry-styles,Love On Tour,USA,2021,123.20539946814661,71441.23,17298.0,4.81385287699089,11.176630432647407,9.758346166866458
harry-styles,Love On Tour,USA,2021,124.06452889944576,71441.23,17682.0,4.820801824597224,11.176630432647407,9.780302451965749
harry-styles,Love On Tour,USA,2021,159.8949973793023,71441.23,17171.0,5.0745173334174245,11.176630432647407,9.750977193313803
harry-styles,Love On Tour,USA,2021,122.13461437220322,71441.23,18995.0,4.805123832932233,11.176630432647407,9.851931065621725
harry-styles,Love On Tour,USA,2021,145.63921070729515,71441.23,18903.0,4.981132403815035,11.176630432647407,9.847075918610166
harry-styles,Love On Tour,USA,2021,125.3237749945067,71441.23,18204.0,4.830900588471886,11.176630432647407,9.809396629136533
harry-styles,Love On Tour,USA,2021,123.73236170917522,71441.23,18114.0,4.818120859647172,11.176630432647407,9.804440398934894
harry-styles,Love On Tour,USA,2021,120.61324802599843,71441.23,19693.5,4.792589129221755,11.176630432647407,9.888043911042274
harry-styles,Love On Tour,USA,2021,136.8464461948693,71441.23,16313.5,4.91885946653327,11.176630432647407,9.69974826486811
harry-styles,Love On Tour,USA,2021,143.62950418499076,71441.23,28196.0,4.967237096408189,11.176630432647407,10.246935402893767
harry-styles,Love On Tour,USA,2021,112.73162504438395,71441.23,16898.0,4.725009994320089,11.176630432647407,9.73495055071279
harry-styles,Love On Tour,USA,2021,129.32135783450704,71441.23,18176.0,4.862300452604979,11.176630432647407,9.807857321520878
harry-styles,Love On Tour,USA,2021,111.59715118517296,71441.23,18183.0,4.714895522606811,11.176630432647407,9.808242370619395
harry-styles,Love On Tour,USA,2021,120.24828104856037,71441.23,18616.0,4.789558614069232,11.176630432647407,9.831776704982127
harry-styles,Love On Tour,USA,2021,116.3782459578638,71441.23,18369.0,4.756845627434792,11.176630432647407,9.818419740146064
harry-styles,Love On Tour,USA,2021,123.56291465197346,71441.23,17786.0,4.8167504567327795,11.176630432647407,9.786166909959585
harry-styles,Love On Tour,USA,2021,119.27793380692769,71441.23,9079.5,4.7814563480975965,11.176630432647407,9.113774403999852
harry-styles,Love On Tour,USA,2021,137.74371379083797,71441.23,16743.0,4.925394812079473,11.176630432647407,9.725735539456544
harry-styles,Love On Tour,USA,2021,133.14380658832596,71441.23,15573.0,4.8914297966330516,11.176630432647407,9.653293924495339
harry-styles,Love On Tour,USA,2021,153.11004528281666,71441.23,18660.5,5.031156913070449,11.176630432647407,9.834164269326378
harry-styles,Love On Tour,USA,2021,137.00574610508855,71441.23,16881.0,4.920022867321477,11.176630432647407,9.733944008101389
harry-styles,Love On Tour,USA,2021,127.913549769435,71441.23,21469.0,4.851354643313117,11.176630432647407,9.974365313169566
harry-styles,Love On Tour,USA,2021,118.82040245947456,71441.23,17890.0,4.777613130057649,11.176630432647407,9.791997176502765
harry-styles,Love On Tour,USA,2021,136.90492684383398,71441.23,16745.0,4.919286720279654,11.176630432647407,9.725854985228304
harry-styles,Love On Tour,USA,2021,125.93463502216237,71441.23,17823.0,4.835763002678561,11.176630432647407,9.78824503702385
harry-styles,Love On Tour,USA,2021,120.88846016858601,71441.23,16846.0,4.794868303673816,11.176630432647407,9.73186851887531
harry-styles,Love On Tour,USA,2021,119.55259324009324,71441.23,13728.0,4.783756385346975,11.176630432647407,9.527192821727743
harry-styles,Love On Tour,USA,2021,130.12063698535644,71441.23,16913.0,4.868461996961724,11.176630432647407,9.735837835974042
harry-styles,Love On Tour,USA,2021,131.27833867359894,71441.23,16541.0,4.877319791869335,11.176630432647407,9.713597426242222
harry-styles,Love On Tour,USA,2021,151.33083697801212,71441.23,16691.0,5.019468413497174,11.176630432647407,9.722624930978418
harry-styles,Love On Tour,USA,2021,195.07873874947845,71441.23,16777.0,5.273403265521989,11.176630432647407,9.7277641797704
harry-styles,Love On Tour,GBR,2022,96.93345097050668,47034.78,43637.0,4.5740246705789644,10.758642607027195,10.683660693312701
harry-styles,Love On Tour,GBR,2022,92.22855334284509,47034.78,49763.0,4.524269771803621,10.758642607027195,10.815027014984796
harry-styles,Love On Tour,GBR,2022,98.31867534919094,47034.78,73634.5,4.588213992315016,10.758642607027195,11.206868944888006
harry-styles,Love On Tour,IRL,2022,99.28989330054341,105190.69,50422.0,4.598043786420527,11.5635300772707,10.828182866754094
harry-styles,Love On Tour,DEU,2022,82.8256067500948,50506.52,42192.0,4.416737273846961,10.829857715840504,10.649985908593068
harry-styles,Love On Tour,SWE,2022,84.56849126288517,54836.89,36282.0,4.437561753536675,10.91211842163781,10.499077029501269
harry-styles,Love On Tour,NOR,2022,87.84346619576186,113122.13,23784.0,4.475556437316947,11.636223310514653,10.076768364677934
harry-styles,Love On Tour,FRA,2022,70.60700095903549,40988.64,14598.0,4.257129303308514,10.621050234123851,9.588639812011577
harry-styles,Love On Tour,BEL,2022,66.17571937517128,50639.03,18245.0,4.192313618853795,10.832477901816276,9.811646348870548
harry-styles,Love On Tour,NLD,2022,80.74915902140673,59123.32,13080.0,4.391347547452951,10.987380711014216,9.47883962501119
harry-styles,Love On Tour,DEU,2022,76.10025332002763,50506.52,13027.0,4.3320515936403865,10.829857715840504,9.474779405697564
harry-styles,Love On Tour,HUN,2022,65.35965202982601,18428.03,12070.0,4.179905126636505,9.821628154011938,9.398478314091577
harry-styles,Love On Tour,CZE,2022,68.51850665983606,28282.22,15616.0,4.227103878995363,10.249988617636703,9.656051308652874
harry-styles,Love On Tour,AUT,2022,74.41255728689276,52336.77,10910.0,4.309624708334986,10.865454462296043,9.297435078827116
harry-styles,Love On Tour,POL,2022,109.12178387650086,18891.21,15158.0,4.692464541803361,9.846452013499702,9.626283724371975
harry-styles,Love On Tour,DEU,2022,79.88695246246013,50506.52,12853.0,4.380612541095427,10.829857715840504,9.461332526110132
harry-styles,Love On Tour,DEU,2022,75.37438546269215,50506.52,16069.0,4.322467501948669,10.829857715840504,9.684647229041753
harry-styles,Love On Tour,ITA,2022,71.85345302779747,35653.9,12699.0,4.274628670212242,10.481613816773482,9.449278529189034
harry-styles,Love On Tour,ITA,2022,63.610900571901055,35653.9,14513.0,4.15278484829999,10.481613816773482,9.582800078470363
harry-styles,Love On Tour,ESP,2022,68.9180843459614,30319.5,13990.0,4.232918615944955,10.319546348855162,9.546098067659527
harry-styles,Love On Tour,PRT,2022,58.9676426485676,24620.52,12671.0,4.076988863777857,10.111335520555203,9.447071196798909
harry-styles,Love On Tour,CAN,2022,187.51328980796023,56496.93,18303.5,5.233849721874457,10.941941579375078,9.814847577372857
harry-styles,Love On Tour,USA,2022,227.92927629202606,78008.69,18456.8,5.4290353891334036,11.264575509722478,9.823188145251398
harry-styles,Love On Tour,USA,2022,222.82270846890398,78008.69,14342.666666666666,5.406376425969303,11.264575509722478,9.570994056883785
harry-styles,Love On Tour,USA,2022,181.1262722419929,78008.69,18733.333333333332,5.199194424726559,11.264575509722478,9.838059747213673
harry-styles,Love On Tour,USA,2022,186.08858263873978,78008.69,17076.333333333332,5.226222811087721,11.264575509722478,9.745448768262014
harry-styles,Love On Tour,MEX,2022,87.12035591632844,11405.79,12812.0,4.467290563973665,9.341876400184551,9.458137510729049
harry-styles,Love On Tour,MEX,2022,73.59199363732768,11405.79,11316.0,4.298536237716102,9.341876400184551,9.333972932421458
harry-styles,Love On Tour,MEX,2022,64.44191951466817,11405.79,58681.5,4.165764345491887,9.341876400184551,10.979879794302395
harry-styles,Love On Tour,COL,2022,71.17107309486781,6680.45,19933.0,4.265086459107693,8.806940629531214,9.900131928722766
harry-styles,Love On Tour,PER,2022,73.46450998118601,7353.75,40927.0,4.296802432206787,8.902965666178666,10.619545270929176
harry-styles,Love On Tour,CHL,2022,70.39298176828073,15399.1,25505.0,4.254093567403072,9.642064345135504,10.146629790357027
harry-styles,Love On Tour,ARG,2022,72.34116764292976,13962.19,61971.0,4.281393367435016,9.544108240803318,11.034421812666363
harry-styles,Love On Tour,BRA,2022,81.11200724040026,9281.33,137009.0,4.3958310049145055,9.135760134476582,11.8278018960832
harry-styles,Love On Tour,BRA,2022,71.04067949488875,9281.33,33260.0,4.263252663600006,9.135760134476582,10.41211075274692
harry-styles,Love On Tour,BRA,2022,96.6533282195517,9281.33,23466.0,4.571130640856079,9.135760134476582,10.06330784398357
harry-styles,Love On Tour,USA,2023,187.4298430135172,82586.78,17114.0,5.233404604796607,11.321604898273803,9.747652120978
harry-styles,Love On Tour,USA,2023,266.3869334734228,82586.78,10469.5,5.584949888940129,11.321604898273803,9.256221547232371
harry-styles,Love On Tour,AUS,2023,142.9537748387306,65058.38,30849.0,4.962521325126425,11.083040299625107,10.3368596138973
harry-styles,Love On Tour,AUS,2023,131.23915509178474,65058.38,57308.0,4.877021270185746,11.083040299625107,10.956195509013263
harry-styles,Love On Tour,AUS,2023,135.969134649314,65058.38,48177.0,4.912427908870766,11.083040299625107,10.782637007729601
harry-styles,Love On Tour,AUS,2023,119.6529470398638,65058.38,68721.5,4.78459544455556,11.083040299625107,11.137817384126551
harry-styles,Love On Tour,NZL,2023,121.75437718859429,49302.34,41979.0,4.802005713584147,10.80572682340742,10.644924772223822
harry-styles,Love On Tour,THA,2023,104.05234249963625,7210.54,27492.0,4.64489406579753,8.88329912345224,10.221650332241495
harry-styles,Love On Tour,PHL,2023,114.10705371491093,3804.08,29247.0,4.737137075420948,8.24382945393836,10.283532283297381
harry-styles,Love On Tour,SGP,2023,183.06809854213768,86382.59,25654.0,5.209858206801842,11.366541429857731,10.152454783859795
harry-styles,Love On Tour,KOR,2023,127.2700796656654,35674.1,15314.0,4.846311439961688,10.482180214276287,9.63652272167307
harry-styles,Love On Tour,JPN,2023,134.62565262076055,35215.0,12162.5,4.902497983158474,10.469227407179512,9.40611272649426
harry-styles,Love On Tour,DEU,2023,103.38517666719062,54776.77,60438.5,4.638461592679349,10.911021477953447,11.00938159807738
harry-styles,Love On Tour,GBR,2023,117.4897814678033,49919.69,36013.0,4.76635136357097,10.81817079308813,10.491635263364433
harry-styles,Love On Tour,GBR,2023,111.27009888386966,49919.69,64419.0,4.711960568853223,10.81817079308813,11.073163899635242
harry-styles,Love On Tour,FRA,2023,105.95379289584588,44700.14,66440.0,4.663003082996108,10.707731912587807,11.104054563727232
harry-styles,Love On Tour,NLD,2023,106.5117589717436,63515.6,51634.333333333336,4.668255391934648,11.059040824000363,10.85194210488307
harry-styles,Love On Tour,IRL,2023,124.44139959188573,106818.92,83310.0,4.823834919088381,11.578890343376445,11.330323868968955
harry-styles,Love On Tour,GBR,2023,111.33671144981723,49919.69,83848.5,4.712559046211898,10.81817079308813,11.336766878003687
harry-styles,Love On Tour,GBR,2023,108.81977800377237,49919.69,57523.5,4.689693101024201,10.81817079308813,10.959948838944296
harry-styles,Love On Tour,DEU,2023,115.96788838969023,54776.77,42290.0,4.753313328556658,10.911021477953447,10.652305930466534
harry-styles,Love On Tour,DEU,2023,108.09683872669716,54776.77,45488.0,4.6830274802462,10.911021477953447,10.725203833890781
harry-styles,Harry Styles: Live on Tour,USA,2017,62.549560853199495,60047.72,3198.0,4.135959216156053,11.002894858427613,8.0702808933939
harry-styles,Harry Styles: Live on Tour,USA,2017,66.52016762702986,60047.72,5867.0,4.197505174270888,11.002894858427613,8.67709870892586
harry-styles,Harry Styles: Live on Tour,USA,2017,61.95655951346655,60047.72,2362.0,4.126433486464454,11.002894858427613,7.767263996757308
harry-styles,Harry Styles: Live on Tour,USA,2017,83.8063608218407,60047.72,3553.0,4.428508909402649,11.002894858427613,8.175547596021026
harry-styles,Harry Styles: Live on Tour,USA,2017,84.44850218781555,60047.72,5942.0,4.436141907013818,11.002894858427613,8.689801056022553
harry-styles,Harry Styles: Live on Tour,USA,2017,73.59898045879355,60047.72,3531.0,4.29863117317684,11.002894858427613,8.169336395928386
harry-styles,Harry Styles: Live on Tour,USA,2017,69.36754551161332,60047.72,3287.0,4.239419114208356,11.002894858427613,8.097730573664219
harry-styles,Harry Styles: Live on Tour,USA,2017,70.90311503556536,60047.72,4077.0,4.261314368194455,11.002894858427613,8.313116702819253
harry-styles,Harry Styles: Live on Tour,USA,2017,78.23379099923723,60047.72,2646.0,4.35970166418331,11.002894858427613,7.880804344674901
harry-styles,Harry Styles: Live on Tour,GBR,2017,61.243180722891566,40918.05,6794.5,4.114852508090156,10.619326564971132,8.823868740360552
harry-styles,Harry Styles: Live on Tour,GBR,2017,61.52106885919836,40918.05,2919.0,4.119379699220685,10.619326564971132,7.978996370854115
harry-styles,Harry Styles: Live on Tour,DEU,2017,72.2351945854484,45553.93,3549.0,4.2799273867611785,10.72665217778079,8.174421152646497
harry-styles,Harry Styles: Live on Tour,NLD,2017,57.04084365584198,49513.68,5974.0,4.043767566596976,10.81000427401175,8.695171998776056
harry-styles,Harry Styles: Live on Tour,SGP,2017,87.35458658988071,61436.13,4862.0,4.4699755433856545,11.025753377556459,8.48920515487607
harry-styles,Harry Styles: Live on Tour,AUS,2017,86.14390842191332,54117.55,2446.0,4.456019251500213,10.898913811489138,7.802209316247118
harry-styles,Harry Styles: Live on Tour,AUS,2017,83.59300557526609,54117.55,1973.0,4.425959851222883,10.898913811489138,7.587310506022615
harry-styles,Harry Styles: Live on Tour,NZL,2017,69.36818481848185,42912.15,8787.0,4.239428330390331,10.666910281601023,9.081028635495842
harry-styles,Harry Styles: Live on Tour,JPN,2017,80.77416666666667,39679.86,1800.0,4.391657194933936,10.588599033166778,7.495541943884256
harry-styles,Harry Styles: Live on Tour,CHE,2018,83.32832713754647,87002.34,6725.0,4.422788553040158,11.373690293826739,8.81358720447004
harry-styles,Harry Styles: Live on Tour,FRA,2018,69.22130091772661,41418.18,13811.0,4.237308631987927,10.631475193858636,9.533220655077928
harry-styles,Harry Styles: Live on Tour,NLD,2018,69.89866463181991,53955.08,13105.0,4.247046545077595,10.895907127513814,9.480749115757506
harry-styles,Harry Styles: Live on Tour,BEL,2018,70.47935176044751,47487.21,12156.0,4.255319784089139,10.768215690607004,9.405578154036684
harry-styles,Harry Styles: Live on Tour,SWE,2018,82.89473070645838,54018.46,8578.0,4.417571498075962,10.897081118980232,9.056956065076825
harry-styles,Harry Styles: Live on Tour,DNK,2018,91.78525519848772,61324.77,10580.0,4.519451665973015,11.023939118610077,9.26672070541229
harry-styles,Harry Styles: Live on Tour,NOR,2018,70.19028688084238,85579.08,9307.0,4.251209937937887,11.35719613973775,9.13852208418571
harry-styles,Harry Styles: Live on Tour,DEU,2018,67.74374468888679,48916.17,10814.0,4.215732126181873,10.797863295648712,9.28859686994195
harry-styles,Harry Styles: Live on Tour,DEU,2018,72.50604490500864,48916.17,11894.0,4.283669936384996,10.797863295648712,9.38378935026654
harry-styles,Harry Styles: Live on Tour,DEU,2018,71.12248158338511,48916.17,11267.0,4.2644034835016456,10.797863295648712,9.329633378164166
harry-styles,Harry Styles: Live on Tour,ESP,2018,70.55784484426388,30602.42,10338.0,4.256432867641706,10.328834369780742,9.243581705755984
harry-styles,Harry Styles: Live on Tour,ESP,2018,72.88776015857285,30602.42,12108.0,4.28892072585863,10.328834369780742,9.401621670141608
harry-styles,Harry Styles: Live on Tour,ITA,2018,71.44187391555812,35062.34,10374.0,4.268884166845141,10.464882898974782,9.247057954911346
harry-styles,Harry Styles: Live on Tour,ITA,2018,72.39123222748815,35062.34,12660.0,4.282085190227978,10.464882898974782,9.446202695698167
harry-styles,Harry Styles: Live on Tour,DEU,2018,71.1708264004437,48916.17,9015.0,4.265082992884115,10.797863295648712,9.106645135637418
harry-styles,Harry Styles: Live on Tour,GBR,2018,73.8520867590635,43704.32,12771.0,4.302064265302122,10.685202232033006,9.454932254496262
harry-styles,Harry Styles: Live on Tour,GBR,2018,74.35821338477518,43704.32,13478.0,4.308894136001599,10.685202232033006,9.508814005506162
harry-styles,Harry Styles: Live on Tour,GBR,2018,70.6282970377384,43704.32,16434.5,4.257430872097144,10.685202232033006,9.707138062757531
harry-styles,Harry Styles: Live on Tour,GBR,2018,76.14507870282571,43704.32,10546.0,4.332640450894632,10.685202232033006,9.263501920090414
harry-styles,Harry Styles: Live on Tour,IRL,2018,76.95290199809705,80804.11,12612.0,4.34319357234957,11.299783109552171,9.442404020664952
harry-styles,Harry Styles: Live on Tour,AUS,2018,96.83556611927398,57410.17,9256.0,4.573014345388392,10.957976744313891,9.133027268873512
harry-styles,Harry Styles: Live on Tour,AUS,2018,84.33049613618546,57410.17,8929.0,4.434743556839557,10.957976744313891,9.097059685517216
harry-styles,Harry Styles: Live on Tour,AUS,2018,92.77431115473603,57410.17,14532.0,4.530169782017302,10.957976744313891,9.584108393341092
harry-styles,Harry Styles: Live on Tour,AUS,2018,92.8139425783449,57410.17,10658.0,4.530596871807891,10.957976744313891,9.274066062856727
harry-styles,Harry Styles: Live on Tour,PHL,2018,73.77393879565646,3168.51,10130.0,4.301005536390155,8.061016724826132,9.22325659724273
harry-styles,Harry Styles: Live on Tour,SGP,2018,145.33806986382476,67032.82,3378.0,4.9790625449559895,11.112937629181662,8.125039097367745
harry-styles,Harry Styles: Live on Tour,HKG,2018,122.4012692213815,48537.57,4097.0,4.807304739480195,10.790093416222762,8.318010277546872
harry-styles,Harry Styles: Live on Tour,THA,2018,121.88178361562392,7099.78,2893.0,4.803051588204915,8.86781907663384,7.970049304976135
harry-styles,Harry Styles: Live on Tour,JPN,2018,129.6051745898191,40645.48,4754.0,4.864492710511676,10.612642915681613,8.46674164792014
harry-styles,Harry Styles: Live on Tour,JPN,2018,121.0223394701392,40645.48,8908.0,4.795975152276038,10.612642915681613,9.094705028377259
harry-styles,Harry Styles: Live on Tour,ARG,2018,86.93394938569779,11752.8,9523.0,4.465148627851201,9.371846789056217,9.161465204194046
harry-styles,Harry Styles: Live on Tour,CHL,2018,92.18245755860954,15659.48,12370.0,4.523769847368847,9.658831763374062,9.423029465386534
harry-styles,Harry Styles: Live on Tour,BRA,2018,65.52245998039857,9300.66,12244.0,4.182392984328378,9.137840644365191,9.412791300065303
harry-styles,Harry Styles: Live on Tour,BRA,2018,93.44680555555556,9300.66,7200.0,4.537392349856154,9.137840644365191,8.881836305004146
harry-styles,Harry Styles: Live on Tour,MEX,2018,57.82396959608756,10084.79,16971.5,4.057403388608759,9.21878362716705,9.73929074560072
harry-styles,Harry Styles: Live on Tour,USA,2018,79.33916529979953,62875.67,16461.0,4.373731894483824,11.048914563408884,9.708749225727084
harry-styles,Harry Styles: Live on Tour,USA,2018,81.70115184716954,62875.67,14238.0,4.403068100263141,11.048914563408884,9.563669725663818
harry-styles,Harry Styles: Live on Tour,USA,2018,78.1211176400048,62875.67,16678.0,4.358260412613829,11.048914563408884,9.72184576464693
harry-styles,Harry Styles: Live on Tour,USA,2018,89.25551761472474,62875.67,12007.0,4.491503240762569,11.048914563408884,9.393245092030718
harry-styles,Harry Styles: Live on Tour,USA,2018,68.22526020600766,62875.67,18543.0,4.222814880526413,11.048914563408884,9.827847638327382
harry-styles,Harry Styles: Live on Tour,USA,2018,71.85757693302301,62875.67,15468.0,4.274686061843598,11.048914563408884,9.646528652727188
harry-styles,Harry Styles: Live on Tour,USA,2018,80.80093165870629,62875.67,16959.0,4.391988495890108,11.048914563408884,9.738553945343401
harry-styles,Harry Styles: Live on Tour,CAN,2018,80.04209315698678,46539.22,17390.0,4.382552660760233,10.7480506769393,9.763650607348328
harry-styles,Harry Styles: Live on Tour,USA,2018,78.86981295676948,62875.67,16146.0,4.367798555868727,11.048914563408884,9.68942761995496
harry-styles,Harry Styles: Live on Tour,USA,2018,77.19065826754326,62875.67,18176.5,4.346278442811697,11.048914563408884,9.807884829945335
harry-styles,Harry Styles: Live on Tour,USA,2018,82.34742670190009,62875.67,15894.0,4.410947207828187,11.048914563408884,9.673696958500125
harry-styles,Harry Styles: Live on Tour,USA,2018,80.75084937712344,62875.67,15894.0,4.391368480649594,11.048914563408884,9.673696958500125
harry-styles,Harry Styles: Live on Tour,USA,2018,72.39875369394835,62875.67,15566.0,4.282189085071521,11.048914563408884,9.652844327519334
harry-styles,Harry Styles: Live on Tour,USA,2018,78.34184622115279,62875.67,18286.0,4.361081894734984,11.048914563408884,9.813891018724371
harry-styles,Harry Styles: Live on Tour,USA,2018,81.2961452051555,62875.67,16914.0,4.3980986009789325,11.048914563408884,9.735896960342167
harry-styles,Harry Styles: Live on Tour,USA,2018,80.47535934291581,62875.67,13636.0,4.387951042448787,11.048914563408884,9.520468633257794
harry-styles,Harry Styles: Live on Tour,CAN,2018,78.23581434837979,46539.22,14134.0,4.359727526703232,10.7480506769393,9.5563385212508
harry-styles,Harry Styles: Live on Tour,USA,2018,82.65615072035463,62875.67,13535.0,4.414689240377149,11.048914563408884,9.513034202048402
harry-styles,Harry Styles: Live on Tour,USA,2018,83.04160659114315,62875.67,14565.0,4.419341766426271,11.048914563408884,9.586376669393536
harry-styles,Harry Styles: Live on Tour,USA,2018,80.05317113176599,62875.67,14632.0,4.382691053046177,11.048914563408884,9.590966190070702
harry-styles,Harry Styles: Live on Tour,USA,2018,80.12436939877738,62875.67,16849.0,4.383580044991796,11.048914563408884,9.732046586838385
taylor-swift,Reputation Stadium Tour,USA,2018,121.95476444038745,62875.67,59157.0,4.803650192700629,11.048914563408884,10.987950205599796
taylor-swift,Reputation Stadium Tour,USA,2018,130.2367549976755,62875.67,53775.0,4.869353986385444,11.048914563408884,10.89256395413593
taylor-swift,Reputation Stadium Tour,USA,2018,137.63066969276107,62875.67,59042.0,4.92457379087193,11.048914563408884,10.98600433403935
taylor-swift,Reputation Stadium Tour,USA,2018,154.8030024455115,62875.67,56021.0,5.042153356610373,11.048914563408884,10.93348189942236
taylor-swift,Reputation Stadium Tour,USA,2018,138.71834091704585,62875.67,57140.0,4.932445553020154,11.048914563408884,10.953259675784764
taylor-swift,Reputation Stadium Tour,USA,2018,138.55122234050643,62875.67,52604.0,4.93124009364832,11.048914563408884,10.870547441461856
taylor-swift,Reputation Stadium Tour,GBR,2018,79.85870718889953,43704.32,38629.0,4.3802589130354646,10.685202232033006,10.561758568708644
taylor-swift,Reputation Stadium Tour,IRL,2018,64.40285190252116,80804.11,66517.0,4.165157916330431,11.299783109552171,11.105212833071583
taylor-swift,Reputation Stadium Tour,GBR,2018,85.16480857858005,43704.32,71713.5,4.444588303656402,10.685202232033006,11.180434293383234
taylor-swift,Reputation Stadium Tour,USA,2018,94.52259388545782,62875.67,52138.0,4.5488388946575435,11.048914563408884,10.861649328485589
taylor-swift,Reputation Stadium Tour,USA,2018,105.03726727824856,62875.67,62897.0,4.654315213645537,11.048914563408884,11.049253746797524
taylor-swift,Reputation Stadium Tour,USA,2018,119.11535245421858,62875.67,47836.0,4.780092371951582,11.048914563408884,10.775533773088698
taylor-swift,Reputation Stadium Tour,USA,2018,111.29884147590754,62875.67,53689.0,4.712218849205829,11.048914563408884,10.890963417800805
taylor-swift,Reputation Stadium Tour,USA,2018,100.32065545661789,62875.67,51323.0,4.608371610521738,11.048914563408884,10.845894273763054
taylor-swift,Reputation Stadium Tour,USA,2018,132.99640213939898,62875.67,55218.0,4.890322076272387,11.048914563408884,10.919044266066912
taylor-swift,Reputation Stadium Tour,USA,2018,124.62432766473644,62875.67,58254.666666666664,4.825303833400741,11.048914563408884,10.972579482668168
taylor-swift,Reputation Stadium Tour,CAN,2018,111.42458379025022,46539.22,50155.0,4.713347983490218,10.7480506769393,10.822873489317585
taylor-swift,Reputation Stadium Tour,USA,2018,110.38844893258924,62875.67,56445.0,4.704005499135182,11.048914563408884,10.941021991695647
taylor-swift,Reputation Stadium Tour,USA,2018,154.94676477138404,62875.67,58373.0,5.043081604837882,11.048914563408884,10.974608733142299
taylor-swift,Reputation Stadium Tour,USA,2018,129.57241231286554,62875.67,55909.0,4.86423989330229,11.048914563408884,10.931480647972702
taylor-swift,Reputation Stadium Tour,USA,2018,147.89752812748338,62875.67,47818.0,4.996519656443102,11.048914563408884,10.77515741663288
taylor-swift,Reputation Stadium Tour,USA,2018,160.52143926432848,62875.67,56112.0,5.078427511620221,11.048914563408884,10.935104972379959
taylor-swift,Reputation Stadium Tour,USA,2018,133.38694808345463,62875.67,49464.0,4.89325428824097,11.048914563408884,10.809000411238404
taylor-swift,Reputation Stadium Tour,USA,2018,103.6914977625691,62875.67,49387.0,4.641420123085105,11.048914563408884,10.807442510649162
taylor-swift,Reputation Stadium Tour,USA,2018,114.82721673406016,62875.67,58611.0,4.743428535351531,11.048914563408884,10.978677671259746
taylor-swift,Reputation Stadium Tour,USA,2018,117.1965224568896,62875.67,55729.0,4.763852204833151,11.048914563408884,10.928255936745675
taylor-swift,Reputation Stadium Tour,USA,2018,102.11063954339237,62875.67,47831.0,4.626056926826575,11.048914563408884,10.775429243836092
taylor-swift,Reputation Stadium Tour,USA,2018,122.08579703603401,62875.67,53172.0,4.804724051959481,11.048914563408884,10.88128722098749
taylor-swift,Reputation Stadium Tour,USA,2018,173.79693308550185,62875.67,53800.0,5.157887566447182,11.048914563408884,10.893028746149875
taylor-swift,Reputation Stadium Tour,USA,2018,142.91305879888003,62875.67,52501.0,4.962236464937449,11.048914563408884,10.868587496017359
taylor-swift,Reputation Stadium Tour,AUS,2018,81.61871450747677,57410.17,50891.0,4.402058580129014,10.957976744313891,10.837441369615792
taylor-swift,Reputation Stadium Tour,AUS,2018,107.18533326986847,57410.17,63027.0,4.674559422764048,10.957976744313891,11.051318484991738
taylor-swift,Reputation Stadium Tour,AUS,2018,105.57741913330129,57410.17,72805.0,4.65944451444147,10.957976744313891,11.195539913145005
taylor-swift,Reputation Stadium Tour,AUS,2018,98.8026282825062,57410.17,43907.0,4.593124206449652,10.957976744313891,10.689829039654898
taylor-swift,Reputation Stadium Tour,NZL,2018,101.19424319561386,43204.13,35749.0,4.617041869816493,10.673691371514488,10.484277575702958
taylor-swift,Reputation Stadium Tour,JPN,2018,148.4366740253124,40645.48,50054.5,5.0001584297524255,10.612642915681613,10.820867690791607
bts,Love Yourself World Tour,KOR,2018,93.46376666666667,35363.95,45000.0,4.537573838906838,10.473448218657486,10.714417768752456
bts,Love Yourself World Tour,GBR,2018,157.04972200158855,43704.32,16139.0,5.056562455856305,10.685202232033006,9.688993982035823
bts,Love Yourself World Tour,NLD,2018,161.95206218959189,53955.08,13893.0,5.087300379031741,10.895907127513814,9.539140395148861
bts,Love Yourself World Tour,FRA,2018,162.70560233045578,41418.18,14074.5,5.091942447132208,10.631475193858636,9.552119928398215
bts,Love Yourself World Tour,JPN,2018,117.04489736842105,40645.48,76000.0,4.762557599380719,10.612642915681613,11.238488619268468
bts,Arirang World Tour,KOR,2026,144.1222940149979,36226.97,42406.0,4.970662203148423,10.49755914804286,10.655045140642496
bts,Arirang World Tour,JPN,2026,195.1378069828859,35951.04,48089.0,5.273706011443476,10.489913291798906,10.780808739711565
bts,Arirang World Tour,USA,2026,209.61969279851803,90026.52,64857.0,5.345294902224872,11.407859572573374,11.079940125322574
bts,Arirang World Tour,USA,2026,204.85311393544953,90026.52,49115.0,5.322293204929088,11.407859572573374,10.80191976610897
bts,Arirang World Tour,MEX,2026,279.39289806055035,13889.23,48625.0,5.632619027962047,9.538868998646628,10.791893080920747
bts,Arirang World Tour,USA,2026,201.26955759329698,90026.52,50564.333333333336,5.3046450921647565,11.407859572573374,10.83100173189918
bts,Arirang World Tour,USA,2026,201.44724470981842,90026.52,61422.75,5.30552753425327,11.407859572573374,11.025535566681853
bts,Arirang World Tour,KOR,2026,142.11179757926368,36226.97,53413.5,4.9566140547339845,10.49755914804286,10.885818801986243
bts,Arirang World Tour,ESP,2026,183.44583540370368,38627.25,67419.5,5.21191944901024,10.561713264930624,11.118689572563577
bts,Arirang World Tour,BEL,2026,183.79974483731397,60750.27,63097.0,5.2138468216579135,11.014526805637363,11.052428503817456
bts,Arirang World Tour,GBR,2026,189.8058140517778,57601.96,65066.5,5.246001518223931,10.96131187388283,11.083165102814329
bts,Arirang World Tour,DEU,2026,168.20328189708968,60496.44,70508.0,5.125173259221797,11.01033979931241,11.163481457539843
bts,Arirang World Tour,FRA,2026,165.90619613879525,48985.73,92251.0,5.111422545135455,10.799284310188881,11.43226840195242
bts,Arirang World Tour,USA,2026,206.9620253164557,90026.52,79000.0,5.332535323858378,11.407859572573374,11.27720313144916
bts,Arirang World Tour,USA,2026,222.5563909774436,90026.52,66500.0,5.405180512090398,11.407859572573374,11.104957226643945
bts,Arirang World Tour,USA,2026,202.12765957446808,90026.52,70500.0,5.308899475878573,11.407859572573374,11.16336798880036
bts,Arirang World Tour,USA,2026,217.64705882352942,90026.52,68000.0,5.3828747545760995,11.407859572573374,11.127262984158243
bts,Arirang World Tour,CAN,2026,225.2336448598131,55697.66,53500.0,5.41713828501684,10.927693414260906,10.887436932884098
bts,Arirang World Tour,USA,2026,215.87301587301587,90026.52,63000.0,5.374690345332611,11.407859572573374,11.05089000537367
bad-bunny,X 100pre Tour,PRI,2019,77.56121048252912,31830.53,16026.666666666666,4.3510674372991955,10.368181171095728,9.68200928054098
bad-bunny,X 100pre Tour,USA,2019,106.67987987987988,65227.96,9157.5,4.669832573327802,11.0856434903474,9.122328494652969
bad-bunny,X 100pre Tour,USA,2019,102.98777665697502,65227.96,17170.0,4.6346103079541585,11.0856434903474,9.75091895389152
bad-bunny,X 100pre Tour,USA,2019,88.42993205532638,65227.96,16484.0,4.482210510243194,11.0856434903474,9.710145492458707
bad-bunny,X 100pre Tour,USA,2019,97.24595309903367,65227.96,16247.0,4.577243368255149,11.0856434903474,9.69566355532975
bad-bunny,X 100pre Tour,USA,2019,93.00773669027012,65227.96,7626.0,4.5326826799111,11.0856434903474,8.939318740417509
bad-bunny,X 100pre Tour,USA,2019,95.86410376256134,65227.96,17767.0,4.562931602773034,11.0856434903474,9.785098083035907
bad-bunny,X 100pre Tour,USA,2019,113.93292428665039,65227.96,16787.0,4.73560989177859,11.0856434903474,9.728360056322414
bad-bunny,X 100pre Tour,USA,2019,113.33731775300171,65227.96,18656.0,4.73036848496825,11.0856434903474,9.833923089150218
bad-bunny,X 100pre Tour,USA,2019,88.0619223659889,65227.96,8656.0,4.478040230273172,11.0856434903474,9.066008001086264
bad-bunny,X 100pre Tour,PAN,2019,102.81859375,16477.91,6400.0,4.632966209719981,9.709775975032727,8.764053269347762
bad-bunny,X 100pre Tour,DOM,2019,37.33092313787639,8183.02,30288.0,3.619822021736093,9.009816554615805,10.318506873449104
bad-bunny,X 100pre Tour,GTM,2019,82.39608706918891,4512.0,15436.0,4.411537948763475,8.414495793177895,9.64445772265751
bad-bunny,X 100pre Tour,CHL,2019,46.957588745636166,14496.93,16067.0,3.849244827217642,9.581692181854015,9.684522758043336
bad-bunny,X 100pre Tour,MEX,2019,50.87199345170633,10369.56,15882.0,3.9293125452441187,9.246629870236603,9.672941671455156
bad-bunny,X 100pre Tour,MEX,2019,32.7966391228349,10369.56,25172.0,3.490326044372894,9.246629870236603,10.133487544646824
bad-bunny,X 100pre Tour,USA,2019,109.25251463744182,65227.96,6661.0,4.693661850987161,11.0856434903474,8.804024902413179
bad-bunny,X 100pre Tour,USA,2019,79.2230870712401,65227.96,9358.0,4.3722677597662605,11.0856434903474,9.143986871426161
bad-bunny,X 100pre Tour,USA,2019,96.24269766019269,65227.96,13078.0,4.566873101824205,11.0856434903474,9.478686708121222
bad-bunny,X 100pre Tour,USA,2019,96.5190380761523,65227.96,9980.0,4.5697402746499,11.0856434903474,9.20833836930551
bad-bunny,X 100pre Tour,USA,2019,88.05296022201665,65227.96,8648.0,4.477938454161485,11.0856434903474,9.065083359319043
bad-bunny,X 100pre Tour,USA,2019,89.83729269385925,65227.96,11155.0,4.4980001752238925,11.0856434903474,9.319643106866632
bad-bunny,X 100pre Tour,USA,2019,88.93276716206653,65227.96,8120.0,4.487880659109464,11.0856434903474,9.002085433155724
bad-bunny,X 100pre Tour,USA,2019,98.84259992085477,65227.96,10108.0,4.593528685113335,11.0856434903474,9.221082468508085
bad-bunny,X 100pre Tour,USA,2019,96.84490253821343,65227.96,7778.0,4.573110755924895,11.0856434903474,8.959054514715692
bad-bunny,X 100pre Tour,USA,2019,82.94980856247824,65227.96,14365.0,4.418235708767344,11.0856434903474,9.57254997141339
bad-bunny,X 100pre Tour,USA,2019,91.48320325755004,65227.96,8841.0,4.516155384474528,11.0856434903474,9.087155271405804
bad-bunny,X 100pre Tour,USA,2019,116.52740883844481,65227.96,16564.0,4.7581265143338705,11.0856434903474,9.714986944665458
bad-bunny,X 100pre Tour,USA,2019,79.87773967496645,65227.96,13414.0,4.38049721163958,11.0856434903474,9.504054216659682
bad-bunny,X 100pre Tour,USA,2019,114.09838487295647,65227.96,10154.0,4.737061101403745,11.0856434903474,9.22562299550734
bad-bunny,X 100pre Tour,USA,2019,91.48910721913713,65227.96,16387.0,4.516219918409458,11.0856434903474,9.704243616546224
bad-bunny,X 100pre Tour,USA,2019,88.8445653690526,65227.96,7167.0,4.486888386371482,11.0856434903474,8.877242435993919
bad-bunny,X 100pre Tour,USA,2019,98.86519451991444,65227.96,17299.0,4.593757250701474,11.0856434903474,9.758403975346978
bad-bunny,X 100pre Tour,USA,2019,98.41684610512984,65227.96,15790.0,4.589211989660501,11.0856434903474,9.667132107249687
bad-bunny,X 100pre Tour,USA,2019,102.90777642770352,65227.96,16460.0,4.63383321265415,11.0856434903474,9.70868847423106
bad-bunny,X 100pre Tour,USA,2019,80.36914799646671,65227.96,12453.0,4.386630371153962,11.0856434903474,9.429716836721148
bad-bunny,World's Hottest Tour,USA,2022,199.6771764212293,78008.69,47670.0,5.296701944562401,11.264575509722478,10.772057548198871
bad-bunny,World's Hottest Tour,USA,2022,227.15206637527154,78008.69,38207.0,5.425619689127591,11.264575509722478,10.550774023880454
bad-bunny,World's Hottest Tour,USA,2022,224.26786134862527,78008.69,48827.5,5.4128411470363025,11.264575509722478,10.796048957711047
bad-bunny,World's Hottest Tour,USA,2022,203.08797773009337,78008.69,34486.0,5.313639272989378,11.264575509722478,10.448308723560077
bad-bunny,World's Hottest Tour,USA,2022,277.4529043929681,78008.69,50854.0,5.6256512048842415,11.264575509722478,10.836714061116485
bad-bunny,World's Hottest Tour,USA,2022,206.24518593591642,78008.69,38481.0,5.329065684025618,11.264575509722478,10.55791989196796
bad-bunny,World's Hottest Tour,USA,2022,268.16279974076474,78008.69,42432.5,5.591594257799944,11.264575509722478,10.655669857035686
bad-bunny,World's Hottest Tour,USA,2022,234.16687420675783,78008.69,41759.0,5.456033998831603,11.264575509722478,10.639670275909648
bad-bunny,World's Hottest Tour,USA,2022,245.90407028868566,78008.69,50193.0,5.5049415017028265,11.264575509722478,10.823630853725772
bad-bunny,World's Hottest Tour,USA,2022,226.66749638523345,78008.69,54637.0,5.4234841700184315,11.264575509722478,10.908466587905721
bad-bunny,World's Hottest Tour,USA,2022,252.5408880146129,78008.69,42702.0,5.531573168336865,11.264575509722478,10.662001036527325
bad-bunny,World's Hottest Tour,USA,2022,253.26017719247247,78008.69,39561.5,5.5344173286687175,11.264575509722478,10.585611702105782
bad-bunny,World's Hottest Tour,USA,2022,239.0602012115967,78008.69,46220.0,5.476715408127706,11.264575509722478,10.741167883828371
bad-bunny,World's Hottest Tour,USA,2022,226.14384573359504,78008.69,49421.0,5.4211712823481495,11.264575509722478,10.808130714060667
bad-bunny,World's Hottest Tour,USA,2022,311.53801995672035,78008.69,49908.0,5.7415213852151705,11.264575509722478,10.817936589530913
bad-bunny,World's Hottest Tour,DOM,2022,97.92225933798967,10104.25,39516.0,4.584173891802465,9.2207114064004,10.584460932164365
bad-bunny,World's Hottest Tour,CHL,2022,55.09602943041989,15399.1,55181.0,4.009077652408435,9.642064345135504,10.918373970115221
bad-bunny,World's Hottest Tour,ARG,2022,65.47688792547893,13962.19,42672.5,4.181697224273286,9.544108240803318,10.661309963638487
bad-bunny,World's Hottest Tour,PRY,2022,36.3330575520968,6189.1,58017.0,3.592728003222965,8.730544959307972,10.968491350030408
bad-bunny,World's Hottest Tour,PER,2022,104.97285944683821,7353.75,41543.0,4.65370183528675,8.902965666178666,10.634484314369821
bad-bunny,World's Hottest Tour,ECU,2022,103.37699151665632,6515.59,28998.0,4.638382418131989,8.781953045704201,10.274982141073139
bad-bunny,World's Hottest Tour,COL,2022,62.463896110357865,6680.45,40196.5,4.134588727596971,8.806940629531214,10.601535206140147
bad-bunny,World's Hottest Tour,COL,2022,105.48516118028313,6680.45,35178.0,4.6585702907040645,8.806940629531214,10.46817616619227
bad-bunny,World's Hottest Tour,PAN,2022,72.19675096917113,17378.61,27085.0,4.279395044459238,9.762995418636013,10.206735348092
bad-bunny,World's Hottest Tour,CRI,2022,84.20989196041702,13971.76,52851.0,4.433312396063012,9.544793428567626,10.87523191259525
bad-bunny,World's Hottest Tour,SLV,2022,79.98573466476462,5074.6,18927.0,4.381848302083128,8.532002983069717,9.84834475303892
bad-bunny,World's Hottest Tour,HND,2022,64.39125981563673,3003.29,35148.0,4.164977906751404,8.00746363341731,10.467322996615733
bad-bunny,World's Hottest Tour,GTM,2022,103.33096725818545,5356.92,20005.0,4.637937111047499,8.586144462037884,9.903737521291335
bad-bunny,World's Hottest Tour,MEX,2022,193.78265840770837,11405.79,45042.0,5.2667372135525525,9.341876400184551,10.715350666801058
bad-bunny,World's Hottest Tour,MEX,2022,88.95959543657985,11405.79,57939.0,4.488182282791615,9.341876400184551,10.96714601194071
bad-bunny,Debí Tirar Más Fotos World Tour,DOM,2025,123.34486949746785,11059.21,32087.5,4.814984249061854,9.311018843953756,10.376221825179396
bad-bunny,Debí Tirar Más Fotos World Tour,CRI,2025,107.61570766766246,19970.1,57742.5,4.678566619114815,9.90199143390859,10.963748749820315
bad-bunny,Debí Tirar Más Fotos World Tour,MEX,2025,170.06626350108937,13889.23,64717.0,5.136188146404232,9.538868998646628,11.077779197135149
bad-bunny,Debí Tirar Más Fotos World Tour,CHL,2026,119.88959701642266,17994.59,56487.0,4.786571294436264,9.797826436146874,10.941765802164538
bad-bunny,Debí Tirar Más Fotos World Tour,PER,2026,182.44879929923513,9684.41,46806.0,5.206469581875519,9.178272655038636,10.753766678816367
bad-bunny,Debí Tirar Más Fotos World Tour,COL,2026,172.2974836239664,8561.62,48495.666666666664,5.149222538807192,9.055044703566272,10.789229725854849
bad-bunny,Debí Tirar Más Fotos World Tour,ARG,2026,164.52946084566491,14898.09,67915.0,5.103089647456855,9.608988295797314,11.126012202256591
bad-bunny,Debí Tirar Más Fotos World Tour,BRA,2026,123.32882887529529,10713.29,48470.5,4.814854193670452,9.27924030581123,10.788710644445386
bad-bunny,Debí Tirar Más Fotos World Tour,AUS,2026,155.47748437725463,65129.72,45046.5,5.046500926133903,11.084136252437087,10.715450568564407
bad-bunny,Debí Tirar Más Fotos World Tour,ESP,2026,157.6978270029495,38627.25,58145.5,5.060680714564922,10.561713264930624,10.970703768881847
bad-bunny,Debí Tirar Más Fotos World Tour,PRT,2026,124.77208303976667,32081.81,61031.0,4.826488737320571,10.376044481835205,11.01913721078854
bad-bunny,Debí Tirar Más Fotos World Tour,ESP,2026,154.2920658579246,38627.25,62261.3,5.038847337813249,10.561713264930624,11.039095323957502
bad-bunny,Debí Tirar Más Fotos World Tour,DEU,2026,139.58809157112162,60496.44,52593.0,4.938695882757891,11.01033979931241,10.870338310021983
bad-bunny,Debí Tirar Más Fotos World Tour,NLD,2026,168.861964076592,73683.92,32875.5,5.129081600564163,11.20753987255413,10.400482978489883
bad-bunny,Debí Tirar Más Fotos World Tour,GBR,2026,192.69218653964353,57601.96,52064.0,5.2610940273208495,10.96131187388283,10.860229010018765
bad-bunny,Debí Tirar Más Fotos World Tour,FRA,2026,142.8594036475924,48985.73,62178.0,4.961860955334748,10.799284310188881,11.037756518412273
bad-bunny,Debí Tirar Más Fotos World Tour,FRA,2026,178.144908709539,48985.73,41954.0,5.182597312971219,10.799284310188881,10.644329058958736
bad-bunny,Debí Tirar Más Fotos World Tour,SWE,2026,133.90698654849209,63133.21,50998.0,4.897145428695847,11.05300221752661,10.839541695251233
bad-bunny,Debí Tirar Más Fotos World Tour,POL,2026,132.9738496036383,28419.58,63326.0,4.890152489368085,10.254833623216769,11.056051266296711
bad-bunny,Debí Tirar Más Fotos World Tour,ITA,2026,109.21845744612166,43308.64,77443.0,4.693350073259702,10.676107432191737,11.257297460869518
bad-bunny,Debí Tirar Más Fotos World Tour,BEL,2026,129.29695269214378,60750.27,56312.0,4.862111717767248,11.014526805637363,10.938662935287967
billie-eilish,When We All Fall Asleep Tour,NZL,2019,48.828265524625266,42872.27,9629.0,3.888309356751014,10.665980508971613,9.172534657240284
billie-eilish,When We All Fall Asleep Tour,AUS,2019,42.11216517857143,55194.76,5376.0,3.740336658058653,10.918623300223052,8.589699882202986
billie-eilish,When We All Fall Asleep Tour,AUS,2019,48.623668816559174,55194.76,6874.0,3.884110425040662,10.918623300223052,8.835501457409778
billie-eilish,When We All Fall Asleep Tour,AUS,2019,48.21287184707612,55194.76,9022.0,3.8756260361740593,10.918623300223052,9.107421317968342
billie-eilish,When We All Fall Asleep Tour,USA,2019,53.1899900122073,65227.96,9011.0,3.973870220978448,11.0856434903474,9.106201332235038
billie-eilish,When We All Fall Asleep Tour,USA,2019,53.33443869297962,65227.96,12489.0,3.976582251844315,11.0856434903474,9.432603535863086
billie-eilish,When We All Fall Asleep Tour,CAN,2019,64.7002840909091,46352.97,7112.0,4.169765592392255,10.744040646611017,8.86953877719374
billie-eilish,When We All Fall Asleep Tour,CAN,2019,48.0082722513089,46352.97,9550.0,3.8713733346282413,10.744040646611017,9.164296433474776
billie-eilish,When We All Fall Asleep Tour,USA,2019,69.19205520956068,65227.96,5941.0,4.236886046922159,11.0856434903474,8.689632748355741
billie-eilish,When We All Fall Asleep Tour,USA,2019,50.4845,65227.96,6000.0,3.9216663584753793,11.0856434903474,8.699514748210191
billie-eilish,When We All Fall Asleep Tour,ESP,2019,42.726300127532944,29786.52,15510.0,3.7548146586740203,10.301811221159538,9.649240256170584
billie-eilish,When We All Fall Asleep Tour,PRT,2019,29.518138041733547,23343.36,19469.0,3.385004923275973,10.058067854348359,9.87657873597891
billie-eilish,When We All Fall Asleep Tour,USA,2019,75.5067146493461,65227.96,11393.0,4.324221588053358,11.0856434903474,9.340754410698116
billie-eilish,When We All Fall Asleep Tour,USA,2019,102.5051271363068,65227.96,11995.0,4.62991281816948,11.0856434903474,9.392245175273795
billie-eilish,When We All Fall Asleep Tour,USA,2019,106.6909438553798,65227.96,11506.0,4.669936279873206,11.0856434903474,9.350623917423238
billie-eilish,"Happier Than Ever, The World Tour",USA,2022,128.2980269132337,78008.69,12113.0,4.854355892806796,11.264575509722478,9.402034535016803
billie-eilish,"Happier Than Ever, The World Tour",USA,2022,130.80175866271983,78008.69,11486.0,4.873682884366347,11.264575509722478,9.348884181424243
billie-eilish,"Happier Than Ever, The World Tour",USA,2022,121.66942790577272,78008.69,11589.0,4.801307759772792,11.264575509722478,9.35781165133439
billie-eilish,"Happier Than Ever, The World Tour",USA,2022,114.59248508305112,78008.69,12402.0,4.741382226938966,11.264575509722478,9.425613028909824
billie-eilish,"Happier Than Ever, The World Tour",USA,2022,135.99506246727015,78008.69,13367.0,4.912618579689276,11.264575509722478,9.500544261971474
billie-eilish,"Happier Than Ever, The World Tour",USA,2022,112.82153147646905,78008.69,11453.0,4.725807202731921,11.264575509722478,9.346006983397716
billie-eilish,"Happier Than Ever, The World Tour",USA,2022,112.40202285996217,78008.69,12161.0,4.722081934272399,11.264575509722478,9.405989388981
billie-eilish,"Happier Than Ever, The World Tour",USA,2022,128.0717887154862,78008.69,12495.0,4.8525909560421425,11.264575509722478,9.433083843269053
billie-eilish,"Happier Than Ever, The World Tour",USA,2022,142.04177192349331,78008.69,11084.0,4.956121182817503,11.264575509722478,9.31325790598287
billie-eilish,"Happier Than Ever, The World Tour",USA,2022,145.58978351126927,78008.69,13488.0,4.980792965108851,11.264575509722478,9.509555680241636
billie-eilish,"Happier Than Ever, The World Tour",USA,2022,131.5982958946553,78008.69,12910.0,4.879754069678617,11.264575509722478,9.465757483840688
billie-eilish,"Happier Than Ever, The World Tour",USA,2022,136.78011350011988,78008.69,12511.0,4.91837462547016,11.264575509722478,9.4343635363174
billie-eilish,"Happier Than Ever, The World Tour",USA,2022,137.55161575483743,78008.69,10181.0,4.923999233974347,11.264575509722478,9.228278517107196
billie-eilish,"Happier Than Ever, The World Tour",USA,2022,136.51600416852762,78008.69,13434.0,4.916441854408043,11.264575509722478,9.50554408582681
billie-eilish,"Happier Than Ever, The World Tour",USA,2022,119.4418546522527,78008.69,16003.0,4.782829681009346,11.264575509722478,9.680531483645991
billie-eilish,"Happier Than Ever, The World Tour",USA,2022,127.48231301396685,78008.69,15322.0,4.8479776335166855,11.264575509722478,9.637044983076766
billie-eilish,"Happier Than Ever, The World Tour",USA,2022,127.80796996823564,78008.69,13852.0,4.8505289028177,11.264575509722478,9.536184905522312
billie-eilish,"Happier Than Ever, The World Tour",USA,2022,120.14285714285714,78008.69,14924.0,4.788681510917635,11.264575509722478,9.610725934341048
billie-eilish,"Happier Than Ever, The World Tour",USA,2022,120.61044426048565,78008.69,14496.0,4.792565883034895,11.264575509722478,9.581628028282761
billie-eilish,"Happier Than Ever, The World Tour",USA,2022,135.9992225159384,78008.69,12862.0,4.912649168925141,11.264575509722478,9.462032506694808
billie-eilish,"Happier Than Ever, The World Tour",USA,2022,134.00692959192403,78008.69,11689.0,4.897891511986389,11.264575509722478,9.366403507607771
billie-eilish,"Happier Than Ever, The World Tour",CAN,2022,126.68443059145507,56496.93,13154.0,4.841699195730888,10.941941579375078,9.484481173861296
billie-eilish,"Happier Than Ever, The World Tour",USA,2022,139.4106955242698,78008.69,14277.0,4.9374242208083565,11.264575509722478,9.56640512978922
billie-eilish,"Happier Than Ever, The World Tour",USA,2022,143.42568334973876,78008.69,13207.0,4.965817014985832,11.264575509722478,9.488502271043805
billie-eilish,"Happier Than Ever, The World Tour",USA,2022,144.29877015980557,78008.69,13579.0,4.971885942942436,11.264575509722478,9.516279760698795
billie-eilish,"Happier Than Ever, The World Tour",USA,2022,127.58536420254535,78008.69,14772.0,4.84878566372506,11.264575509722478,9.600488775972455
billie-eilish,"Happier Than Ever, The World Tour",USA,2022,138.8462391015221,78008.69,13534.0,4.933367127332839,11.264575509722478,9.51296031679217
billie-eilish,"Happier Than Ever, The World Tour",USA,2022,138.31085888531254,78008.69,13773.666666666666,4.929503752474269,11.264575509722478,9.530513835627893
billie-eilish,"Happier Than Ever, The World Tour",GBR,2022,98.06598984771574,47034.78,9549.0,4.5856406178545654,10.758642607027195,9.164191715950203
billie-eilish,"Happier Than Ever, The World Tour",IRL,2022,88.81817807768269,105190.69,12152.0,4.486591337130296,11.5635300772707,9.405249044275608
billie-eilish,"Happier Than Ever, The World Tour",GBR,2022,92.34102405116992,47034.78,15321.5,4.525488507023521,10.758642607027195,9.637012349728746
billie-eilish,"Happier Than Ever, The World Tour",GBR,2022,94.40927689297118,47034.78,35601.0,4.547639340494366,10.758642607027195,10.480129006333248
billie-eilish,"Happier Than Ever, The World Tour",GBR,2022,90.66265718972116,47034.78,12803.0,4.507145554477866,10.758642607027195,9.45743479744618
billie-eilish,"Happier Than Ever, The World Tour",GBR,2022,93.9061248702358,47034.78,13486.0,4.542295611672037,10.758642607027195,9.509407389294527
billie-eilish,"Happier Than Ever, The World Tour",NLD,2022,71.98643469797433,59123.32,16439.0,4.2764776942926535,10.987380711014216,9.707411839509511
billie-eilish,"Happier Than Ever, The World Tour",DEU,2022,80.59134793910137,50506.52,10772.0,4.3893912980819065,10.829857715840504,9.28470545393149
billie-eilish,"Happier Than Ever, The World Tour",DEU,2022,73.28808747130603,50506.52,16554.0,4.294398078240549,10.829857715840504,9.714383043445341
billie-eilish,"Happier Than Ever, The World Tour",FRA,2022,76.24544729014002,40988.64,13783.0,4.333957706034652,10.621050234123851,9.531191227694439
billie-eilish,"Happier Than Ever, The World Tour",BEL,2022,70.8066657048045,50639.03,20793.0,4.2599531446409395,10.832477901816276,9.942371670586095
billie-eilish,"Happier Than Ever, The World Tour",DEU,2022,77.38844635809114,50506.52,13935.0,4.348837497594241,10.829857715840504,9.542158939916048
billie-eilish,"Happier Than Ever, The World Tour",CHE,2022,117.5973076923077,97809.1,13000.0,4.767266141429566,11.490772898729066,9.472704636443673
billie-eilish,"Happier Than Ever, The World Tour",PHL,2022,148.46694692590646,3548.07,9515.0,5.000362353844708,8.174159072659876,9.16062477973025
billie-eilish,"Happier Than Ever, The World Tour",KOR,2022,105.64846977302004,34822.4,22513.0,4.660117260029298,10.458016136851551,10.021848199120974
billie-eilish,"Happier Than Ever, The World Tour",MYS,2022,109.17926531266274,11754.57,30000.0,4.692991167192509,9.371997380126452,10.308952660644293
billie-eilish,"Happier Than Ever, The World Tour",SGP,2022,140.00802236942846,91227.7,34996.0,4.941699723606345,11.421113858016566,10.462989048226156
billie-eilish,"Happier Than Ever, The World Tour",THA,2022,159.98726114649682,6910.01,10833.0,5.075094194229764,8.840726363938671,9.290352309945568
billie-eilish,"Happier Than Ever, The World Tour",JPN,2022,138.50678733031674,35548.26,10166.0,4.930919330421705,10.478646488885856,9.226804098006848
billie-eilish,"Happier Than Ever, The World Tour",NZL,2022,99.01153495062377,49141.63,12050.333333333334,4.59523635800005,10.80246181605821,9.396847601053489
billie-eilish,"Happier Than Ever, The World Tour",AUS,2022,105.2533039189161,65169.52,16016.333333333334,4.656369863223396,11.084747153947145,9.681364313859238
billie-eilish,"Happier Than Ever, The World Tour",AUS,2022,101.6999144467062,65169.52,11299.0,4.622026461822166,11.084747153947145,9.332469505209247
billie-eilish,"Happier Than Ever, The World Tour",AUS,2022,136.65658613196004,65169.52,13689.75,4.917471108299792,11.084747153947145,9.524402656611004
billie-eilish,"Happier Than Ever, The World Tour",AUS,2022,94.10294779867678,65169.52,14434.5,4.544389372335288,11.084747153947145,9.577376453464565
billie-eilish,"Happier Than Ever, The World Tour",USA,2022,141.61690352234885,78008.69,14214.0,4.953125549292803,11.264575509722478,9.56198267338684
billie-eilish,"Happier Than Ever, The World Tour",MEX,2023,74.9595136239257,13830.84,51894.0,4.316948149434273,9.53465616034147,10.856958455534567
billie-eilish,"Happier Than Ever, The World Tour",MEX,2023,110.8633709614636,13830.84,12845.0,4.708298550903201,9.53465616034147,9.460709909543985
billie-eilish,Hit Me Hard and Soft: The Tour,CAN,2024,138.08443477775918,55015.71,17931.0,4.92786534427127,10.915374059791946,9.794286337492364
billie-eilish,Hit Me Hard and Soft: The Tour,CAN,2024,151.6635196053415,55015.71,17635.5,5.021664380212668,10.915374059791946,9.777669194975905
billie-eilish,Hit Me Hard and Soft: The Tour,USA,2024,174.36329824561403,86169.66,14250.0,5.161141043488677,11.364073422537274,9.564512185696797
billie-eilish,Hit Me Hard and Soft: The Tour,USA,2024,185.17246106602326,86169.66,18236.0,5.221287612807777,11.364073422537274,9.811152941333331
billie-eilish,Hit Me Hard and Soft: The Tour,USA,2024,159.8828903654485,86169.66,18060.0,5.074441612022522,11.364073422537274,9.801454826970977
billie-eilish,Hit Me Hard and Soft: The Tour,USA,2024,180.91049924003275,86169.66,17106.0,5.198002429633767,11.364073422537274,9.747184558140727
billie-eilish,Hit Me Hard and Soft: The Tour,USA,2024,181.08843495048887,86169.66,16057.0,5.198985502830842,11.364073422537274,9.683900170549684
billie-eilish,Hit Me Hard and Soft: The Tour,USA,2024,156.435987509758,86169.66,17934.0,5.052646900809708,11.364073422537274,9.794453631511994
billie-eilish,Hit Me Hard and Soft: The Tour,USA,2024,173.12430284693616,86169.66,18288.666666666668,5.154009850056592,11.364073422537274,9.81403683914678
billie-eilish,Hit Me Hard and Soft: The Tour,USA,2024,157.31217586044318,86169.66,16968.0,5.058232212411525,11.364073422537274,9.739084496244518
billie-eilish,Hit Me Hard and Soft: The Tour,USA,2024,167.16227732733623,86169.66,16897.0,5.118965061124962,11.364073422537274,9.73489137036065
billie-eilish,Hit Me Hard and Soft: The Tour,USA,2024,158.23505105955965,86169.66,16941.0,5.064081592483661,11.364073422537274,9.737491998340946
billie-eilish,Hit Me Hard and Soft: The Tour,USA,2024,165.66767941035812,86169.66,17773.5,5.109983850550829,11.364073422537274,9.785463862924905
billie-eilish,Hit Me Hard and Soft: The Tour,USA,2024,173.1599669375947,86169.66,18147.5,5.15421583163818,11.364073422537274,9.806288089158995
billie-eilish,Hit Me Hard and Soft: The Tour,USA,2024,159.16180140444547,86169.66,17231.0,5.069921303693003,11.364073422537274,9.7544653661431
billie-eilish,Hit Me Hard and Soft: The Tour,USA,2024,184.3842958595739,86169.66,14926.0,5.217022144044546,11.364073422537274,9.610859937691332
billie-eilish,Hit Me Hard and Soft: The Tour,USA,2024,168.29948650975038,86169.66,16845.5,5.125745050150813,11.364073422537274,9.731838837798477
billie-eilish,Hit Me Hard and Soft: The Tour,CAN,2024,144.6655444625029,55015.71,17228.0,4.97442448823057,10.915374059791946,9.754291246174
billie-eilish,Hit Me Hard and Soft: The Tour,USA,2024,177.02768347632863,86169.66,16201.0,5.176306124165093,11.364073422537274,9.692828247710418
billie-eilish,Hit Me Hard and Soft: The Tour,USA,2024,162.29879560750973,86169.66,16938.0,5.089439053713651,11.364073422537274,9.737314897481545
billie-eilish,Hit Me Hard and Soft: The Tour,USA,2024,166.6250965021676,86169.66,16839.0,5.1157463576565,11.364073422537274,9.73145290361031
billie-eilish,Hit Me Hard and Soft: The Tour,USA,2024,164.04891680110626,86169.66,17356.0,5.100164656527075,11.364073422537274,9.761693546918242
billie-eilish,Hit Me Hard and Soft: The Tour,USA,2024,183.3852626059183,86169.66,16781.8,5.211589200028272,11.364073422537274,9.728050244828312
billie-eilish,Hit Me Hard and Soft: The Tour,AUS,2025,121.68521811715178,65129.72,13777.0,4.801437530966063,11.084136252437087,9.5307558140446
billie-eilish,Hit Me Hard and Soft: The Tour,AUS,2025,121.60203747131654,65129.72,19828.5,4.80075372491239,11.084136252437087,9.894875575687564
billie-eilish,Hit Me Hard and Soft: The Tour,AUS,2025,118.28601855425475,65129.72,17489.25,4.773105577645217,11.084136252437087,9.769341685446548
billie-eilish,Hit Me Hard and Soft: The Tour,SWE,2025,117.62920316241839,63133.21,15241.5,4.767537330847717,11.05300221752661,9.631777249594046
billie-eilish,Hit Me Hard and Soft: The Tour,NOR,2025,121.05705135808327,94594.19,25293.0,4.796261933303231,11.457351336663413,10.138282956590785
billie-eilish,Hit Me Hard and Soft: The Tour,DNK,2025,126.4592270531401,76970.15,15525.0,4.839919940427224,11.25117296333769,9.65020690680168
billie-eilish,Hit Me Hard and Soft: The Tour,DEU,2025,115.85059896542336,60496.44,14692.0,4.752301421045627,11.01033979931241,9.595058406939557
billie-eilish,Hit Me Hard and Soft: The Tour,NLD,2025,121.93630446068448,73683.92,16694.0,4.803498813809869,11.20753987255413,9.722804652410682
billie-eilish,Hit Me Hard and Soft: The Tour,DEU,2025,118.96184775379406,60496.44,16539.0,4.7788028345951075,11.01033979931241,9.713476507257793
billie-eilish,Hit Me Hard and Soft: The Tour,DEU,2025,111.02730521801287,60496.44,17487.5,4.709776164016099,11.01033979931241,9.769241618973737
billie-eilish,Hit Me Hard and Soft: The Tour,CZE,2025,119.77485278836163,35917.27,20209.0,4.785613753700274,10.488973517300648,9.913883328718248
billie-eilish,Hit Me Hard and Soft: The Tour,POL,2025,112.2508929735367,28419.58,19177.5,4.720736481811538,10.254833623216769,9.861492995833451
billie-eilish,Hit Me Hard and Soft: The Tour,AUT,2025,127.45765574180635,62930.04,15988.0,4.847784197608164,11.049778912147664,9.679593719831214
billie-eilish,Hit Me Hard and Soft: The Tour,ITA,2025,120.49993481944988,43308.64,15342.0,4.791649212013135,10.676107432191737,9.63834944451924
billie-eilish,Hit Me Hard and Soft: The Tour,FRA,2025,131.30126470588235,48985.73,17000.0,4.877494413447299,10.799284310188881,9.740968623038354
billie-eilish,Hit Me Hard and Soft: The Tour,ESP,2025,126.91140560265592,38627.25,18223.5,4.843489249347028,10.561713264930624,9.810467248962906
billie-eilish,Hit Me Hard and Soft: The Tour,GBR,2025,165.39242097701148,57601.96,13920.0,5.108320959151633,10.96131187388283,9.54108193388841
billie-eilish,Hit Me Hard and Soft: The Tour,GBR,2025,172.9274330576928,57601.96,19127.166666666668,5.152872044404685,10.96131187388283,9.858864942038284
billie-eilish,Hit Me Hard and Soft: The Tour,GBR,2025,163.27328020941601,57601.96,19482.75,5.095425362641323,10.96131187388283,9.87728473766413
billie-eilish,Hit Me Hard and Soft: The Tour,IRL,2025,151.91226146975234,131592.46,12315.0,5.023303127013853,11.787465001399115,9.418573310554638
billie-eilish,Hit Me Hard and Soft: The Tour,USA,2025,161.59698899826287,90026.52,18997.0,5.0851055134769165,11.407859572573374,9.852036350945049
billie-eilish,Hit Me Hard and Soft: The Tour,USA,2025,147.23623192622117,90026.52,17186.5,4.992038316810231,11.407859572573374,9.751879470898118
billie-eilish,Hit Me Hard and Soft: The Tour,USA,2025,153.55197450555227,90026.52,15219.0,5.034039105843896,11.407859572573374,9.6302999262348
