term,person,list,party,match
2010,Adámek František,ČSSD,ČSSD,unique
2010,Arnoštová Lenka,ČSSD,ČSSD,"unique, surname suffix / spelling"
2010,Blažek Rudolf,ODS,ODS,unique
2010,Bonhomme Hankeová Zuzana,TOP 09,TOP 09,unique
2010,Borská Iveta,TOP 09,TOP 09,unique
2010,Březina Karel,ČSSD,ČSSD,unique
2010,Bříza Petr,ODS,BEZPP,unique
2010,Chudomelová Helena,TOP 09,TOP 09,unique
2010,Dienstbier Jiří,ČSSD,ČSSD,unique
2010,Dlouhý Martin,TOP 09,TOP 09,unique
2010,Dolínek Petr,ČSSD,ČSSD,unique
2010,Hodek Daniel,ČSSD,ČSSD,unique
2010,Hudeček Tomáš,TOP 09,TOP 09,unique
2010,Hulinský Petr,ČSSD,ČSSD,unique
2010,Hurda Pavel,ODS,ODS,unique
2010,Hána Petr,ODS,ODS,unique
2010,Hášová Monika,TOP 09,TOP 09,"unique, surname suffix / spelling"
2010,Kabický Ivan,ODS,ODS,unique
2010,Kalousek Jan,ODS,BEZPP,unique
2010,Kaucký Lukáš,ČSSD,ČSSD,unique
2010,Klega Pavel,ODS,ODS,unique
2010,Kloudová Gabriela,ODS,ODS,unique
2010,Kousalíková Marie,ODS,ODS,unique
2010,Kubišta Albert,TOP 09,TOP 09,unique
2010,Ledl Lubomír,KSČM,code 74,unique
2010,Liška Jiří,TOP 09,TOP 09,unique
2010,Lohynský Radek,ODS,ODS,unique
2010,Ludvík Miloslav,ČSSD,ČSSD,unique
2010,Manhart Lukáš,TOP 09,TOP 09,unique
2010,Mlejnský Dalibor,ODS,ODS,unique
2010,Nosek Josef,ODS,ODS,unique
2010,Nouza Jiří,TOP 09,TOP 09,unique
2010,Novotný Petr,,,unresolved []
2010,Pařízek Jiří,TOP 09,TOP 09,unique
2010,Pecha Ondřej,ODS,ODS,unique
2010,Petrus Roman,ČSSD,ČSSD,unique
2010,Plachý Lukáš,ČSSD,ČSSD,unique
2010,Poche Miroslav,ČSSD,ČSSD,unique
2010,Počarovský Ondřej,TOP 09,TOP 09,unique
2010,Richter Pavel,TOP 09,TOP 09,unique
2010,Růžička Milan,TOP 09,TOP 09,"unique, surname suffix / spelling"
2010,Schmalz Vladimír,ODS,ODS,unique
2010,Semelová Marta,KSČM,KSČM,unique
2010,Slezák Jan,ČSSD,ČSSD,unique
2010,Svoboda Bohuslav,ODS,BEZPP,unique
2010,Trombik Petr,TOP 09,TOP 09,unique
2010,Tůma Zdeněk,TOP 09,TOP 09,unique
2010,Udženija Alexandra,ODS,ODS,"unique, surname suffix / spelling"
2010,Urban Milan,TOP 09,TOP 09,unique
2010,Vaculka Roman,TOP 09,TOP 09,unique
2010,Vašíček Jan,TOP 09,TOP 09,unique
2010,Vlásenková Andrea,ODS,ODS,unique
2010,Vorlíčková Eva,TOP 09,TOP 09,unique
2010,Vávra Jiří,TOP 09,TOP 09,unique
2010,Weinert Antonín,ČSSD,ČSSD,unique
2010,Zelený David,ODS,ODS,unique
2010,Šimůnek Petr,KSČM,KSČM,unique
2010,Šturmová Nataša,TOP 09,TOP 09,unique
2010,Štvánová Ludmila,TOP 09,TOP 09,unique
2010,Štěpán Daniel,ČSSD,ČSSD,unique
2010,Šťastný Boris,ODS,ODS,unique
2010,Dodal Petr,TOP 09,TOP 09,unique
2010,Válová Lucie,ČSSD,ČSSD,unique
2010,Vinš Ivan,ODS,ODS,unique
2010,Zoufalík Bohumil,ODS,ODS,unique
2014,Bellu Alexander,ODS,ODS,unique
2014,Bendová Jarmila,ANO,ANO,unique
2014,Briardová Helena,KSČM,KSČM,unique
2014,Březina Karel,ČSSD,ČSSD,unique
2014,Bříza Petr,TOP 09,BEZPP,unique
2014,Dlouhý Martin,TOP 09,TOP 09,unique
2014,Doležal Marek,TOP 09,TOP 09,unique
2014,Dolínek Petr,ČSSD,ČSSD,unique
2014,Ferjenčík Mikuláš,Piráti,Piráti,unique
2014,Fifka Petr,ODS,ODS,unique
2014,Fuchsová Eliška,ANO,BEZPP,"unique, surname suffix / spelling"
2014,Hadrava Libor,ANO,ANO,unique
2014,Haramul Jiří,ANO,BEZPP,unique
2014,Hašek Michal,ANO,ANO,unique
2014,Hodek Daniel,ČSSD,ČSSD,unique
2014,Hrabák Jiří,TOP 09,TOP 09,unique
2014,Hrůza Ivan,KSČM,KSČM,unique
2014,Hudeček Tomáš,TOP 09,TOP 09,unique
2014,Hujová Vladislava,TOP 09,TOP 09,unique
2014,Humplík Filip,ODS,ODS,unique
2014,Hášová Monika,TOP 09,TOP 09,"unique, surname suffix / spelling"
2014,Janderová Jaroslava,ODS,ODS,unique
2014,Jílek Tomáš,TOP 09,TOP 09,unique
2014,Kaucký Lukáš,ČSSD,ČSSD,unique
2014,Kislingerová Eva,ANO,BEZPP,unique
2014,Kolínská Petra,Trojkoalice,SZ,unique
2014,Krnáčová Adriana,ANO,BEZPP,unique
2014,Kubišta Albert,TOP 09,TOP 09,unique
2014,Lacko Radek,ANO,ANO,unique
2014,Ludvík Miloslav,ČSSD,ČSSD,unique
2014,Lébl Antonín,ANO,ANO,unique
2014,Manhart Lukáš,TOP 09,TOP 09,unique
2014,Martan Ondřej,ODS,ODS,unique
2014,Michálek Jakub,Piráti,Piráti,unique
2014,Mirovský Ondřej,Trojkoalice,SZ,unique
2014,Nacher Patrik,ANO,BEZPP,unique
2014,Nepil Radomír,ANO,ANO,unique
2014,Nouza Jiří,TOP 09,TOP 09,unique
2014,Novotný Petr,ANO,ANO,unique
2014,Nováková Hana,ČSSD,ČSSD,unique
2014,Plamínková Jana,Trojkoalice,STAN,unique
2014,Plesníková Marcela,ANO,ANO,unique
2014,Polách Martin,ANO,ANO,unique
2014,Prchal Petr,TOP 09,TOP 09,unique
2014,Procházka Karel,KSČM,KSČM,unique
2014,Profant Ondřej,Piráti,Piráti,unique
2014,Richter Pavel,TOP 09,TOP 09,unique
2014,Ropková Irena,ČSSD,ČSSD,unique
2014,Růžička Milan,TOP 09,TOP 09,unique
2014,Růžička Miloš,Trojkoalice,STAN,unique
2014,Semelová Marta,KSČM,KSČM,unique
2014,Slezák Jan,ČSSD,ČSSD,unique
2014,Stropnický Matěj,Trojkoalice,SZ,unique
2014,Svoboda Bohuslav,ODS,ODS,unique
2014,Udženija Alexandra,ODS,ODS,unique
2014,Veselá Vladislava,ANO,ANO,unique
2014,Vorlíčková Eva,TOP 09,TOP 09,unique
2014,Wolf Jan,Trojkoalice,KDU-ČSL,unique
2014,Zábranský Adam,Piráti,Piráti,unique
2014,Šimůnek Petr,KSČM,KSČM,unique
2014,Štěpánek Jaroslav,ANO,ANO,unique
2014,Štěpánek Petr,Trojkoalice,SZ,unique
2014,Švarc František,ODS,ODS,unique
2014,Čižinský Jan,Trojkoalice,KDU-ČSL,unique
2014,Prokop Ondřej,ANO,ANO,unique
2014,Štěpán Daniel,ČSSD,ČSSD,unique
2014,Mahrik Viktor,Piráti,Piráti,unique
2014,Kallasch Ondřej,Piráti,Piráti,unique
2014,Mikoláš Ivan,Piráti,Piráti,unique
2014,Pilař Jiří,TOP 09,TOP 09,unique
2018,Benda Martin,Praha sobě,BEZPP,unique
2018,Beránek Jaromír,Piráti,Piráti,unique
2018,Brož Lubomír,ANO,ANO,unique
2018,Burgerová Lenka,Praha sobě,BEZPP,unique
2018,Bílek Václav,ANO,ANO,unique
2018,Chabr Jan,Spojené síly,TOP 09,unique
2018,Dlouhý Martin,Spojené síly,TOP 09,unique
2018,Dohnal Jiří,Piráti,Piráti,unique
2018,Fifka Petr,ODS,ODS,unique
2018,Gellová Marta,ANO,BEZPP,unique
2018,Hanzlík Karel,ODS,ODS,unique
2018,Hlaváček Petr,Spojené síly,BEZPP,unique
2018,Hlubuček Petr,Spojené síly,STAN,unique
2018,Horáková Eva,Piráti,Piráti,unique
2018,Hájek Pavel,Piráti,Piráti,unique
2018,Hřib Zdeněk,Piráti,Piráti,unique
2018,Janderová Jaroslava,ODS,ODS,unique
2018,Johnová Milena,Praha sobě,BEZPP,unique
2018,Kallasch Ondřej,Piráti,Piráti,unique
2018,Kaštovský Tomáš,ODS,ODS,unique
2018,Knitl Jiří,Praha sobě,BEZPP,unique
2018,Koubek Jiří,Spojené síly,TOP 09,unique
2018,Krausová Michaela,Piráti,Piráti,unique
2018,Kubíček Petr,Spojené síly,TOP 09,unique
2018,Lacko Radek,ANO,ANO,unique
2018,Mahrik Viktor,Piráti,Piráti,unique
2018,Martan Ondřej,ODS,ODS,unique
2018,Maruštík Milan,ANO,ANO,unique
2018,Kordová Marvanová Hana,Spojené síly,STAN,unique
2018,Matějková Kamila,Praha sobě,BEZPP,unique
2018,Mazur Daniel,Piráti,Piráti,unique
2018,Murňák Tomáš,Piráti,Piráti,unique
2018,Nacher Patrik,ANO,BEZPP,unique
2018,Nepil Radomír,ANO,ANO,unique
2018,Novotný Petr,ANO,ANO,unique
2018,Pilný Ivan,ANO,ANO,unique
2018,Plamínková Jana,Spojené síly,STAN,unique
2018,Plesníková Marcela,ANO,ANO,unique
2018,Portlík Tomáš,ODS,ODS,unique
2018,Pospíšil Jiří,Spojené síly,TOP 09,unique
2018,Prokop Ondřej,ANO,ANO,unique
2018,Richter Pavel,Spojené síly,TOP 09,unique
2018,Růžička Miloš,Spojené síly,STAN,unique
2018,Scheinherr Adam,Praha sobě,BEZPP,unique
2018,Sedeke Martin,ODS,ODS,unique
2018,Stuchlík Petr,ANO,BEZPP,unique
2018,Stárek Jakub,ODS,ODS,unique
2018,Svoboda Bohuslav,ODS,ODS,unique
2018,Světlík Pavel,Praha sobě,BEZPP,unique
2018,Třeštíková Hana,Praha sobě,BEZPP,unique
2018,Udženija Alexandra,ODS,ODS,unique
2018,Vansa Tibor,Piráti,Piráti,unique
2018,Vodrážka David,ODS,ODS,unique
2018,Vondra Radek,Spojené síly,TOP 09,unique
2018,Vyhnánek Pavel,Praha sobě,BEZPP,unique
2018,Wolf Jan,Spojené síly,KDU-ČSL,unique
2018,Zajac Jiří,ODS,ODS,unique
2018,Zajíček Zdeněk,ODS,ODS,unique
2018,Zelenka Pavel,Praha sobě,BEZPP,unique
2018,Zeman Petr,Praha sobě,BEZPP,unique
2018,Zábranský Adam,Piráti,Piráti,unique
2018,Šimral Vít,Piráti,Piráti,unique
2018,Štampach Tomáš,ODS,code 714,unique
2018,Čapková Mariana,Praha sobě,BEZPP,unique
2018,Čižinský Jan,Praha sobě,BEZPP,unique
2018,Hurrle Jakob,Praha sobě,BEZPP,unique
2018,Arden Martin,Piráti,Piráti,unique
2018,Kos Ladislav,Piráti,Piráti,unique
2018,Nekolný Stanislav,ANO,ANO,unique
2018,Heidlová Aneta,Piráti,Piráti,unique
2018,Komrsková Jana,Piráti,Piráti,unique
2018,Kubíček Jiří,ODS,code 714,unique
2018,Hora Jan,Piráti,Piráti,unique
2018,Brückner Filip,ANO,ANO,"unique, surname suffix / spelling"
2022,Arnotová Kateřina,STAN,STAN,unique
2022,Benkovič Martin,ANO,ANO,unique
2022,Beránek Jaromír,Piráti,Piráti,unique
2022,Bodeček David,Piráti,Piráti,unique
2022,Brož Vladan,Praha sobě,BEZPP,unique
2022,Brůžek Jiří,Piráti,Piráti,unique
2022,Bílek Václav,ANO,ANO,unique
2022,Chabr Jan,SPOLU,TOP 09,unique
2022,Drápalová Kristýna,Praha sobě,BEZPP,unique
2022,Freitas Lopesová Zuzana,Piráti,Piráti,unique
2022,Gellová Marta,ANO,BEZPP,unique
2022,Hamanová Zuzana,STAN,STAN,unique
2022,Hlaváček Petr,STAN,BEZPP,unique
2022,Hroza Michal,SPOLU,TOP 09,unique
2022,Hrubčík Martin,ANO,ANO,unique
2022,Hušbauer Jan,ANO,ANO,unique
2022,Hřib Zdeněk,Piráti,Piráti,unique
2022,Kaštovský Tomáš,SPOLU,ODS,unique
2022,Klecanda Antonín,STAN,STAN,unique
2022,Kleslová Radmila,ANO,ANO,unique
2022,Knitl Jiří,Praha sobě,BEZPP,unique
2022,Kolář Jan,ANO,ANO,unique
2022,Komrsková Jana,Piráti,Piráti,unique
2022,Kovářík Zdeněk,SPOLU,ODS,unique
2022,Kubesa Lucie,SPOLU,ODS,unique
2022,Lepš Jakub,SPOLU,TOP 09,unique
2022,Lněničková Gabriela,Piráti,Piráti,unique
2022,Mahrik Viktor,Piráti,Piráti,unique
2022,Mareš Pavel,SPOLU,KDU-ČSL,unique
2022,Kordová Marvanová Hana,SPOLU,BEZPP,unique
2022,Matějková Kamila,Praha sobě,BEZPP,unique
2022,Mazur Daniel,Piráti,Piráti,unique
2022,Nacher Patrik,ANO,BEZPP,unique
2022,Nekolný Stanislav,ANO,ANO,unique
2022,Nepil Radomír,ANO,BEZPP,unique
2022,Nerušil Josef,SPD,SPD,unique
2022,Pek Tomáš,SPOLU,TOP 09,unique
2022,Plesníková Marcela,ANO,ANO,unique
2022,Portlík Tomáš,SPOLU,ODS,unique
2022,Pospíšil Jiří,SPOLU,TOP 09,unique
2022,Procházka David,STAN,BEZPP,unique
2022,Prokop Ondřej,ANO,ANO,unique
2022,Ptáček Jiří,SPOLU,TOP 09,unique
2022,Rázga Barbora,ANO,ANO,unique
2022,Scheinherr Adam,Praha sobě,BEZPP,unique
2022,Sedeke Martin,SPOLU,ODS,unique
2022,Seidl Zdeněk,SPD,BEZPP,unique
2022,Slabihoudek Tomáš,SPOLU,TOP 09,unique
2022,Soukup Bara,Piráti,Piráti,unique
2022,Svoboda Bohuslav,SPOLU,ODS,unique
2022,Tylová Eva,Piráti,BEZPP,unique
2022,Třeštíková Hana,Praha sobě,BEZPP,unique
2022,Udženija Alexandra,SPOLU,ODS,unique
2022,Urban Milan,SPD,SPD,unique
2022,Valdmanová Magdalena,Piráti,Piráti,unique
2022,Vedralová Lenka,ANO,ANO,unique
2022,Vodrážka David,SPOLU,ODS,unique
2022,Vyhnánek Pavel,Praha sobě,BEZPP,unique
2022,Wolf Jan,SPOLU,KDU-ČSL,unique
2022,Zajíček Zdeněk,SPOLU,ODS,unique
2022,Zelenka Pavel,Praha sobě,BEZPP,unique
2022,Zeman Petr,Praha sobě,BEZPP,unique
2022,Zábranský Adam,Piráti,Piráti,unique
2022,Čapková Mariana,Praha sobě,BEZPP,unique
2022,Čižinský Jan,Praha sobě,BEZPP,unique
2022,Kaněra Tomáš,ANO,ANO,unique
2022,neurčeno,STAN,unknown,"replacement for Procházka David (STAN), votes.py"
