track,label,peak,own,focal,days,first_listed,still_charting,kept
7CyPwkp0oE8Ro9Dd5CUDjW,The Weeknd - One Of The Girls,2,False,False,1089,2023-08-31,True,True
1BxfuPKGuaTgP7aM0Bbdwr,Taylor Swift - Cruel Summer,2,True,True,1026,2023-08-31,False,True
6RUKPb4LETWmmr3iAEQktW,The Chainsmokers - Something Just Like This,2,False,False,2113,2017-02-23,False,True
3GCdLUSnKSMJhs4Tj6CV3s,Kendrick Lamar - All The Stars,2,False,False,1209,2018-01-11,True,True
3PfIrDoz19wz7qK7tYeu62,Dua Lipa - Don't Start Now,2,False,False,1152,2019-11-07,False,True
6JIC3hbC28JZKZ8AlAqX8h,Elton John - Cold Heart - PNAU Remix,2,False,False,1009,2021-08-19,False,True
285pBltuF7vW8TeWk8hdRR,Juice WRLD - Lucid Dreams,2,False,False,1426,2018-05-10,False,True
19XpFsce28aByvCC4g89tJ,Hozier - Too Sweet,2,False,False,673,2024-03-28,False,True
6XjDF6nds4DE2BBbagZol6,FloyyMenor - Gata Only,2,False,False,636,2024-02-08,False,True
5QO79kh1waicV47BqGRL3g,The Weeknd - Save Your Tears,2,False,False,1199,2020-03-26,False,True
2lTm559tuIvatlT1u0JYG2,Bad Bunny - BAILE INoLVIDABLE,2,False,False,634,2025-02-06,True,True
2VxeLyX666F8uXCJ0dZF8B,Lady Gaga - Shallow,2,False,False,1266,2018-10-04,False,True
0FIDCNYYjNvPVimz5icugS,The Weeknd - Timeless,2,False,False,726,2024-10-03,True,True
5Z9KJZvQzH6PFmb8SNkxuk,Lil Nas X - INDUSTRY BABY,2,False,False,564,2021-07-29,False,True
4pdPtRcBmOSQDlJ3Fk945m,DJ Snake - Let Me Love You,2,False,False,1002,2016-08-11,True,False
6Sq7ltF9Qa7SNFBsV5Cogx,Bad Bunny - Me Porto Bonito,2,False,False,583,2022-05-12,False,True
5TFD2bmFKGhoCRbX61nXY5,Bad Bunny - NUEVAYoL,2,False,False,634,2025-08-28,True,True
7m9OqQk4RVRkw9JJdeAw96,XXXTENTACION - Jocelyn Flores,2,False,False,1481,2017-08-31,False,True
2CGNAOSuO1MEFCbBRgUzjd,Kendrick Lamar - luther,2,False,False,501,2025-02-27,False,True
1qbmS6ep2hbBRaEZFpn7BX,Olivia Dean - Man I Need,2,False,False,407,2025-08-28,True,True
3vkCueOmm7xQDoJ17W1Pm3,Mitski - My Love Mine All Mine,2,False,False,560,2023-12-28,False,True
2xLMifQCjDGFmkHkpNLD9h,Travis Scott - SICKO MODE,2,False,False,1037,2018-08-09,False,True
24Yi9hE78yPEbZ4kxyoXAI,SAINt JHN - Roses - Imanbek Remix,2,False,False,680,2019-10-10,False,True
2b8fOow8UzyDFAE27YhOZM,Maroon 5 - Memories,2,False,False,889,2019-09-26,False,True
2EjXfH91m7f8HiJN1yQg97,Brenda Lee - Rockin' Around The Christmas Tree,2,False,False,420,2014-12-07,False,False
3DarAbFujv6eYNliUTyqtz,Doja Cat - Kiss Me More,2,False,False,551,2021-04-15,False,True
2dpaYNEQHiRxtZbfNsse99,Marshmello - Happier,2,False,False,823,2018-08-23,False,True
5G2f63n7IPVPPjfNIGih7Q,Sabrina Carpenter - Taste,2,False,False,425,2024-10-31,False,True
3k3NWokhRRkEPhCzPmV8TW,Bad Bunny - Ojitos Lindos,2,False,False,500,2022-05-12,False,True
2ekn2ttSfGqwhhate0LSR0,Dua Lipa - New Rules,2,False,False,711,2017-06-08,False,True
6wf7Yu7cxBSPrRlWeSeK0Q,"Billie Eilish - What Was I Made For? [From The Motion Picture ""Barbie""]",2,False,False,502,2023-07-20,False,True
7fa9MBXhVfQ8P8Df9OEbD8,Maroon 5 - Girls Like You,2,False,False,710,2018-06-07,False,True
0JP9xo3adEtGSdUEISiszL,XXXTENTACION - Moonlight,2,False,False,940,2018-08-30,False,True
696DnlkuDOXcMAnKlTgXXK,Arizona Zervas - ROXANNE,2,False,False,495,2019-10-31,False,True
6u7jPi22kF8CTQ3rb9DHE7,Lil Nas X - Old Town Road - Remix,2,False,False,471,2019-04-11,False,True
58q2HKrzhC3ozto2nDdN4z,Cardi B - I Like It,2,False,False,535,2018-04-12,False,True
3rdAz1fbUfZxYgaCviYhRo,Rauw Alejandro - Todo De Ti,2,False,False,431,2021-05-27,False,True
2UW7JaomAMuX9pZrjVpHAU,Yng Lvcas - La Bebe - Remix,2,False,False,312,2023-03-23,False,True
7vfWgVGiLgnGbInU5lvSQg,Mike Posner - I Took A Pill In Ibiza - Seeb Remix,2,False,False,698,2015-08-13,False,False
7hxHWCCAIIxFLCzvDgnQHX,Internet Money - Lemonade,2,False,False,459,2020-08-20,False,True
3yWuTOYDztXjZxdE2cIRUa,Taylor Swift - Opalite,2,True,False,293,2025-10-09,True,True
1dGr1c8CrMLDpV6mPbImSI,Taylor Swift - Lover,2,True,False,518,2019-08-22,False,True
1yoMvmasuxZfqHEipJhRbp,Maluma - Hawái,2,False,False,421,2020-08-06,False,True
3VT8hOC5vuDXBsHrR53WFh,Masked Wolf - Astronaut In The Ocean,2,False,False,387,2020-12-03,False,True
2bgTY4UwhfBYhGT4HUYStN,BTS - Butter,2,False,False,428,2021-05-27,False,True
22vgEDb5hykfaTwLuskFGD,Jonas Brothers - Sucker,2,False,False,494,2019-03-07,False,True
0azC730Exh71aQlOt9Zj3y,Calvin Harris - This Is What You Came For,2,False,False,464,2016-05-05,False,False
3DXncPQOG4VBw3QHh3S817,DJ Khaled - I'm the One,2,False,False,354,2017-05-04,False,True
2ksOAxtIxY8yElEWw8RhgK,Anuel AA - China,2,False,False,373,2019-07-25,False,True
4tCtwWceOPWzenK2HAIJSb,Fifth Harmony - Work from Home,2,False,False,518,2016-03-03,False,False
5kqIPrATaCc2LqxVWzQGbk,Lukas Graham - 7 Years,2,False,False,602,2015-06-18,False,False
5SxkdsY1ufZzoq9iXceLw9,Ariana Grande - no tears left to cry,2,False,False,430,2018-04-26,False,True
4xhsWYTOGcal8zt0J161CU,Jack Harlow - Lovin On Me,2,False,False,223,2023-11-16,False,True
3NdDpSvN911VPGivFlV5d0,ZAYN - I Don’t Wanna Live Forever (Fifty Shades Darker),2,False,False,470,2016-12-22,False,False
1qEmFfgcLObUfQm0j1W2CK,Harry Styles - Late Night Talking,2,False,False,347,2022-05-26,False,True
3eR23VReFzcdmS7TYCrhCe,Kygo - It Ain't Me,2,False,False,380,2017-02-23,False,True
6vBdBCoOhKHiYDDOcorfNo,Post Malone - Goodbyes (Feat. Young Thug),2,False,False,329,2019-07-11,False,True
4SSnFejRGlZikf02HLewEF,Billie Eilish - bury a friend,2,False,False,401,2019-01-31,False,True
7hDc8b7IXETo14hHIHdnhd,Drake - Passionfruit,2,False,False,463,2017-04-20,False,True
2LHNTC9QZxsL3nWpt8iaSR,Lady Gaga - Abracadabra,2,False,False,230,2025-02-06,False,True
0afhq8XCExXpqazXczTSve,Ed Sheeran - Galway Girl,2,False,False,408,2017-03-09,False,True
4OMJGnvZfDvsePyCwRGO7X,Dua Lipa - Houdini,2,False,False,252,2023-11-16,False,True
15vzANxN8G9wWfwAJLLMCg,The Chainsmokers - Paris,2,False,False,348,2017-01-19,False,True
6Im9k8u9iIzKMrmV7BWtlF,Ariana Grande - 34+35,2,False,False,314,2020-11-05,False,True
6PCUP3dWmTjcTtXY02oFdT,Ed Sheeran - Castle on the Hill,2,False,False,389,2017-01-12,False,True
2XIc1pqjXV3Cr2BQUGNBck,Bad Bunny - LA NOCHE DE ANOCHE,2,False,False,283,2020-12-03,False,True
7IHOIqZUUInxjVkko181PB,Sam Smith - Stay With Me,2,False,False,901,2014-05-11,False,False
2SAqBLGA283SUiwJ3xOUVI,Drake - Laugh Now Cry Later,2,False,False,308,2020-08-20,False,True
2JvzF1RMd7lE3KmFlsyZD8,J. Cole - MIDDLE CHILD,2,False,False,382,2019-01-24,False,True
1OAh8uOEOvTDqkKFsKksCi,DJ Khaled - Wild Thoughts,2,False,False,284,2017-06-22,False,True
6tDDoYIxWvMLTdKpjFkc1B,Kali Uchis - telepatía,2,False,False,287,2021-02-11,False,True
53CJANUxooaqGOtdsBTh7O,Lil Nas X - Old Town Road,2,False,False,258,2019-03-07,False,True
7vrJn5hDSXRmdXoR30KgF1,KAROL G - BICHOTA,2,False,False,231,2020-10-29,False,True
2Y0wPrPQBrGhoLn14xRYCG,Juice WRLD - Come & Go,2,False,False,325,2020-07-16,False,True
4VrWlk8IQxevMvERoX08iC,Sia - Chandelier,2,False,False,791,2014-04-06,False,False
5jQI2r1RdgtuT8S3iG8zFC,Taylor Swift - Lavender Haze,2,True,False,238,2022-10-27,False,True
1CDQzbCz4KSQxHe7LMEgRM,Eminem - Houdini,2,False,False,146,2024-06-06,False,True
4kV4N9D1iKVxx1KLvtTpjS,"Ariana Grande - break up with your girlfriend, i'm bored",2,False,False,237,2019-02-14,False,True
16wAOAZ2OkqoIDN7TpChjR,Justin Bieber - Yummy,2,False,False,202,2020-01-09,False,True
54bFM56PmE4YLRnqpW6Tha,Billie Eilish - Therefore I Am,2,False,False,235,2020-11-19,False,True
7y2YUIyCuVhBidENVT0068,Ellie Goulding - Love Me Like You Do,2,False,False,525,2015-01-11,False,False
2E124GmJRnBJuXbTb4cPUB,6ix9ine - FEFE,2,False,False,212,2018-07-26,False,True
4fTHdMTq0Znl3djLI1Typn,OMI - Cheerleader (Felix Jaehn Remix),2,False,False,312,2014-10-19,False,False
3LPLRNr58Z9Pn0clnEtkXb,Doechii - Anxiety,2,False,False,132,2025-03-13,False,True
5OCJzvD7sykQEKHH7qAC3C,Ariana Grande - God is a woman,2,False,False,228,2018-07-19,False,True
4SFknyjLcyTLJFPKD2m96o,BLACKPINK - How You Like That,2,False,False,257,2020-07-02,False,True
5UEnHoDYpsxlfzWLZIc7LD,Eminem - River,2,False,False,196,2017-12-21,False,True
1nahzW3kfMuwReTka28tH5,Justin Bieber - Hold On,2,False,False,215,2021-03-11,False,True
2rKkfc4VZ74FQDc1FF1Zo6,BTS - Body to Body,2,False,False,141,2026-03-26,False,True
3Fj47GNK2kUF0uaEDgXLaD,Billie Eilish - wish you were gay,2,False,False,264,2019-03-07,False,True
7nZmah2llfvLDiUjm0kiyz,Justin Bieber - Friends,2,False,False,212,2017-08-17,False,True
5eXBXreN3d1zdj6Sa8dS0u,BTS - Permission to Dance,2,False,False,184,2021-07-15,False,True
4jvjzW7Hm0yK4LvvE0Paz9,Lil Peep - Falling Down - Bonus Track,2,False,False,181,2018-09-20,False,True
57vxBYXtHMk6H1aD29V7PU,The Weeknd - Heartless,2,False,False,202,2019-11-28,False,True
65OVbaJR5O1RmwOQx0875b,Drake - Wants and Needs,2,False,False,215,2021-03-11,False,True
4OafepJy2teCjYJbvFE60J,Ariana Grande - breathin,2,False,False,190,2018-08-23,False,True
3Kkjo3cT83cw09VJyrLNwX,Adele - Oh My God,2,False,False,172,2021-11-25,False,True
5WvAo7DNuPRmk4APhdPzi8,DJ Khaled - No Brainer,2,False,False,133,2018-08-02,False,True
2F3N9tdombb64aW6VtZOdo,Taylor Swift - Down Bad,2,True,False,88,2024-04-25,False,True
1jgTiNob5cVyXeJ3WgX5bL,Taylor Swift - Elizabeth Taylor,2,True,False,64,2025-10-09,False,True
4NhDYoQTYCdWHTvlbGVgwo,6ix9ine - GOOBA,2,False,False,138,2020-05-14,False,True
7cvxrDu7VIhVSOFRNgPegv,Ariana Grande - Break Free,2,False,False,379,2014-07-13,False,False
77DRzu7ERs0TX3roZcre7Q,Kendrick Lamar - euphoria,2,False,False,82,2024-05-02,False,True
7aqfrAY2p9BUSiupwk3svU,Drake - First Person Shooter,2,False,False,121,2023-10-12,False,True
3NLnwwAQbbFKcEcV8hDItk,One Direction - Perfect,2,False,False,217,2015-10-22,False,False
7wBJfHzpfI3032CSD7CE2m,Travis Scott - STARGAZING,2,False,False,164,2018-08-09,False,True
67nepsnrcZkowTxMWigSbb,Travis Scott - MELTDOWN,2,False,False,88,2023-08-03,False,True
1RDvyOk4WtPCtoqciJwVn8,Jung Kook - Dreamers [Music from the FIFA World Cup Qatar 2022 Official Soundtrack],2,False,False,87,2022-11-24,False,True
6U9VpmP3dEinuezxCJ2Zg9,ADÉLA - Ain't In LA,2,False,False,64,2026-07-30,True,True
5L3ecxQnQ9qTBmnLQiwf0C,Travis Scott - K-POP,2,False,False,56,2023-07-27,False,True
5KD6AEm19QnMbfWpfoOHMl,Taylor Swift - Now That We Don't Talk (Taylor's Version) (From The Vault),2,True,False,63,2023-11-02,False,True
71BqAINEnezjQfxE4VuJfq,"Taylor Swift - ""Slut!"" (Taylor's Version) (From The Vault)",2,True,False,69,2023-11-02,False,True
3NMrVbIVWT3fPXBj0rNDKG,Taylor Swift - The Tortured Poets Department,2,True,False,42,2024-04-25,False,True
6YvqWjhGD8mB5QXcbcUKtx,Taylor Swift - Love Story (Taylor’s Version),2,True,False,108,2021-02-18,False,True
3NkJNL3WqO1Lqc3uNDxvCN,Ariana Grande - Don’t Call Me Angel (Charlie’s Angels),2,False,False,77,2019-09-19,False,True
3fpVWegR6YOS1Yk5HSMYIq,Post Malone - Paranoid,2,False,False,90,2018-05-03,False,True
2gpQi3hbcUAcEG8m2dlgfB,Paulo Londra - Plan A,2,False,False,63,2022-03-24,False,True
2MuMD298IpYqKF367wegUd,Logic - Homicide,2,False,False,83,2019-05-09,False,True
1IWNylpZ477gIVUDpJL66u,Lady Gaga - Sour Candy,2,False,False,67,2020-05-28,False,True
7yotKA30dwTKNEGomV9ZsI,J. Cole - KOD,2,False,False,67,2018-04-26,False,True
0u8rZGtXJrLtiSe34FPjGG,Jimin - Like Crazy (English Version),2,False,False,47,2023-03-30,False,True
70cHKK8bHAfJrOGVnfRG9J,ADÉLA - Nicole Kidman,2,False,False,27,2026-09-04,True,True
0Jlcvv8IykzHaSmj49uNW8,Taylor Swift - the 1,2,True,False,48,2020-07-30,False,True
2HSmyk2qMN8WQjuGhaQgCk,Drake - Champagne Poetry,2,False,False,36,2021-09-09,False,True
46s57QULU02Voy0Kup6UEb,Drake - Major Distribution,2,False,False,27,2022-11-10,False,True
1D3z6HTiQsNmZxjl7F7eoG,J. Cole - m y . l i f e,2,False,False,42,2021-05-20,False,True
2uky0VCI2EZni0nArOPznM,"Bizarrap - Paulo Londra: Bzrp Music Sessions, Vol. 23",2,False,False,35,2022-04-28,False,True
42ZrMq4BKsWDrrbMnMRYaK,Kanye West - Jail,2,False,False,20,2021-09-02,False,True
79uDOz0zuuWS7HWxzMmTa2,Taylor Swift - Back To December (Taylor's Version),2,True,False,21,2023-07-13,False,True
0i4qKfuKJ3juUsEwnJAxk3,"Harry Styles - Ready, Steady, Go!",2,False,False,17,2026-03-12,False,True
71SEHJPt1iDwGkBhUOAXDP,Drake - Survival,2,False,False,22,2018-07-03,False,True
4eE16RJFDKf2WxBTqqfylu,Drake - Dust,2,False,False,14,2026-05-21,False,True
5BQrp63SHCVf4bzCzJePne,Lil Wayne - Don't Cry,2,False,False,27,2018-10-04,False,True
05zd5Nv0e02ZqrlC8A2cwx,Kendrick Lamar - United In Grief,2,False,False,17,2022-05-19,False,True
23d8v6tU6lR77pFKsApMtF,Bad Bunny - NADIE SABE,2,False,False,13,2023-10-19,False,True
3VdooJLOy4tLxKpnn46SMP,Playboi Carti - CRUSH,2,False,False,12,2025-03-14,False,True
3KyKxJ4P3pVCgaZwaq2rUC,The Weeknd - Gasoline,2,False,False,18,2022-01-07,False,True
4w3tQBXhn5345eUXDGBWZG,Dolly Parton - 9 to 5,2,False,False,14,2019-01-03,False,True
7uxkx8HPBYkJKcimOyggUM,Taylor Swift - Cleveland!,2,True,False,6,2026-09-25,True,True
6b5P51m8xx2XA6U7sdNZ5E,The Weeknd - Alone Again,2,False,False,14,2020-03-20,False,True
4sLvxpKLvagQ4lZHUpymza,"Tyler, The Creator - Big Poe",2,False,False,8,2025-07-21,False,True
