call,call_year,kind,app_id,title,applicant,points,points_from_cutoff,funded,award,linked,linked_sens,cz_admissions
2016-2-1-2,2016,fiction,1117/2016,Po strništi bos,Biograf Jan Svěrák s.r.o.,93.1429,9.0715,True,7000000.0,True,True,549707.0
2016-2-1-2,2016,fiction,1132/2016,Krajina ve stínu,LUMINAR Film s.r.o.,90.0,5.928600000000003,True,10000000.0,True,True,21656.0
2016-2-1-2,2016,fiction,1119/2016,Švejk,"INFINITY PRAGUE Ltd, a.s.",89.4286,5.357200000000006,True,17000000.0,False,False,0.0
2016-2-1-2,2016,fiction,1128/2016,Zahradnictví/Dezertér,Fog´n´Desire Films s.r.o.,87.1429,3.0715000000000003,True,6000000.0,True,True,68668.0
2016-2-1-2,2016,fiction,1121/2016,Kvarteto,Evolution Films s.r.o.,85.7143,1.6428999999999974,True,5000000.0,True,True,46155.0
2016-2-1-2,2016,fiction,1114/2016,Nabarvené ptáče,Silver Screen s.r.o.,84.5714,0.5,True,15000000.0,True,True,105798.0
2016-2-1-2,2016,fiction,1145/2016,Il Boemo,Mimesis Film s.r.o.,83.5714,-0.5,False,0.0,True,True,98420.0
2016-2-1-2,2016,fiction,1122/2016,Čertí brko,"Punk Film, s.r.o.",79.4286,-4.642799999999994,False,0.0,True,True,383269.0
2016-2-1-2,2016,fiction,1135/2016,Posel,NEGATIV s.r.o.,79.2857,-4.785699999999991,False,0.0,False,False,0.0
2016-2-1-2,2016,fiction,1151/2016,Cesta slepých ptáků,BIO ILLUSION s.r.o./ Miloslav Šmídmajer,78.7143,-5.357100000000003,False,0.0,False,False,0.0
2016-2-1-2,2016,fiction,1139/2016,Staříci,endorfilm s.r.o.,78.1429,-5.9285,False,0.0,True,True,21475.0
2016-2-1-2,2016,fiction,1136/2016,Zátopek,Lucky Man Films s.r.o.,77.7143,-6.357100000000003,False,0.0,True,True,483802.0
2016-2-1-2,2016,fiction,1133/2016,Lesní vrah,Vernes s.r.o.,76.8571,-7.214299999999994,False,0.0,False,False,0.0
2016-2-1-2,2016,fiction,1149/2016,MARS,"Nyasa Films International, z.ú.",76.2857,-7.785699999999991,False,0.0,True,True,1561.0
2016-2-1-2,2016,fiction,1150/2016,Navěky tvůj,BIO ILLUSION s.r.o./ Miloslav Šmídmajer,73.7143,-10.357100000000003,False,0.0,False,False,0.0
2016-2-1-2,2016,fiction,1129/2016,Na střeše,DAWSON films s.r.o.,72.7143,-11.357100000000003,False,0.0,True,True,42952.0
2016-2-1-2,2016,fiction,1153/2016,Za Sny,Film United s.r.o.,71.0,-13.071399999999997,False,0.0,False,False,0.0
2016-2-1-2,2016,fiction,1127/2016,Tichý společník,CZECH FILM s.r.o.,70.7143,-13.357100000000003,False,0.0,True,True,3518.0
2016-2-1-2,2016,fiction,1118/2016,Pražské orgie,CINEART TV Prague s.r.o.,69.5714,-14.5,False,0.0,True,True,14133.0
2016-2-1-2,2016,fiction,1120/2016,TÁTOVA VOLHA,"INFINITY PRAGUE Ltd, a.s.",67.0,-17.071399999999997,False,0.0,True,True,350668.0
2016-2-1-2,2016,fiction,1126/2016,Instalatér z Tuchlovic,VorelFilm s.r.o.,66.7143,-17.357100000000003,False,0.0,True,True,104912.0
2016-2-1-2,2016,fiction,1123/2016,Absence blízkosti,"Cinema Belongs To Us, s.r.o.",62.2857,-21.7857,False,0.0,True,True,1476.0
2016-2-1-2,2016,fiction,1142/2016,Milada,"LOADED VISION Entertainment, s.r.o.",61.1429,-22.9285,False,0.0,True,True,130976.0
2016-2-1-2,2016,fiction,1152/2016,Poslední Czech Tek,"HECA Pharma Cz, spol. s.r.o.",60.5714,-23.5,False,0.0,False,False,0.0
2016-2-1-2,2016,fiction,1137/2016,Legendary,EasyFun Film s.r.o.,41.4286,-42.642799999999994,False,0.0,False,False,0.0
2016-2-10-34,2016,minority co-production,1648-2017,Ostrým nožom,nutprodukce s.r.o.,90.6,18.900000000000006,True,1800000.0,True,True,1890.0
2016-2-10-34,2016,minority co-production,1630-2017,Pro tohle ses narodil?,endorfilm s.r.o.,87.2,15.500000000000014,True,4000000.0,False,False,0.0
2016-2-10-34,2016,minority co-production,1643-2017,Milost,Mimesis Film s.r.o.,84.19999999999999,12.5,True,5000000.0,True,True,
2016-2-10-34,2016,minority co-production,1631-2017,Okupace 1968,HYPERMARKET FILM s.r.o.,83.2,11.500000000000014,True,1500000.0,True,True,
2016-2-10-34,2016,minority co-production,1652-2017,Fašiangy,i/o post s.r.o.,80.6,8.900000000000006,True,4000000.0,False,False,0.0
2016-2-10-34,2016,minority co-production,1627-2017,Efekt Vašulka,Produkce Radim Procházka s.r.o.,80.2,8.500000000000014,True,1400000.0,False,False,0.0
2016-2-10-34,2016,minority co-production,1607-2017,Somewhere-Ceva,MAUR film s.r.o.,79.8,8.100000000000009,True,400000.0,False,False,0.0
2016-2-10-34,2016,minority co-production,1626-2017,Panna nebo orel,Xova Film s.r.o.,78.99999999999999,7.299999999999997,True,800000.0,False,False,0.0
2016-2-10-34,2016,minority co-production,1639-2017,Nomád ve městě,CINEPOINT s.r.o.,76.19999999999999,4.5,True,1000000.0,False,False,0.0
2016-2-10-34,2016,minority co-production,1635-2017,Tlumočník,IN Film Praha s.r.o.,75.8,4.1000000000000085,True,4000000.0,True,True,12235.0
2016-2-10-34,2016,minority co-production,1642-2017,BILLE,"MasterFilm, s.r.o.",74.4,2.700000000000017,True,2500000.0,False,False,0.0
2016-2-10-34,2016,minority co-production,1636-2017,FUGA,AXMAN PRODUCTION s.r.o.,73.39999999999999,1.7000000000000028,True,2600000.0,True,True,473.0
2016-2-10-34,2016,minority co-production,1629-2017,Lůza,"Fog ´n ´Desire, s.r.o.",70.0,-1.6999999999999886,False,0.0,False,False,0.0
2016-2-10-34,2016,minority co-production,1615-2017,Berliner,8Heads Productions s.r.o.,68.8,-2.8999999999999915,False,0.0,False,False,0.0
2016-2-10-34,2016,minority co-production,1649-2017,Léto s Bernardem,"MasterFilm, s.r.o.",68.4,-3.299999999999983,False,0.0,False,False,0.0
2016-2-10-34,2016,minority co-production,1628-2017,Kapela,KABOS Film and Media s.r.o.,67.4,-4.299999999999983,False,0.0,True,True,584.0
2016-2-10-34,2016,minority co-production,1617-2017,MOC,Negativ s.r.o.,67.2,-4.499999999999986,False,0.0,False,False,0.0
2016-2-10-34,2016,minority co-production,1657-2017,Dlouhý den,školfilm s.r.o.,65.8,-5.8999999999999915,False,0.0,False,False,0.0
2016-2-10-34,2016,minority co-production,1611-2017,Amerika,CINEART TV PRAGUE s.r.o.,65.19999999999999,-6.5,False,0.0,True,True,2214.0
2016-2-10-34,2016,minority co-production,1632-2017,Na okraji měsíce,"Evolution Films, s.r.o.",64.6,-7.099999999999994,False,0.0,False,False,0.0
2016-2-10-34,2016,minority co-production,1651-2017,Čaroděj Kajtek,first.FRAME s.r.o.,63.4,-8.29999999999999,False,0.0,False,False,0.0
2016-2-10-34,2016,minority co-production,1623-2017,Hadí kouzlo,Sirena film s.r.o.,62.79999999999999,-8.899999999999999,False,0.0,False,False,0.0
2016-2-10-34,2016,minority co-production,1620-2017,Obléhání města,D1film s.r.o.,62.0,-9.699999999999989,False,0.0,True,True,0.0
2016-2-10-34,2016,minority co-production,1621-2017,Černé slunce/Black sun,8Heads Productions s.r.o.,61.2,-10.499999999999986,False,0.0,False,False,0.0
2016-2-10-34,2016,minority co-production,1656-2017,BACKSTAGE,BONTONFILM a.s.,60.0,-11.699999999999989,False,0.0,True,True,40323.0
2016-2-10-34,2016,minority co-production,1633-2017,Mistr (Mesteren),Tomáš Doruška Film s.r.o.,59.20000000000001,-12.499999999999979,False,0.0,False,False,0.0
2016-2-10-34,2016,minority co-production,1618-2017,"On, ona a dům","Bohemia Motion Pictures, a.s.",58.6,-13.099999999999987,False,0.0,False,False,0.0
2016-2-10-34,2016,minority co-production,1624-2017,Jak nejlíp můžem,Film&Roll s.r.o.,58.400000000000006,-13.299999999999983,False,0.0,False,False,0.0
2016-2-10-34,2016,minority co-production,1646-2017,Jan Žižka,WOG FILM s.r.o.,58.0,-13.699999999999989,False,0.0,True,True,357655.0
2016-2-10-34,2016,minority co-production,1655-2017,Co o mně nevíš,AXMAN PRODUCTION s.r.o.,0.0,-71.69999999999999,False,0.0,False,False,0.0
2016-2-4-15,2016,documentary,1375/2016,Nina,endorfilm s.r.o.,85.0,14.416650000000004,True,4500000.0,True,True,1029.0
2016-2-4-15,2016,documentary,1384/2016,Chybějící hvězda,MAUR film s.r.o.,84.8333,14.249949999999998,True,1200000.0,False,False,0.0
2016-2-4-15,2016,documentary,1346/2016,Pivnica,8Heads Production,81.5,10.916650000000004,True,2700000.0,True,True,78.0
2016-2-4-15,2016,documentary,1373/2016,Malá Moskva,školfilm s.r.o.,79.8333,9.249949999999998,True,980000.0,False,False,0.0
2016-2-4-15,2016,documentary,1380/2016,Touch me not/Ne dotýkej se mě,Pink Productions s.r.o.,77.8333,7.249949999999998,True,3860000.0,True,True,574.0
2016-2-4-15,2016,documentary,1371/2016,Překročit hranice,Produkce Radim Procházka s.r.o.,76.6667,6.08335000000001,True,1700000.0,False,False,0.0
2016-2-4-15,2016,documentary,1374/2016,Můj děda spadl z Marsu,MasterFilm,76.1667,5.58335000000001,True,2740000.0,False,False,0.0
2016-2-4-15,2016,documentary,1376/2016,"Auta, kterými jsme přijeli do kapitalismu",endorfilm s.r.o.,74.6667,4.08335000000001,True,770000.0,True,True,0.0
2016-2-4-15,2016,documentary,1388/2016,FUGA,Film Distribution ARTCAM s.r.o.,71.6667,1.08335000000001,True,1500000.0,True,True,473.0
2016-2-4-15,2016,documentary,1344/2016,"On, ona a dům","Bohemian Motion Pictures, a.s.",69.5,-1.0833499999999958,False,0.0,False,False,0.0
2016-2-4-15,2016,documentary,1370/2016,Ostrým nožem,nutprodukce s.r.o.,66.5,-4.083349999999996,False,0.0,True,True,1890.0
2016-2-4-15,2016,documentary,1379/2016,Teď lžu,Background Films s.r.o.,64.5,-6.083349999999996,False,0.0,False,False,0.0
2016-2-4-15,2016,documentary,1368/2016,Year of the Plague (Invaze sezóny),Fog'n'Desire Films s.r.o.,64.5,-6.083349999999996,False,0.0,False,False,0.0
2016-2-4-15,2016,documentary,1383/2016,Find friends,K Film plus s.r.o.,60.3333,-10.250049999999995,False,0.0,False,False,0.0
2016-2-4-15,2016,documentary,1367/2016,Angelo,"Dawson Films, s.r.o.",59.5,-11.083349999999996,False,0.0,False,False,0.0
2016-2-4-15,2016,documentary,1365/2016,Čiara,Movie s.r.o.,53.0,-17.583349999999996,False,0.0,True,True,
2016-2-6-19,2016,fiction,1400-2016,Taran,MasterFilm s.r.o.,84.66679999999998,23.250149999999977,True,350000.0,False,False,0.0
2016-2-6-19,2016,fiction,1406-2016,MICU,Background Films s.r.o.,82.3334,20.916749999999993,True,400000.0,False,False,0.0
2016-2-6-19,2016,fiction,1403-2016,"Morava, krásná zem III.","Xova Film, s.r.o.",73.16659999999999,11.749949999999984,True,590000.0,True,True,1658.0
2016-2-6-19,2016,fiction,1404-2016,Český nepojmenovaný film,Bc. Michal Kráčmer,66.83330000000001,5.416650000000004,True,660000.0,False,False,0.0
2016-2-6-19,2016,fiction,1410-2016,Tábor,Bratři s.r.o.,56.0,-5.416650000000004,False,0.0,False,False,0.0
2016-2-7-20,2016,fiction,1393-2016,Chvilky,Fog´n´Desire Films s.r.o.,87.3333,23.91655,True,4000000.0,True,True,5509.0
2016-2-7-20,2016,fiction,1397-2016,Sněží!,Frame films s.r.o.,68.66669999999999,5.249949999999998,True,2500000.0,True,True,2897.0
2016-2-7-20,2016,fiction,1396-2016,Promlčeno,Flamesite s.r.o.,58.166799999999995,-5.249949999999998,False,0.0,True,True,25114.0
2016-2-7-20,2016,fiction,1401-2016,Do větru,CARTEL productions s.r.o.,55.3333,-8.083449999999992,False,0.0,True,True,2679.0
2016-2-7-20,2016,fiction,1408-2016,Modus Operandi,Buremare z.s.,55.1667,-8.250049999999995,False,0.0,False,False,0.0
2016-2-8-24,2016,fiction,1442-2016,Zahradnictví- Nápadník,Fog´n´Desire Films s.r.o.,85.2857,5.928600000000003,True,7500000.0,True,True,67604.0
2016-2-8-24,2016,fiction,1449-2016,Sešlost,"MasterFilm, s.r.o.",84.4286,5.0715,True,6500000.0,False,False,0.0
2016-2-8-24,2016,fiction,1432-2016,Žáby bez jazyka,CINEART TV Prague s.r.o.,83.7143,4.357199999999992,True,7500000.0,True,True,
2016-2-8-24,2016,fiction,1455-2016,Šarlatán,"Marlene Film Production, s.r.o.",71.85719999999999,-7.499900000000011,False,0.0,True,True,
2016-2-8-24,2016,fiction,1453-2016,Zajatci,UP&UP Production s.r.o.,71.0,-8.357100000000003,False,0.0,False,False,0.0
2016-2-8-24,2016,fiction,1435-2016,Pražské orgie,Prague Movie Company s.r.o.,68.14280000000001,-11.214299999999994,False,0.0,True,True,14133.0
2016-2-8-24,2016,fiction,1447-2016,Opravdoví bratři,Take One Take s.r.o.,64.4285,-14.928600000000003,False,0.0,False,False,0.0
2016-2-8-24,2016,fiction,1437-2016,Prometheův štít,freeSaM s.r.o.,55.9999,-23.357200000000006,False,0.0,False,False,0.0
2016-2-8-24,2016,fiction,1439-2016,LIPS TULLIAN,Film&Roll s.r.o.,55.4285,-23.928600000000003,False,0.0,False,False,0.0
2016-2-8-24,2016,fiction,1456-2016,Konečná Strašnice,"K Film plus, s.r.o.",45.7142,-33.642900000000004,False,0.0,False,False,0.0
2016-2-8-24,2016,fiction,1441-2016,U dobré naděje,Martina Sejková,44.0,-35.3571,False,0.0,False,False,0.0
2017-2-1-2,2017,fiction,1709-2017,Hodinářův učeň,Evolution Films s.r.o.,82.1667,5.3333999999999975,True,11500000.0,True,True,103664.0
2017-2-1-2,2017,fiction,1694-2017,Modelář,"0,7km films s.r.o.",81.66669999999999,4.833399999999983,True,7000000.0,True,True,45701.0
2017-2-1-2,2017,fiction,1677-2017,Odborný dohled nad výkladem snu,CZECH FILM s.r.o.,79.3334,2.500099999999989,True,1500000.0,True,True,1358.0
2017-2-1-2,2017,fiction,1696-2017,Opravdoví bratři,"Daniel Severa Production, s.r.o.",78.6666,1.8332999999999942,True,15000000.0,False,True,0.0
2017-2-1-2,2017,fiction,1684-2017,"Dlouhý, Široký a Bystrozraký",LUXOR spol.s.r.o.,75.0,-1.8333000000000084,False,0.0,False,False,0.0
2017-2-1-2,2017,fiction,1683-2017,Jan Palach,CINEART TV Prague s.r.o.,74.5,-2.3333000000000084,False,0.0,True,True,101136.0
2017-2-1-2,2017,fiction,1698-2017,MISS HANOI,"SCREENPLAY BY, s.r.o.",73.0001,-3.833200000000005,False,0.0,True,True,27401.0
2017-2-1-2,2017,fiction,1711-2017,Hovory s TGM,"Bednafilms, s.r.o.",71.83330000000001,-5.0,False,0.0,True,True,34055.0
2017-2-1-2,2017,fiction,1691-2017,Overview,first.FRAME s.r o.,71.3333,-5.500000000000014,False,0.0,False,False,0.0
2017-2-1-2,2017,fiction,1686-2017,Poslední závod,"Punk Film, s.r.o.",67.0001,-9.833200000000005,False,0.0,True,True,147428.0
2017-2-1-2,2017,fiction,1685-2017,Smrt krále Kandaula,První veřejnoprávní s.r.o.,66.6666,-10.166700000000006,False,0.0,False,False,0.0
2017-2-1-2,2017,fiction,1679-2017,Runa smrti,Happy Celuloid s.r.o.,65.8332,-11.000100000000003,False,0.0,False,False,0.0
2017-2-1-2,2017,fiction,1699-2017,Skleněný pokoj,IN Film Praha spol. s.r.o.,63.5,-13.333300000000008,False,0.0,True,True,116928.0
2017-2-1-2,2017,fiction,1676-2017,Čertoviny,Fénix Film s.r.o.,61.666799999999995,-15.166500000000013,False,0.0,True,True,348235.0
2017-2-1-2,2017,fiction,1710-2017,Děti samotářů,DonArt Production s.r.o.,60.6667,-16.16660000000001,False,0.0,False,False,0.0
2017-2-1-2,2017,fiction,1697-2017,Síla Lásky,MIRACLE FILM s.r.o.,59.333200000000005,-17.500100000000003,False,0.0,False,False,0.0
2017-2-1-2,2017,fiction,1701-2017,Bikeři,"Vinná galerie, s.r.o.",53.1667,-23.66660000000001,False,0.0,False,False,0.0
2017-2-2-5,2017,animation,1748-2017,Moje slunce MAAt,NEGATIV s.r.o.,90.83330000000001,20.33325000000002,True,19000000.0,True,True,
2017-2-2-5,2017,animation,1730-2017,Rosa a Dora,Bionaut s.r.o.,84.1667,13.666650000000018,True,7000000.0,False,False,0.0
2017-2-2-5,2017,animation,1747-2017,Slepice,"nutprodukce, s.r.o.",82.8334,12.33335000000001,True,1400000.0,False,False,0.0
2017-2-2-5,2017,animation,1718-2017,Trosečník,CINEART TV Prague s.r.o.,80.1668,9.666750000000008,True,2000000.0,False,False,0.0
2017-2-2-5,2017,animation,1746-2017,Život je všude - Jáma,MAUR film s.r.o.,77.1667,6.666650000000018,True,770000.0,False,False,0.0
2017-2-2-5,2017,animation,1729-2017,Život k sežrání,Barletta s.r.o.,76.6666,6.166550000000015,True,8070000.0,False,False,0.0
2017-2-2-5,2017,animation,1715-2017,Výměna rolí,Alkay Animation Prague s.r.o.,76.33330000000001,5.833250000000021,True,240000.0,False,False,0.0
2017-2-2-5,2017,animation,1761-2017,Konec,Afilm s.r.o.,74.49999999999999,3.9999499999999983,True,570000.0,False,False,0.0
2017-2-2-5,2017,animation,1688-2017,Škoda lásky,Wade the River s.r.o.,74.1666,3.666550000000015,True,200000.0,False,False,0.0
2017-2-2-5,2017,animation,1725-2017,Můj papírový drak,Afilm s.r.o.,73.3333,2.8332500000000067,True,750000.0,False,False,0.0
2017-2-2-5,2017,animation,1720-2017,Zuza v zahradách,MAUR film s.r.o.,67.6668,-2.8332499999999925,False,0.0,False,False,0.0
2017-2-2-5,2017,animation,1745-2017,Koroljevův sen,MasterFilm s.r.o.,65.9999,-4.500149999999991,False,0.0,False,False,0.0
2017-2-2-5,2017,animation,1726-2017,ELEMENTI,animation people s.r.o.,63.1666,-7.333449999999985,False,0.0,False,False,0.0
2017-2-2-5,2017,animation,1742-2017,Zloděj snů,"Evolution films, s.r.o.",62.1667,-8.333349999999989,False,0.0,False,False,0.0
2017-2-2-5,2017,animation,1743-2017,O prasátku Lojzíkovi,IMOS invest s.r.o.,52.6666,-17.833449999999985,False,0.0,False,False,0.0
2017-2-2-5,2017,animation,1744-2017,Příliš hlučná samota,IN Film Praha s.r.o.,50.999900000000004,-19.500149999999984,False,0.0,False,False,0.0
2017-2-3-7,2017,documentary,1766-2017,Jiří Brdečka,Evolution Films s.r.o.,87.6,14.399999999999977,True,800000.0,False,False,0.0
2017-2-3-7,2017,documentary,1787-2017,"Ti, kteří tancují ve tmě",Jana Ševčíková,84.80000000000001,11.599999999999994,True,2000000.0,True,True,
2017-2-3-7,2017,documentary,1779-2017,Vědomí souvislosti,MasterFilm s.r.o.,84.6,11.399999999999977,True,1000000.0,False,False,0.0
2017-2-3-7,2017,documentary,1789-2017,Poslední dnové Evropy v Česku,GPO Platform s.r.o.,82.0,8.799999999999983,True,1250000.0,False,False,0.0
2017-2-3-7,2017,documentary,1782-2017,The sound is innocent,Cinémotif Films s.r.o.,81.8,8.59999999999998,True,1500000.0,True,True,273.0
2017-2-3-7,2017,documentary,1771-2017,Otcové naši,NEGATIV s.r.o.,81.0,7.799999999999983,True,1500000.0,False,False,0.0
2017-2-3-7,2017,documentary,1774-2017,Letní hokej,Cinema Arsenal s.r.o.,80.0,6.799999999999983,True,800000.0,True,True,1077.0
2017-2-3-7,2017,documentary,1777-2017,Psí láska,Evolution Films s.r.o.,79.2,5.999999999999986,True,1300000.0,True,True,1613.0
2017-2-3-7,2017,documentary,1780-2017,Na krev,MasterFilm s.r.o.,79.0,5.799999999999983,True,750000.0,True,True,637.0
2017-2-3-7,2017,documentary,1772-2017,Dobrý život bratra Bendy,endorfilm s.r.o.,76.6,3.3999999999999773,True,600000.0,False,False,0.0
2017-2-3-7,2017,documentary,1769-2017,"Jidřich Štreit: Sudety, má láska",Libuše Rudinská,74.00000000000001,0.7999999999999972,True,500000.0,False,False,0.0
2017-2-3-7,2017,documentary,1768-2017,Pouť Krkonošská,"Film &Sociologie, s.r.o.",72.4,-0.8000000000000114,False,0.0,True,True,419.0
2017-2-3-7,2017,documentary,1770-2017,Jiří Trnka - Nalezený přítel,Hausboot Production s.r.o.,69.8,-3.40000000000002,False,0.0,True,True,2951.0
2017-2-3-7,2017,documentary,1776-2017,Architektura 58-89,Axman Production s.r.o.,69.2,-4.000000000000014,False,0.0,False,False,0.0
2017-2-3-7,2017,documentary,1786-2017,Mobilizace Luboše Dobrovského,K2 s.r.o.,66.2,-7.000000000000014,False,0.0,False,False,0.0
2017-2-3-7,2017,documentary,1781-2017,Don Hrabal,MAUR film s.r.o.,65.8,-7.40000000000002,False,0.0,False,False,0.0
2017-2-3-7,2017,documentary,1790-2017,150 scén ze života disentu,GPO Platform s.r.o.,65.4,-7.800000000000011,False,0.0,False,False,0.0
2017-2-3-7,2017,documentary,1764-2017,Identita Es,CineArt TV Prague s.r.o.,63.4,-9.800000000000018,False,0.0,True,True,1210.0
2017-2-3-7,2017,documentary,1775-2017,Prezident v sázce,Produkce Radim Procházka s.r.o.,56.60000000000001,-16.60000000000001,False,0.0,False,False,0.0
2017-2-3-7,2017,documentary,1792-2017,Vilém z Pernštejna aneb budovatel a vizionář,Urania s.r.o.,50.800000000000004,-22.400000000000013,False,0.0,False,False,0.0
2017-2-3-7,2017,documentary,1763-2017,Okudžava - minus dvacet,Jiří Vodnráček f.o.,43.599999999999994,-29.600000000000023,False,0.0,False,False,0.0
2017-2-6-19,2017,fiction,1995-2017,Krastí,GPO Platform s.r.o.,76.2,11.100000000000009,True,380000.0,False,False,0.0
2017-2-6-19,2017,fiction,1992-2017,500 Plošin,D1 film s.r.o.,73.2,8.100000000000009,True,350000.0,False,False,0.0
2017-2-6-19,2017,fiction,2000-2017,Taurofilie,Analog Vision s.r.o.,70.00000000000001,4.90000000000002,True,500000.0,False,False,0.0
2017-2-6-19,2017,fiction,1987-2017,Linie splněných přání v Horizontu událostí,Lukáš Rittštein,67.0,1.9000000000000057,True,770000.0,False,False,0.0
2017-2-6-19,2017,fiction,2011-2017,Osobní život díry,Silk Films s.r.o.,63.2,-1.8999999999999915,False,0.0,True,True,
2017-2-6-19,2017,fiction,1996-2017,Battlestar Potemkin,Analog Vision s.r.o.,63.0,-2.0999999999999943,False,0.0,False,False,0.0
2017-2-6-19,2017,fiction,2004-2017,Černobílá,Punk Film s.r.o.,62.2,-2.8999999999999915,False,0.0,False,False,0.0
2017-2-6-19,2017,fiction,2013-2017,Central Bus Station,Frame Films s.r.o.,61.400000000000006,-3.6999999999999886,False,0.0,True,True,1028.0
2017-2-6-19,2017,fiction,2003-2017,RCL Film,Girl and Gun s.r.o.,60.4,-4.699999999999996,False,0.0,False,False,0.0
2017-2-6-19,2017,fiction,1994-2017,Homemade Dinamite,Barletta s.r.o.,59.199999999999996,-5.899999999999999,False,0.0,False,False,0.0
2017-2-6-19,2017,fiction,2008-2017,Voříšek Zmizík,GPO Platform s.r.o.,54.800000000000004,-10.29999999999999,False,0.0,False,False,0.0
2017-2-7-20,2017,fiction,1993-2017,Ztraceni v ráji,Cinémotif Films s.r.o.,74.99999999999999,11.999999999999986,True,4000000.0,True,True,1615.0
2017-2-7-20,2017,fiction,2006-2017,Erhart,Xova Film s.r.o.,68.0,5.0,True,4000000.0,True,True,387.0
2017-2-7-20,2017,fiction,1986-2017,Bajkeři,Vinná galerie s.r.o.,58.00000000000001,-4.999999999999993,False,0.0,True,True,197166.0
2017-2-8-22,2017,fiction,2037-2017,Národní třída,Negativ s.r.o.,84.83330000000001,6.583250000000007,True,9000000.0,True,True,119573.0
2017-2-8-22,2017,fiction,2039-2017,Kryštof,Fulfilm s.r.o.,84.16659999999999,5.916549999999987,True,13500000.0,True,True,1104.0
2017-2-8-22,2017,fiction,2043-2017,Bod obnovy,FILM KOLEKTIV s.r.o.,81.9999,3.749849999999995,True,8000000.0,True,True,119490.0
2017-2-8-22,2017,fiction,2041-2017,Prezident Blaník,Negativ s.r.o.,80.3334,2.083349999999996,True,5000000.0,True,True,174392.0
2017-2-8-22,2017,fiction,2026-2017,Benzína Dehtov,OPEN FIELD PICTURES,80.3333,2.0832499999999925,True,10500000.0,True,True,19663.0
2017-2-8-22,2017,fiction,2057-2017,Mars,Nyasa Films Production s.r.o.,78.83330000000001,0.5832500000000067,True,1000000.0,True,True,1561.0
2017-2-8-22,2017,fiction,2034-2017,Chyby,"OFFSIDE MEN, s.r.o.",77.6668,-0.5832500000000067,False,0.0,True,True,14985.0
2017-2-8-22,2017,fiction,2042-2017,Poloviny,i/o post s.r.o.,77.1667,-1.0833499999999958,False,0.0,False,False,0.0
2017-2-8-22,2017,fiction,2031-2017,Cesta domů,Bontonfilm Studios s.r.o.,77.0,-1.2500500000000017,False,0.0,True,True,10810.0
2017-2-8-22,2017,fiction,2055-2017,Panenka,Barletta s.r.o.,75.3334,-2.916650000000004,False,0.0,False,False,0.0
2017-2-8-22,2017,fiction,2032-2017,Úpal,Bionaut s.r.o.,73.49990000000001,-4.750149999999991,False,0.0,False,False,0.0
2017-2-8-22,2017,fiction,2056-2017,Ad acta,moloko film s.r.o.,68.66669999999999,-9.58335000000001,False,0.0,False,False,0.0
2017-2-8-22,2017,fiction,2035-2017,Zlatý podraz,"BUC-FILM, s.r.o.",67.8334,-10.416650000000004,False,0.0,True,True,41576.0
2017-2-8-22,2017,fiction,2054-2017,"Muž, který stál v cestě",BIO ILLUSION s.r.o.,67.6665,-10.583550000000002,False,0.0,True,True,32924.0
2017-2-8-22,2017,fiction,2033-2017,Lidi krve,freeSaM s.r.o.,66.16669999999999,-12.08335000000001,False,0.0,True,True,
2017-2-8-22,2017,fiction,2017-2017,Vlci a tak,Space Films Spol. s.r.o.,64.3334,-13.916650000000004,False,0.0,False,False,0.0
2017-2-8-22,2017,fiction,2059-2017,Záložník,FRESH LOBSTER s.r.o.,62.1667,-16.083350000000003,False,0.0,False,False,0.0
2017-2-8-22,2017,fiction,2019-2017,"Ten, kdo Tě miloval","Movie, s.r.o.",61.0,-17.25005,False,0.0,True,True,87398.0
2017-2-8-22,2017,fiction,2022-2017,Bábovky,Orbis Pictures Film s.r.o.,57.166799999999995,-21.083250000000007,False,0.0,True,True,198776.0
2017-2-8-22,2017,fiction,2040-2017,Jako v ráji,Goodmind s.r.o.,50.3334,-27.916650000000004,False,0.0,False,False,0.0
2017-2-9-31,2017,documentary,2280-2017,Alchymická pec,"Athanor, Společnost pro filmovou tvorbu s.r.o.",89.0,17.916700000000006,True,1700000.0,True,True,687.0
2017-2-9-31,2017,documentary,2317-2017,Jan Jedlička - barvené stopy krajiny,Cinepoint s.r.o.,84.3333,13.25,True,1200000.0,True,True,310.0
2017-2-9-31,2017,documentary,2314-2017,Sny o toulavých kočkách,Frmol s.r.o.,82.5,11.416700000000006,True,2000000.0,True,True,2959.0
2017-2-9-31,2017,documentary,2320-2017,Československý obraz elektronický,Universal Production Partners s.r.o.,79.0,7.916700000000006,True,1000000.0,False,False,0.0
2017-2-9-31,2017,documentary,2318-2017,Miloš Forman - cesta za svobodou,NEGATIV s.r.o.,78.5,7.416700000000006,True,450000.0,False,False,0.0
2017-2-9-31,2017,documentary,2303-2017,"Chci tě, jestli to dokážeš",moloko film s.r.o.,78.0,6.916700000000006,True,800000.0,True,True,416.0
2017-2-9-31,2017,documentary,2315-2017,Bohu žel,freeSaM s.r.o.,77.5,6.416700000000006,True,1000000.0,True,True,426.0
2017-2-9-31,2017,documentary,2304-2017,Začít znovu,endorfilm s.r.o.,75.5,4.416700000000006,True,1000000.0,False,False,0.0
2017-2-9-31,2017,documentary,2286-2017,"Rozsviť světlo, ať je vidět",Jaromír Hanzlík,74.5,3.416700000000006,True,600000.0,True,True,930.0
2017-2-9-31,2017,documentary,2308-2017,Mosul,Mimesis Film s.r.o.,73.8333,2.75,True,500000.0,False,False,0.0
2017-2-9-31,2017,documentary,2319-2017,Mimořádná zpráva,Cinema Arsenal s.r.o.,72.8333,1.75,True,600000.0,True,True,621.0
2017-2-9-31,2017,documentary,2288-2017,Sedm mobilizací Luboše Dobrovského,K2 s.r.o.,69.3333,-1.75,False,0.0,False,False,0.0
2017-2-9-31,2017,documentary,2310-2017,Markéta chce taštičku,Mimesis Film s.r.o.,67.8333,-3.25,False,0.0,True,True,168.0
2017-2-9-31,2017,documentary,2313-2017,Satanic Girls - ženy na cestě,Telekinetics s.r.o.,65.8333,-5.25,False,0.0,False,False,0.0
2017-2-9-31,2017,documentary,2316-2017,Rachot ve Staňkovicích,Prague Film Productions s.r.o.,64.8333,-6.25,False,0.0,False,False,0.0
2017-2-9-31,2017,documentary,2285-2017,Příběh tantry,Bio Art production s.r.o.,63.8333,-7.249999999999993,False,0.0,True,True,1259.0
2017-2-9-31,2017,documentary,2281-2017,Mucha,Punk Film s.r.o.,62.0,-9.083299999999994,False,0.0,False,True,0.0
2017-2-9-31,2017,documentary,2284-2017,Uranová generace,Rudolf Živec f.o.,56.6667,-14.416599999999995,False,0.0,False,False,0.0
2017-2-9-31,2017,documentary,2289-2017,Vy-léčit,Alcest Media s.r.o.,55.6667,-15.416599999999995,False,0.0,False,False,0.0
2017-2-9-31,2017,documentary,2309-2017,Mimikry - pravdivý příběh,UNO Praha s.r.o.,55.5,-15.583299999999994,False,0.0,False,False,0.0
2017-2-9-31,2017,documentary,2312-2017,The inside of us,R&T Production s.r.o.,53.6667,-17.416599999999995,False,0.0,False,False,0.0
2017-2-9-31,2017,documentary,2329-2017,Přemysl Otakar II.,LF Moving Pictures s.r.o.,45.6667,-25.416599999999995,False,0.0,False,False,0.0
2018-2-1-1,2018,fiction,2392-2018,Bourák,Total HelpArt T.H.A. s.r.o.,86.8,9.799999999999997,True,10000000.0,True,True,59025.0
2018-2-1-1,2018,fiction,2397-2018,Hadí plyn,CINEART TV Prague,83.8,6.799999999999997,True,10000000.0,True,True,1578.0
2018-2-1-1,2018,fiction,2407-2018,Teroristka,"Logline Production, s.r.o.",83.19999999999999,6.199999999999989,True,2000000.0,True,True,264075.0
2018-2-1-1,2018,fiction,2415-2018,Uzly a pomeranče,"Daniel Severa Production, s.r.o.",81.6,4.599999999999994,True,2000000.0,True,True,21809.0
2018-2-1-1,2018,fiction,2411-2018,"Princip Kriegel aneb Muž, který stál v cestě",Bio Illusion s.r.o.,81.19999999999999,4.199999999999989,True,10000000.0,True,True,32924.0
2018-2-1-1,2018,fiction,2400-2018,Křik jako nádherná píseň,HEAVEN'S GATE,79.19999999999999,2.1999999999999886,True,1000000.0,False,False,0.0
2018-2-1-1,2018,fiction,2417-2018,Prokopat se ven,"Bio Art Production, s.r.o.",74.4,-2.5999999999999943,False,0.0,False,False,0.0
2018-2-1-1,2018,fiction,2420-2018,Mazel a tajemství lesa,BFILM.cz s.r.o.,74.0,-3.0,False,0.0,True,True,10587.0
2018-2-1-1,2018,fiction,2406-2018,Oranžový pokoj,Bionaut s.r.o.,71.0,-6.0,False,0.0,False,False,0.0
2018-2-1-1,2018,fiction,2414-2018,Sršeň v lahvi,Background Films s.r.o.,70.8,-6.200000000000003,False,0.0,False,False,0.0
2018-2-1-1,2018,fiction,2413-2018,Amnestie,endorfilm s.r.o.,70.2,-6.799999999999997,False,0.0,True,True,12783.0
2018-2-1-1,2018,fiction,2391-2018,Runa života a smrti,Happy Celuloid s.r.o.,63.2,-13.799999999999997,False,0.0,False,False,0.0
2018-2-1-1,2018,fiction,2401-2018,Dobrý skutek,CINEART TV Prague,60.2,-16.799999999999997,False,0.0,False,False,0.0
2018-2-1-1,2018,fiction,2410-2018,Když draka bolí hlava,"PETARDA PRODUCTION, a.s.",55.4,-21.6,False,0.0,True,True,118833.0
2018-2-10-30,2018,documentary,2915-2018,Jednotka intenzivního života,"nutprodukce, s.r.o.",86.25,16.5625,True,1500000.0,True,True,7710.0
2018-2-10-30,2018,documentary,2918-2018,Ako som sa stala partizankou,Film&Sociologie s.r.o,81.0,11.3125,True,1200000.0,True,True,144.0
2018-2-10-30,2018,documentary,2925-2018,Svatba bude?,Silk Films s.r.o.,80.875,11.1875,True,1000000.0,False,False,0.0
2018-2-10-30,2018,documentary,2930-2018,Adam Ondra: posunout hranice,Cinepoint s.r.o.,78.625,8.9375,True,1200000.0,True,True,19474.0
2018-2-10-30,2018,documentary,2928-2018,Zvuk Černobylu,Gamma Pictures s.r.o.,75.5,5.8125,True,500000.0,False,False,0.0
2018-2-10-30,2018,documentary,2933-2018,Bluesman,Michal Rákosník,74.75,5.0625,True,300000.0,True,True,1717.0
2018-2-10-30,2018,documentary,2917-2018,Rekonstrukce okupace,Cinepoint s.r.o.,74.0,4.3125,True,1000000.0,True,True,1059.0
2018-2-10-30,2018,documentary,2923-2018,Věčný Jožo,CIREAL production s.r.o.,73.875,4.1875,True,500000.0,True,True,829.0
2018-2-10-30,2018,documentary,2911-2018,Olympijský mezičas,D1film s.r.o.,72.875,3.1875,True,2000000.0,True,True,231.0
2018-2-10-30,2018,documentary,2904-2018,Manželství,Bohemian Productions s.r.o.,71.0,1.3125,True,1500000.0,True,True,266.0
2018-2-10-30,2018,documentary,2912-2018,Dream 2K2,Bontonfilm Studios s.r.o.,68.375,-1.3125,False,0.0,False,False,0.0
2018-2-10-30,2018,documentary,2931-2018,Ztracený břeh,endorfilm s.r.o.,67.75,-1.9375,False,0.0,True,True,149.0
2018-2-10-30,2018,documentary,2919-2018,Léčení mého já,Mimesis Film s.r.o.,64.75,-4.9375,False,0.0,False,False,0.0
2018-2-10-30,2018,documentary,2929-2018,Pohodlné století,Petrohrad s.r.o.,61.125,-8.5625,False,0.0,False,False,0.0
2018-2-10-30,2018,documentary,2932-2018,Do druhý nohy,Punk Film s.r.o.,60.375,-9.3125,False,0.0,False,False,0.0
2018-2-10-30,2018,documentary,2924-2018,V Kyjevě se nestřílí,Mimesis Film s.r.o.,59.5,-10.1875,False,0.0,False,False,0.0
2018-2-10-30,2018,documentary,2926-2018,Dunaj vědomí,GNOMON Production s.r.o.,59.25,-10.4375,False,0.0,True,True,544.0
2018-2-10-30,2018,documentary,2909-2018,Stingl - Malý velký Okima,Eurospot s.r.o.,58.5,-11.1875,False,0.0,True,True,1736.0
2018-2-10-30,2018,documentary,2927-2018,Foyer Evropa,Breathless Films s.r.o.,57.5,-12.1875,False,0.0,False,False,0.0
2018-2-10-30,2018,documentary,2913-2018,Torzo hotelu,GPO Platform s.r.o.,56.625,-13.0625,False,0.0,False,False,0.0
2018-2-3-8,2018,animation,2478-2018,Ant Hill,Frame Films,84.14280000000001,17.285700000000006,True,600000.0,False,False,0.0
2018-2-3-8,2018,animation,2475-2018,TROJHLAS,MAUR film,82.4286,15.5715,True,390000.0,False,False,0.0
2018-2-3-8,2018,animation,2473-2018,"Tonda, Slávka a Génius",nutprodukce,81.4286,14.5715,True,15000000.0,False,False,0.0
2018-2-3-8,2018,animation,2479-2018,Srdce Věže,BFILM.cz,79.57159999999999,12.714499999999987,True,15000000.0,True,True,22656.0
2018-2-3-8,2018,animation,2450-2018,Druhá strana,Alkay Animation Prague,79.0,12.142899999999997,True,268000.0,False,False,0.0
2018-2-3-8,2018,animation,2469-2018,Archa,nutprodukce,77.7144,10.857299999999995,True,1700000.0,False,False,0.0
2018-2-3-8,2018,animation,2470-2018,Terezínský Brundibár,Produkce Radim Procházka,76.5714,9.714299999999994,True,1900000.0,False,False,0.0
2018-2-3-8,2018,animation,2451-2018,Na konci světa,Kouzelná animace,73.57140000000001,6.714300000000009,True,700000.0,True,True,
2018-2-3-8,2018,animation,2471-2018,TvMiniUni a Zloděj otázek,Evolution Films,71.4286,4.5715,True,1000000.0,True,True,3364.0
2018-2-3-8,2018,animation,2452-2018,Vodní království-elementi,animation people,62.2856,-4.5715,False,0.0,False,False,0.0
2018-2-3-8,2018,animation,2474-2018,Lawrence z Morávie,Produkce Radim Procházka,61.285599999999995,-5.5715000000000074,False,0.0,True,True,158.0
2018-2-3-8,2018,animation,2466-2018,Čtyřlístek na zdivočelém západě,Bio Illusion,57.85710000000001,-8.999999999999993,False,0.0,False,False,0.0
2018-2-3-8,2018,animation,2448- 2018,Holka zubatá,Bc. Ondřej Pecha,55.7143,-11.142800000000001,False,0.0,False,False,0.0
2018-2-4-10,2018,documentary,2517-2018,Každá minuta života,endorfilm s.r.o.,88.0,12.125,True,2000000.0,True,True,4843.0
2018-2-4-10,2018,documentary,2523-2018,V síti,HYPERMARKET FILM spol. s.r.o.,85.25,9.375,True,1500000.0,True,True,414541.0
2018-2-4-10,2018,documentary,2516-2018,Můj otec Antonín Kratochvíl,Punk film s.r.o.,84.25,8.375,True,1200000.0,True,True,2056.0
2018-2-4-10,2018,documentary,2531-2018,Ve jménu Alláha,"nutprodukce, s.r.o.",84.0,8.125,True,1000000.0,False,False,0.0
2018-2-4-10,2018,documentary,2525-2018,Nová šichta,moloko film s.r.o.,82.125,6.25,True,600000.0,True,True,1752.0
2018-2-4-10,2018,documentary,2521-2018,Pongo story,Produkce Radim Procházka s.r.o.,81.5,5.625,True,1200000.0,False,False,0.0
2018-2-4-10,2018,documentary,2503-2018,Vlci na hranicích,Frame Films s.r.o.,80.75,4.875,True,1300000.0,True,True,
2018-2-4-10,2018,documentary,2520-2018,Šifry Jana Kapra,DOCUfilm Praha s.r.o.,80.375,4.5,True,1000000.0,False,False,0.0
2018-2-4-10,2018,documentary,2527-2018,Epocha mezi srpnem a listopadem,GPO Platform s.r.o.,79.25,3.375,True,800000.0,False,False,0.0
2018-2-4-10,2018,documentary,2511-2018,Legenda Suchý,CineArt TV Prague s.r.o.,77.625,1.75,True,800000.0,False,False,0.0
2018-2-4-10,2018,documentary,2526-2018,1968 Rekonstrukce okupace,Cinepoint s.r.o.,74.125,-1.75,False,0.0,False,False,0.0
2018-2-4-10,2018,documentary,2522-2018,Božský hlas,HYPERMARKET FILM spol. s.r.o.,72.5,-3.375,False,0.0,False,False,0.0
2018-2-4-10,2018,documentary,2524-2018,Drahomíra,MasterFilm s.r.o.,70.75,-5.125,False,0.0,False,False,0.0
2018-2-4-10,2018,documentary,2529-2018,KHM1 - Pouť krkonošská,Film&Sociologie s.r.o,67.375,-8.5,False,0.0,True,True,419.0
2018-2-4-10,2018,documentary,2518-2018,This way,Evolution Films s.r.o.,66.625,-9.25,False,0.0,False,False,0.0
2018-2-4-10,2018,documentary,2519-2018,Smrt jako brána,Milk and Honeey Pictures s.r.o.,65.5,-10.375,False,0.0,False,False,0.0
2018-2-4-10,2018,documentary,2534-2018,Berekina,Analog Vision s.r.o.,65.125,-10.75,False,0.0,False,False,0.0
2018-2-4-10,2018,documentary,2532-2018,Czech Norris,Up&Up production s.r.o.,62.5,-13.375,False,0.0,False,False,0.0
2018-2-4-10,2018,documentary,2514-2018,Po tsunami,Bio Illusion s.r.o.,59.75,-16.125,False,0.0,False,False,0.0
2018-2-4-10,2018,documentary,2536-2018,V sedm u koně,Felis nebulosa z.ú.,48.875,-27.0,False,0.0,False,False,0.0
2018-2-6-17,2018,fiction,2690-2018,S péčí řádného hospodáře,Cinemart a.s.,84.75,7.4375,True,3000000.0,False,False,0.0
2018-2-6-17,2018,fiction,2665-2018,Marťanské lodě,Film Kolektiv s.r.o.,79.75,2.4375,True,3000000.0,True,True,4375.0
2018-2-6-17,2018,fiction,2666-2018,Smečka,8Heads Productions s.r.o.,79.75,2.4375,True,4000000.0,True,True,18652.0
2018-2-6-17,2018,fiction,2698-2018,Hrana zlomu - debut,Bionaut s.r.o.,74.875,-2.4375,False,0.0,True,True,1972.0
2018-2-6-17,2018,fiction,2700-2018,Citlivý člověk,Masterfilm s.r.o.,73.75,-3.5625,False,0.0,True,True,3819.0
2018-2-6-17,2018,fiction,2695-2018,Tři týdny pod mořem,moloko film s.r.o.,72.5,-4.8125,False,0.0,False,False,0.0
2018-2-6-17,2018,fiction,2699-2018,Ošklivá Mandarínka,Analog Vision s.r.o.,71.75,-5.5625,False,0.0,False,False,0.0
2018-2-6-17,2018,fiction,2657-2018,Tělo,Cineart TV Prague,59.25,-18.0625,False,0.0,False,False,0.0
2018-2-6-17,2018,fiction,2697-2018,Záhadná Martina,Company F s.r.o.,58.0,-19.3125,False,0.0,False,False,0.0
2018-2-6-17,2018,fiction,2693-2018,Přes prsty,PP Film s.r.o.,53.75,-23.5625,False,0.0,True,True,419388.0
2018-2-7-20,2018,fiction,2756/2018,Havel,TVORBA films,88.8889,10.333349999999996,True,14500000.0,True,True,165126.0
2018-2-7-20,2018,fiction,2778/2018,Oběť,"nutprodukce,s.r.o.",86.5556,8.000049999999987,True,7000000.0,True,True,2177.0
2018-2-7-20,2018,fiction,2751/2018,Zpráva o záchraně mrtvého,Sirius Films s.r.o.,85.4444,6.888849999999991,True,5000000.0,True,True,1589.0
2018-2-7-20,2018,fiction,2764/2018,Admin,endorfilm s.r.o.,85.1111,6.5555499999999824,True,11000000.0,False,False,0.0
2018-2-7-20,2018,fiction,2749/2018,HRA,Film &Roll s.r.o.,79.2222,0.66664999999999,True,1000000.0,True,True,1002.0
2018-2-7-20,2018,fiction,2772/2018,Nikdo mě nemá rád,Black Balance s.r.o.,77.8889,-0.6666500000000042,False,0.0,False,False,0.0
2018-2-7-20,2018,fiction,2762/2018,Vyhnání Gerty Schnirch,Negativ s.r.o.,74.7778,-3.7777500000000117,False,0.0,False,False,0.0
2018-2-7-20,2018,fiction,2770/2018,Pouť v Modré,Mindset Pictures s.r.o.,71.7778,-6.777750000000012,False,0.0,False,False,0.0
2018-2-7-20,2018,fiction,2755/2018,Zlatovláska,"three brothers, spol. s.r.o.",71.7778,-6.777750000000012,False,0.0,False,False,0.0
2018-2-7-20,2018,fiction,2748/2018,Skleněný pokoj,In Film s.r.o.,68.6667,-9.888850000000005,False,0.0,True,True,116928.0
2018-2-7-20,2018,fiction,2777/2018,Poslední aristokratka,Evolution Films s.r.o.,66.4444,-12.11115000000001,False,0.0,True,True,515753.0
2018-2-7-20,2018,fiction,2757/2018,Jízdní hlídka,"INFINITY PRAGUE Ltd, a.s.",66.1111,-12.444450000000018,False,0.0,False,False,0.0
2018-2-7-20,2018,fiction,2746/2018,Smrt krále Kandaula,PLUM PRODUCTION s.r.o.,58.3333,-20.22225000000001,False,0.0,False,False,0.0
2018-2-7-20,2018,fiction,2769/2018,Kotoul vpřed,Hana Zedníčková Kousalová,49.0,-29.55555000000001,False,0.0,False,False,0.0
2018-2-8-24,2018,fiction,2799-2018,Můj očistec,Martin Ježek f.o.,90.5714,13.928550000000001,True,440000.0,False,False,0.0
2018-2-8-24,2018,fiction,2831-2018,Blue box,Xova Film s.r.o.,85.0,8.357150000000004,True,600000.0,False,False,0.0
2018-2-8-24,2018,fiction,2806-2018,Podle čaroděje,Perfilm s.r.o.,83.1429,6.500050000000002,True,320000.0,False,False,0.0
2018-2-8-24,2018,fiction,2835-2018,Barva z kosmu,MasterFilm s.r.o.,81.7143,5.071449999999999,True,640000.0,False,False,0.0
2018-2-8-24,2018,fiction,2837-2018,Fibonacci,Mimesis Film s.r.o.,71.5714,-5.071449999999999,False,0.0,False,False,0.0
2018-2-8-24,2018,fiction,2824-2018,Můj nevlastní Mikoláš,Vernes s.r.o.,67.5714,-9.071449999999999,False,0.0,False,False,0.0
2018-2-8-24,2018,fiction,2841-2018,UNES-CO,endrofilm s.r.o.,62.4286,-14.214249999999993,False,0.0,False,False,0.0
2018-2-8-24,2018,fiction,2816-2018,La Rose,MAUR film s.r.o.,57.2857,-19.357149999999997,False,0.0,False,False,0.0
2018-2-8-24,2018,fiction,2810-2018,Centra identity,Asociace pro performance a publikování v digitálních médiích o.s.,48.7143,-27.928549999999994,False,0.0,False,False,0.0
2019-2-1-4,2019,fiction,2977/2019,Už tě němám rád,i/o post s.r.o.,89.0,13.666700000000006,True,5000000.0,True,True,294.0
2019-2-1-4,2019,fiction,2999/2019,Světlonoc,moloko film s.r.o.,86.5,11.166700000000006,True,10000000.0,True,True,5240.0
2019-2-1-4,2019,fiction,2993/2019,Slovo,LOVE.FRAME s.r.o.,84.1667,8.833400000000012,True,8500000.0,True,True,6316.0
2019-2-1-4,2019,fiction,2980/2019,Bratři,FilmBrigade s.r.o.,82.5,7.166700000000006,True,15000000.0,True,True,128388.0
2019-2-1-4,2019,fiction,2995/2019,Tancuj Matyldo,Mgr. Nataša Slavíková,79.6667,4.333400000000012,True,8000000.0,True,True,95805.0
2019-2-1-4,2019,fiction,2996/2019,Hrana zlomu,Bionaut s.r.o.,78.8333,3.5,True,3000000.0,True,True,1972.0
2019-2-1-4,2019,fiction,2973/2019,Komik v Olomouci,"In Film Praha, s.r.o.",71.6667,-3.6665999999999883,False,0.0,False,True,0.0
2019-2-1-4,2019,fiction,2976/2019,Krvavá nevěsta,Snake Catcher s.r.o.,71.0,-4.333299999999994,False,0.0,True,True,
2019-2-1-4,2019,fiction,2986/2019,Zatím dobrý,Flamesite s.r.o.,64.6667,-10.666599999999988,False,0.0,False,False,0.0
2019-2-1-4,2019,fiction,3011/2019,Karavan,nutprodukce s.r.o.,63.8333,-11.499999999999993,False,0.0,True,True,21827.0
2019-2-1-4,2019,fiction,2969/2019,Bábovky,"Logline Production, s.r.o.",62.8333,-12.499999999999993,False,0.0,True,True,198776.0
2019-2-1-4,2019,fiction,2981/2019,Město bez Boha,8Heads Production s.r.o.,62.6667,-12.666599999999995,False,0.0,False,False,0.0
2019-2-1-4,2019,fiction,2997/2019,"Nikola Šuhaj lhář, podvodník a zloděj",Větrné mlýny s.r.o.,60.3333,-14.999999999999993,False,0.0,True,True,498.0
2019-2-1-4,2019,fiction,2994/2019,"Prvok, Šampón, Tečka a Karel",Bontonfilm Studios s.r.o.,56.6667,-18.666599999999995,False,0.0,True,True,616727.0
2019-2-3-9,2019,animation,3105/2019,Bábovka!,MasterFilm s.r.o.,89.1667,13.83335000000001,True,3000000.0,False,False,0.0
2019-2-3-9,2019,animation,3068/2019,Váš táta,13ka s.r.o.,89.0,13.666650000000004,True,1000000.0,False,False,0.0
2019-2-3-9,2019,animation,3104/2019,Love Is Just A Death Away,Bionaut s.r.o.,86.3333,10.999949999999998,True,500000.0,False,False,0.0
2019-2-3-9,2019,animation,3102/2019,Ahoj. Medvěde!,Bionaut s.r.o.,81.8333,6.499949999999998,True,2000000.0,False,False,0.0
2019-2-3-9,2019,animation,3097/2019,Babu v nočním městě,Kuli Film s.r.o.,81.6667,6.33335000000001,True,10000000.0,False,False,0.0
2019-2-3-9,2019,animation,3078/2019,3-2-1 Start!,Krutart s.r.o.,80.6667,5.33335000000001,True,1500000.0,False,False,0.0
2019-2-3-9,2019,animation,3096/2019,Lawrence z Morávie,Kuli Film s.r.o.,80.3333,4.999949999999998,True,2000000.0,True,True,158.0
2019-2-3-9,2019,animation,3082/2019,Rosentaal,MAUR film s.r.o.,79.5,4.166650000000004,True,10000000.0,False,False,0.0
2019-2-3-9,2019,animation,3036/2019,Diplodokus,Progressivefx s.r.o.,76.6667,1.33335000000001,True,5000000.0,True,True,16219.0
2019-2-3-9,2019,animation,3043/2019,HUSA,Animation people s.r.o.,74.0,-1.3333499999999958,False,0.0,False,False,0.0
2019-2-3-9,2019,animation,3030/2019,Malý Pán 2,"Bedna Films, s.r.o.",71.1667,-4.16664999999999,False,0.0,False,False,0.0
2019-2-3-9,2019,animation,3054/2019,Peníze a štěstí,BFILM.cz s.r.o.,68.1667,-7.16664999999999,False,0.0,False,False,0.0
2019-2-3-9,2019,animation,3045/2019,Kremace Sama McGee,Alkay Animation Prague s.r.o.,66.0,-9.333349999999996,False,0.0,False,False,0.0
2019-2-3-9,2019,animation,3069/2019,Půlnoční hlídka,"Punk Film, s.r.o.",65.6667,-9.66664999999999,False,0.0,False,False,0.0
2019-2-3-9,2019,animation,3083/2019,Liška a její stín,Analog Vision s.r.o.,63.6667,-11.666649999999997,False,0.0,False,False,0.0
2019-2-3-9,2019,animation,3066/2019,O čertovi,Silent Cartoons s.r.o.,60.0,-15.333349999999996,False,0.0,False,True,0.0
2019-2-4-10,2019,documentary,3087/2019,Tady nejste v Moskvě,Hypermarket film s.r.o.,90.7143,13.785700000000006,True,2000000.0,False,False,0.0
2019-2-4-10,2019,documentary,3092/2019,Amoosed!,GURU Film s.r.o.,85.5714,8.642800000000008,True,1500000.0,True,True,0.0
2019-2-4-10,2019,documentary,3076/2019,Miko,Silk Films s.r.o.,85.2857,8.357100000000017,True,1600000.0,True,True,715.0
2019-2-4-10,2019,documentary,3062/2019,Máme tady uprchlíky,NEGATIV s.r.o.,84.1429,7.214300000000009,True,1600000.0,False,False,0.0
2019-2-4-10,2019,documentary,3095/2019,Tepich,Duracfilm z.s.,83.8571,6.928500000000014,True,1800000.0,False,False,0.0
2019-2-4-10,2019,documentary,3098/2019,Zkouška umění,GPO Platform s.r.o.,82.1429,5.214300000000009,True,1700000.0,True,True,7971.0
2019-2-4-10,2019,documentary,3044/2019,Temná strana síly,Vernes s.r.o.,81.1429,4.214300000000009,True,1400000.0,False,False,0.0
2019-2-4-10,2019,documentary,3070/2019,Budiž voda,Bio Illusion s.r.o.,79.7143,2.7857000000000056,True,400000.0,True,True,382.0
2019-2-4-10,2019,documentary,3053/2019,Džunlgle Placht,Frame Films s.r.o.,74.1429,-2.7856999999999914,False,0.0,True,True,870.0
2019-2-4-10,2019,documentary,3090/2019,Miluj generály,D1film s.r.o.,71.8571,-5.071499999999986,False,0.0,False,False,0.0
2019-2-4-10,2019,documentary,3085/2019,Doktor na tripu,Mimesis film s.r.o.,71.5714,-5.357199999999992,False,0.0,True,True,6556.0
2019-2-4-10,2019,documentary,3089/2019,"Tady Havel, slyšíte mě?",endorfilm s.r.o.,71.5714,-5.357199999999992,False,0.0,True,True,29382.0
2019-2-4-10,2019,documentary,3052/2019,"Muž, který chtěl být oběšen",Originální Videojournal s.r.o.,65.8571,-11.071499999999986,False,0.0,False,False,0.0
2019-2-4-10,2019,documentary,3065/2019,Meky,Negativ s.r.o.,64.2857,-12.642899999999983,False,0.0,True,True,33431.0
2019-2-4-10,2019,documentary,3038/2019,Sihamoni - Dvojí svět krále Sihamoniho,CineArt TV Prague s.r.o.,60.5714,-16.35719999999999,False,0.0,False,False,0.0
2019-2-4-10,2019,documentary,3075/2019,Daleko od Mikulova,Cinemart a.s.,59.4286,-17.499999999999986,False,0.0,False,False,0.0
2019-2-4-10,2019,documentary,3086/2019,Plná 6,Sounderground s.r.o.,58.7143,-18.214299999999987,False,0.0,True,True,6564.0
2019-2-6-16,2019,fiction,3253/2019,Zešílet,D1film s.r.o.,85.0,4.799999999999997,True,2800000.0,True,True,490.0
2019-2-6-16,2019,fiction,3246/2019,Věčný klid,Xova Film s.r.o.,83.8,3.5999999999999943,True,5200000.0,False,False,0.0
2019-2-6-16,2019,fiction,3244/2019,Okupace,Unit and Sofa Praha s.r.o.,83.0,2.799999999999997,True,2000000.0,True,True,6723.0
2019-2-6-16,2019,fiction,3243/2019,Manželé Stodolovi,nutprodukce s.r.o.,77.2,-3.0,False,0.0,True,True,63238.0
2019-2-6-16,2019,fiction,3252/2019,Obrazy lásky,endorfilm s.r.o.,73.2,-7.0,False,0.0,False,False,0.0
2019-2-6-16,2019,fiction,3248/2019,Somewhere over the chamtrails,Bratři s.r.o.,66.0,-14.200000000000003,False,0.0,True,True,25923.0
2019-2-7-18,2019,fiction,3297/2019,"Zelený film, nic víc",Kateřina Křivanová,88.5,21.333349999999996,True,450000.0,False,False,0.0
2019-2-7-18,2019,fiction,3293/2019,Kroky,MasterFilm s.r.o.,83.8333,16.66664999999999,True,600000.0,False,False,0.0
2019-2-7-18,2019,fiction,3295/2019,Konec světa,MAUR film s.r.o.,80.6667,13.500050000000002,True,499000.0,True,True,9720.0
2019-2-7-18,2019,fiction,3290/2019,Below the black rising sun,Silk Films s.r.o.,71.8333,4.66664999999999,True,451000.0,False,False,0.0
2019-2-7-18,2019,fiction,3292/2019,Point cloud,Unit and Sofa Praha s.r.o.,62.5,-4.666650000000004,False,0.0,False,False,0.0
2019-2-7-18,2019,fiction,3298/2019,Pět světel,Lukáš Rittštein,62.1667,-4.9999500000000054,False,0.0,False,False,0.0
2020-2-1-4,2020,fiction,3343/2019,Konec světa,LUMINAR Film s.r.o.,87.3333,9.749949999999998,True,9500000.0,True,True,9720.0
2020-2-1-4,2020,fiction,3329/2019,Služka,CINEART TV PRAGUE s.r.o.,87.3333,9.749949999999998,True,4000000.0,True,True,15656.0
2020-2-1-4,2020,fiction,3344/2019,Amerikánka,HEAVEN'S GATE s.r.o.,86.0,8.416650000000004,True,8000000.0,True,True,53474.0
2020-2-1-4,2020,fiction,3350/2019,ARVÉD,Cinémotif Films s.r.o.,86.0,8.416650000000004,True,11000000.0,True,True,16149.0
2020-2-1-4,2020,fiction,3384/2019,1919,"INFINITY PRAGUE Ltd, a.s.",83.5,5.916650000000004,True,8000000.0,False,False,0.0
2020-2-1-4,2020,fiction,3382/2019,"Nikola Šuhaj, příběh lásky, smšnosti a smrti",Větrné mlýny s.r.o.,80.6667,3.08335000000001,True,2000000.0,True,True,498.0
2020-2-1-4,2020,fiction,3376/2019,Sára,Bionaut s.r.o.,74.6667,-2.91664999999999,False,0.0,False,False,0.0
2020-2-1-4,2020,fiction,3319/2019,Šťastný život zbabělce,In Film Praha s.r.o.,74.0,-3.583349999999996,False,0.0,False,False,0.0
2020-2-1-4,2020,fiction,3342/2019,Wirbel,Mimesis Film s.r.o.,72.0,-5.583349999999996,False,0.0,False,False,0.0
2020-2-1-4,2020,fiction,3377/2019,Noc velryby,i/o post s.r.o.,68.5,-9.083349999999996,False,0.0,False,False,0.0
2020-2-1-4,2020,fiction,3383/2019,Stínohra,Hangar Films,66.5,-11.083349999999996,False,0.0,True,True,5535.0
2020-2-1-4,2020,fiction,3381/2019,Divoké devadesátky,"Bio Art Production, s.r.o.",65.3333,-12.250050000000002,False,0.0,False,False,0.0
2020-2-1-4,2020,fiction,3380/2019,CARUSO,"Daniel Severa Production, s.r.o.",63.0,-14.583349999999996,False,0.0,False,False,0.0
2020-2-1-4,2020,fiction,3378/2019,HOAX,Bionaut s.r.o.,62.0,-15.583349999999996,False,0.0,False,False,0.0
2020-2-1-4,2020,fiction,3328/2019,Tajemství staré bambitky 2,FAIRYTALE PRODUCTION s.r.o.,58.0,-19.583349999999996,False,0.0,True,True,471060.0
2020-2-2-8,2020,documentary,3440/2019,Architektura ČSSR 58-89,Film Kolektiv s.r.o.,88.6,12.299999999999997,True,1500000.0,True,True,15514.0
2020-2-2-8,2020,documentary,3424/2019,Planeta Praha,Kuli Film s.r.o.,86.8,10.5,True,1800000.0,True,True,61834.0
2020-2-2-8,2020,documentary,3439/2019,Vyšetřovatel,Frame Films s.r.o.,84.8,8.5,True,1600000.0,True,True,
2020-2-2-8,2020,documentary,3429/2019,Šťastně až na věky,Punk film s.r.o.,82.4,6.1000000000000085,True,1400000.0,True,True,6448.0
2020-2-2-8,2020,documentary,3434/2019,Volání přírody,Bionaut s.r.o.,81.6,5.299999999999997,True,800000.0,False,False,0.0
2020-2-2-8,2020,documentary,3435/2019,Džungle Placht,Frame Films s.r.o.,81.0,4.700000000000003,True,1300000.0,True,True,870.0
2020-2-2-8,2020,documentary,3438/2019,Bikerka,Frame Films s.r.o.,80.2,3.9000000000000057,True,600000.0,False,False,0.0
2020-2-2-8,2020,documentary,3427/2019,Svéráz českého rybolovu,Aerofilms s.r.o.,79.6,3.299999999999997,True,400000.0,True,True,1389.0
2020-2-2-8,2020,documentary,3430/2019,Návštěvníci,Cinémotif Films s.r.o.,78.8,2.5,True,1300000.0,True,True,
2020-2-2-8,2020,documentary,3445/2019,Pohodlné století,Love Trouble s.r.o.,73.8,-2.5,False,0.0,False,False,0.0
2020-2-2-8,2020,documentary,3431/2019,Martina,Barletta s.r.o.,72.8,-3.5,False,0.0,False,False,0.0
2020-2-2-8,2020,documentary,3422/2019,Až zařve lev,Art Francesco s.r.o.,72.4,-3.8999999999999915,False,0.0,True,True,5841.0
2020-2-2-8,2020,documentary,3443/2019,Kapitán a Tao za maskou revoluce Egona Bondyho,GPO Platform s.r.o.,70.6,-5.700000000000003,False,0.0,False,False,0.0
2020-2-2-8,2020,documentary,3428/2019,K2 vlastní cestou,Bontonfilm Studios s.r.o.,68.4,-7.8999999999999915,False,0.0,True,True,13686.0
2020-2-2-8,2020,documentary,3436/2019,Naděje zlátne,Helium Film s.r.o.,67.4,-8.899999999999991,False,0.0,False,False,0.0
2020-2-2-8,2020,documentary,3456/2019,Sperminátoři,Artcam Films s.r.o.,65.6,-10.700000000000003,False,0.0,False,False,0.0
2020-2-2-8,2020,documentary,3450/2019,Ukradená revoluce,U.F.O. Pictures s.r.o.,65.0,-11.299999999999997,False,0.0,False,False,0.0
2020-2-2-8,2020,documentary,3417/2019,"Muž zbavený tíže, Praha - Paříž",Josef Císařovský,63.4,-12.899999999999999,False,0.0,True,True,814.0
2020-2-2-8,2020,documentary,3418/2019,"Muž, který chtěl být oběšen",CineArt TV Prague s.r.o.,61.8,-14.5,False,0.0,False,False,0.0
2020-2-2-8,2020,documentary,3452/2019,Čaučesko - Rumunský příběh,Věterné mlýny s.r.o.,59.0,-17.299999999999997,False,0.0,False,False,0.0
2020-2-2-8,2020,documentary,3425/2019,Black Czechs,Univerzita Palackého v Olomouci,47.4,-28.9,False,0.0,False,False,0.0
2020-2-4-14,2020,animation,3562/2020,Hurikán,MAUR film s.r.o.,89.1667,15.000050000000002,True,2900000.0,False,False,0.0
2020-2-4-14,2020,animation,3520/2020,Perla,Rolling Pictures spol. s.r.o.,80.8333,6.66664999999999,True,10000000.0,False,True,0.0
2020-2-4-14,2020,animation,3530/2020,Křišťáloví únosci,Alkay Animation Prague s.r.o.,80.3333,6.16664999999999,True,14000000.0,False,False,0.0
2020-2-4-14,2020,animation,3564/2020,Vlny,Artcam Films s.r.o.,80.1667,6.000050000000002,True,1200000.0,True,True,997137.0
2020-2-4-14,2020,animation,3510/2020,Websterovi,13ka s.r.o.,79.0,4.833349999999996,True,3500000.0,False,False,0.0
2020-2-4-14,2020,animation,3519/2020,FICHTELBERG,CINEART TV Prague s.r.o.,71.5,-2.666650000000004,False,0.0,True,True,7060.0
2020-2-4-14,2020,animation,3563/2020,Animace jako báseň,MAUR film s.r.o.,67.0,-7.166650000000004,False,0.0,False,False,0.0
2020-2-4-14,2020,animation,3560/2020,Světla,Analog Vision s.r.o.,61.8333,-12.333350000000003,False,0.0,True,True,0.0
2020-2-4-14,2020,animation,3561/2020,DAGON,Analog Vision s.r.o.,61.6667,-12.499950000000005,False,0.0,False,False,0.0
2020-2-6-17,2020,documentary,3601/2020,Všechno dobře dopadne,Mimesis Film s.r.o.,87.0,14.625,True,1700000.0,True,True,1728.0
2020-2-6-17,2020,documentary,3600/2020,Obnažené vztahy,Hypermarket Film s.r.o.,85.375,13.0,True,1400000.0,False,False,0.0
2020-2-6-17,2020,documentary,3602/2020,Raději zešílet v divočině,"nutprodukce, s.r.o.",84.375,12.0,True,1500000.0,True,True,15491.0
2020-2-6-17,2020,documentary,3621/2020,Chybění,Mannschaft s.r.o.,83.625,11.25,True,1250000.0,True,True,466.0
2020-2-6-17,2020,documentary,3618/2020,Velké nic,Hypermarket Film s.r.o.,82.375,10.0,True,1200000.0,True,True,12962.0
2020-2-6-17,2020,documentary,3575/2020,Michael Kocáb,CineArt TV Prague s.r.o.,80.75,8.375,True,1300000.0,False,False,0.0
2020-2-6-17,2020,documentary,3607/2020,Eroze,Analog Vision s.r.o.,79.125,6.75,True,500000.0,False,False,0.0
2020-2-6-17,2020,documentary,3616/2020,Kdo tu dnes chybí?,GPO Platform s.r.o.,68.5,-3.875,False,0.0,False,False,0.0
2020-2-6-17,2020,documentary,3582/2020,Nástroj války,8Heas Productions s.r.o.,68.125,-4.25,False,0.0,False,False,0.0
2020-2-6-17,2020,documentary,3606/2020,Camerraman,Lonely Production s.r.o.,65.25,-7.125,False,0.0,False,False,0.0
2020-2-6-17,2020,documentary,3585/2020,Když Čína dovolí,CineArt TV Prague s.r.o.,64.0,-8.375,False,0.0,False,False,0.0
2020-2-6-17,2020,documentary,3620/2020,Poslední sezóna,Krutart s.r.o.,57.75,-14.625,False,0.0,False,False,0.0
2020-2-6-17,2020,documentary,3615/2020,Vandráci,Evolution Films s.r.o.,47.125,-25.25,False,0.0,False,True,0.0
2020-2-6-17,2020,documentary,3587/2020,Jako letní sníh,VISTAFILM s.r.o.,46.875,-25.5,False,0.0,False,False,0.0
2020-2-7-19,2020,fiction,3730/2020,Grand Prix,"OFFSIDE MEN, s.r.o.",87.5,8.25,True,10000000.0,True,True,104840.0
2020-2-7-19,2020,fiction,3742/2020,Vyvolený,Background Films s.r.o.,85.8333,6.583299999999994,True,12500000.0,False,False,0.0
2020-2-7-19,2020,fiction,3739/2020,Vzteklá krása,moloko film s.r.o.,85.5,6.25,True,10000000.0,False,False,0.0
2020-2-7-19,2020,fiction,3745/2020,Běžná selhání,Xova Film s.r.o.,82.3333,3.083299999999994,True,10000000.0,True,True,2947.0
2020-2-7-19,2020,fiction,3710/2020,Princ Mamánek,Budhar film s.r.o.,81.5,2.25,True,4000000.0,True,True,127650.0
2020-2-7-19,2020,fiction,3755/2020,Vánoční příběh,Europeana production s.r.o.,80.5,1.25,True,5000000.0,True,True,187103.0
2020-2-7-19,2020,fiction,3744/2020,Prašina,Bionaut s.r.o.,78.0,-1.25,False,0.0,False,False,0.0
2020-2-7-19,2020,fiction,3750/2020,Anežka,"AXMAN Production, spol. s.r.o.",77.1667,-2.083299999999994,False,0.0,False,False,0.0
2020-2-7-19,2020,fiction,3722/2020,Hrdelní proces,Balkanfilm spol. s.r.o.,76.6667,-2.583299999999994,False,0.0,False,False,0.0
2020-2-7-19,2020,fiction,3734/2020,Otel Prague,"SCREENPLAY BY, s.r.o.",72.5,-6.75,False,0.0,False,False,0.0
2020-2-7-19,2020,fiction,3728/2020,Sestry,IN Film Praha spol. s.r.o.,68.0,-11.25,False,0.0,False,False,0.0
2020-2-7-19,2020,fiction,3740/2020,Sestry,Analog Vision s.r.o.,66.5,-12.75,False,0.0,False,False,0.0
2020-2-7-19,2020,fiction,3756/2020,Teorie touhy,"Logline Production, s.r.o.",65.3333,-13.916700000000006,False,0.0,False,False,0.0
2020-2-7-19,2020,fiction,3703/2020,Hana,Happy Celuloid s.r.o.,64.5,-14.75,False,0.0,False,False,0.0
2020-2-7-19,2020,fiction,3743/2020,Karanténa Zlín,Bionaut s.r.o.,64.5,-14.75,False,0.0,False,False,0.0
2020-2-7-19,2020,fiction,3753/2020,Pánský klub,"Punk Film, s.r.o.",64.3333,-14.916700000000006,False,0.0,True,True,26392.0
2020-2-7-19,2020,fiction,3712/2020,Caruso - román na živo,"Daniel Severa Production, s.r.o.",63.1667,-16.0833,False,0.0,False,False,0.0
2020-2-7-19,2020,fiction,3749/2020,Somewhere over the Chemtrails (SOTCH),Bratři s.r.o.,63.0,-16.25,False,0.0,True,True,25923.0
2020-2-7-19,2020,fiction,3716/2020,Tajemství staré bambitky 2,Fairytale Poduction s.r.o.,62.0,-17.25,False,0.0,True,True,471060.0
2020-2-7-19,2020,fiction,3741/2020,Dvě slova jako klíč,Holiday Films s.r.o.,60.3333,-18.9167,False,0.0,True,True,69266.0
2020-2-7-19,2020,fiction,3738/2020,Manipulace,Balda Film s.r.o.,53.5,-25.75,False,0.0,False,False,0.0
2020-2-8-26,2020,fiction,3993/2020,Brutální vedro,nutprodukce s.r.o.,89.3333,18.66664999999999,True,4000000.0,True,True,2640.0
2020-2-8-26,2020,fiction,3988/2020,Zatá rána,Flamesite s.r.o.,79.0,8.333349999999996,True,2000000.0,False,False,0.0
2020-2-8-26,2020,fiction,4018/2020,Hotel,DARQ Studio CZ s.r.o.,72.8889,2.2222500000000025,True,1700000.0,False,False,0.0
2020-2-8-26,2020,fiction,4011/2020,Somewhere over the Chamtrails,Brattři s.r.o.,68.4444,-2.2222500000000025,False,0.0,True,True,25923.0
2020-2-8-26,2020,fiction,3960/2020,Můžem i s mužem,Sententia Praga s.r.o.,62.8889,-7.777750000000005,False,0.0,True,True,24843.0
2020-2-8-26,2020,fiction,4015/2020,Mezi mraky,Company F s.r.o.,59.7778,-10.888850000000005,False,0.0,False,False,0.0
2020-2-8-26,2020,fiction,4014/2020,Animal Crusaders,IS Produkce s.r.o.,58.2222,-12.444450000000003,False,0.0,False,False,0.0
2020-2-9-27,2020,fiction,3994/2020,Paterny,MasterFilm s.r.o.,87.0,8.071400000000011,True,600000.0,False,False,0.0
2020-2-9-27,2020,fiction,3962/2020,Tři ekonomické jednotky,Frame Films s.r.o.,84.7143,5.785700000000006,True,500000.0,False,False,0.0
2020-2-9-27,2020,fiction,4001/2020,If I ever loose my eyes,Perfilm s.r.o.,82.1429,3.2143000000000086,True,450000.0,False,False,0.0
2020-2-9-27,2020,fiction,3954/2020,Asanace,Kuli Film s.r.o.,81.7143,2.7857000000000056,True,299000.0,False,False,0.0
2020-2-9-27,2020,fiction,3999/2020,Zracdlo moře,Analog Vision s.r.o.,76.1429,-2.7856999999999914,False,0.0,False,False,0.0
2020-2-9-27,2020,fiction,3976/2020,Polyspiratio,Marienbad Film z.s.,72.7143,-6.214299999999994,False,0.0,False,False,0.0
2020-2-9-27,2020,fiction,3998/2020,Orla,Wanda Kaprálová,70.1429,-8.785699999999991,False,0.0,False,False,0.0
2020-2-9-27,2020,fiction,4017/2020,Ningyó,Gnomon Production s.r.o.,63.7143,-15.214299999999987,False,0.0,False,False,0.0
2021-12-1-10,2021,animation,4506/2021,O snech,Barletta,87.3333,8.444399999999987,True,900000.0,False,False,0.0
2021-12-1-10,2021,animation,4507/2021,Malý Pán II.,"Bedna Films, s.r.o.",86.4444,7.555499999999995,True,7000000.0,False,False,0.0
2021-12-1-10,2021,animation,4522/2021,Čtyřhlas,MAUR film s.r.o.,85.6667,6.777799999999999,True,1300000.0,False,False,0.0
2021-12-1-10,2021,animation,4490/2021,Démon slatě,MAUR film,84.8889,6.0,True,380000.0,False,False,0.0
2021-12-1-10,2021,animation,4480/2021,Kokeš,Jan Míka,82.7778,3.8888999999999925,True,370000.0,False,False,0.0
2021-12-1-10,2021,animation,4494/2021,Tmání,Frame Films s.r.o.,82.0,3.1110999999999933,True,4950000.0,False,False,0.0
2021-12-1-10,2021,animation,4500/2021,Vlny,Automat Svět s.r.o.,81.6667,2.777799999999999,True,1000000.0,True,True,997137.0
2021-12-1-10,2021,animation,4503/2021,Kultura kriplů,Analog Vision,80.8889,2.0,True,1200000.0,False,False,0.0
2021-12-1-10,2021,animation,4491/2021,Jeanette,NEGATIV,76.8889,-2.0,False,0.0,False,False,0.0
2021-12-1-10,2021,animation,4497/2021,Jedenáctka,MAUR film s.r.o.,74.6667,-4.222200000000001,False,0.0,False,False,0.0
2021-12-1-10,2021,animation,4520/2021,Ahoj léto,Martin Smatana,74.4444,-4.444500000000005,False,0.0,False,False,0.0
2021-12-1-10,2021,animation,4524/2021,Královna noci,EALLIN TV,73.6667,-5.222200000000001,False,0.0,False,False,0.0
2021-12-1-10,2021,animation,4521/2021,Putování za velrybí písní,Progressivefx s.r.o.,69.5556,-9.333300000000008,False,0.0,False,False,0.0
2021-12-1-10,2021,animation,4496/2021,Websterovi II,13ka,67.4444,-11.444500000000005,False,0.0,False,False,0.0
2021-12-1-10,2021,animation,4487/2021,V lese,animation people s.r.o.,66.5556,-12.333300000000008,False,0.0,False,False,0.0
2021-12-1-10,2021,animation,4523/2021,Holubí voják,Gnomon Production,65.8889,-13.0,False,0.0,False,False,0.0
2021-12-1-10,2021,animation,4488/2021,U Nalitýho voka,Kouzelná animace,61.6667,-17.222200000000008,False,0.0,False,False,0.0
2021-12-1-10,2021,animation,4499/2021,Dopis od srdce,BFILM.cz s.r.o.,60.4444,-18.444500000000005,False,0.0,False,False,0.0
2021-12-1-10,2021,animation,4504/2021,ŠKID (SHKID),ARTCAM FILMS,60.4444,-18.444500000000005,False,0.0,False,False,0.0
2021-12-2-20,2021,animation,4734/2021,9 milionů barev,Bionaut,89.375,13.8125,True,1100000.0,False,False,0.0
2021-12-2-20,2021,animation,4733/2021,Electra a Poem,MAUR film s.r.o.,88.5,12.9375,True,3536000.0,False,False,0.0
2021-12-2-20,2021,animation,4685/2021,O krávě,MAUR film s.r.o.,84.625,9.0625,True,1700000.0,False,False,0.0
2021-12-2-20,2021,animation,4725/2021,Pyšná princezna,LUMINAR film s.r.o.,80.375,4.8125,True,6000000.0,True,True,42602.0
2021-12-2-20,2021,animation,4710/2021,Strach,Hausboot Production,78.75,3.1875,True,370000.0,False,False,0.0
2021-12-2-20,2021,animation,4701/2021,ANIMAMI,Kouzelná animace,78.5,2.9375,True,400000.0,False,False,0.0
2021-12-2-20,2021,animation,4700/2021,First 365 Days,Frame Films,76.0,0.4375,True,300000.0,False,False,0.0
2021-12-2-20,2021,animation,4732/2021,Postižky,Bionaut s.r.o.,74.375,-1.1875,False,0.0,False,False,0.0
2021-12-2-20,2021,animation,4714/2021,Koroljovův sen,nutprodukce,74.0,-1.5625,False,0.0,False,False,0.0
2021-12-2-20,2021,animation,4729/2021,Hun Tun,13ka s.r.o.,72.75,-2.8125,False,0.0,False,False,0.0
2021-12-2-20,2021,animation,4722/2021,Bob a Bobek - Na stopě Mrkvojeda,BoBa FILM,70.25,-5.3125,False,0.0,True,True,100362.0
2021-12-2-20,2021,animation,4735/2021,Pábitelé,Automat Svět s.r.o.,62.75,-12.8125,False,0.0,False,False,0.0
2021-12-2-20,2021,animation,4717/2021,O čápech,MAUR film,57.375,-18.1875,False,0.0,False,False,0.0
2021-12-2-20,2021,animation,4711/2021,James & Margaret,Whoomp,56.5,-19.0625,False,0.0,False,False,0.0
2021-12-2-20,2021,animation,4699/2021,Křižovatky,Kouzelná animace s.r.o.,54.125,-21.4375,False,0.0,False,False,0.0
2021-12-2-20,2021,animation,4702/2021,(S)MYSL,PPOP VISUALS,48.5,-27.0625,False,0.0,False,False,0.0
2021-2-1-4,2021,documentary,4172/2021,Nahoře i dole,NOW Production s.r.o.,87.4286,15.928600000000003,True,1600000.0,False,False,0.0
2021-2-1-4,2021,documentary,4178/2021,"Ještě nejsem, kým chci být",Somatic Films s.r.o.,86.0,14.5,True,1700000.0,True,True,14538.0
2021-2-1-4,2021,documentary,4162/2021,Blix,"Pink Productions, s.r.o.",83.0,11.5,True,1900000.0,True,True,305.0
2021-2-1-4,2021,documentary,4165/2021,15x15x5 Minisalon,Nomad Films s.r.o.,77.1429,5.642899999999997,True,1500000.0,False,False,0.0
2021-2-1-4,2021,documentary,4153/2021,PSO,Analog Vision s.r.o.,75.5714,4.071399999999997,True,2000000.0,False,True,0.0
2021-2-1-4,2021,documentary,4154/2021,Stop time,Eallin TV s.r.o.,67.4286,-4.071399999999997,False,0.0,True,True,410.0
2021-2-1-4,2021,documentary,4142/2021,Jan Werich: Když už člověk jednou je,Bio Illusion s.r.o.,66.5714,-4.928600000000003,False,0.0,True,True,9474.0
2021-2-1-4,2021,documentary,4189/2021,Šedá zóna,Daniela Meressa Rusnoková,64.8571,-6.642899999999997,False,0.0,False,False,0.0
2021-2-2-7,2021,fiction,4201/2021,Betlémské světlo,Biograf Jan Svěrák s.r.o.,89.7778,8.166700000000006,True,7000000.0,True,True,91663.0
2021-2-2-7,2021,fiction,4238/2021,V korunách stromů je klid,Sirius Films Manual s.r.o.,88.4444,6.833300000000008,True,6300000.0,False,False,0.0
2021-2-2-7,2021,fiction,4203/2021,Vlak,"Elekta Prague, s.r.o.",86.6667,5.0556000000000125,True,7000000.0,True,True,133737.0
2021-2-2-7,2021,fiction,4248/2021,Karavan,"MasterFilm, s.r.o.",85.7778,4.166700000000006,True,10400000.0,True,True,21827.0
2021-2-2-7,2021,fiction,4236/2021,Šnajdr,Evolution Films s.r.o.,85.1111,3.5,True,6300000.0,False,False,0.0
2021-2-2-7,2021,fiction,4242/2021,Banger,Shore Points s.r.o.,84.6667,3.0556000000000125,True,5000000.0,True,True,78173.0
2021-2-2-7,2021,fiction,4240/2021,Highlight,endorfilm s.r.o.,78.7778,-2.833299999999994,False,0.0,False,False,0.0
2021-2-2-7,2021,fiction,4192/2021,BUKO,Dorian film s.r.o.,75.2222,-6.3888999999999925,False,0.0,True,True,21372.0
2021-2-2-7,2021,fiction,4249/2021,Vypůjčené životy,UP&UP Production s.r.o.,74.5556,-7.055499999999995,False,0.0,False,False,0.0
2021-2-2-7,2021,fiction,4237/2021,MOR,"Unit and sofa Praha, s.r.o.",73.2222,-8.388899999999992,False,0.0,False,False,0.0
2021-2-2-7,2021,fiction,4247/2021,Spící město,IS Produkce s.r.o.,72.7778,-8.833299999999994,False,0.0,True,True,5797.0
2021-2-2-7,2021,fiction,4246/2021,Mýtus o opravdovém člověku,Analog Vision s.r.o.,67.7778,-13.833299999999994,False,0.0,False,False,0.0
2021-2-2-7,2021,fiction,4191/2021,Přání Ježíškovi,"Movie, s.r.o.",66.5556,-15.055499999999995,False,0.0,True,True,183205.0
2021-2-2-7,2021,fiction,4244/2021,Kruh v kruhu,"J & J JAKUBISKO FILM EUROPE, SE",65.5556,-16.055499999999995,False,0.0,False,False,0.0
2021-2-2-7,2021,fiction,4254/2021,Tajemství staré bambitky 2,Fairytale Prouction s.r.o.,64.7778,-16.833299999999994,False,0.0,True,True,471060.0
2021-2-2-7,2021,fiction,4209/2021,Ostrov,"Logline Production, s.r.o.",64.3333,-17.2778,False,0.0,True,True,334509.0
2021-2-2-7,2021,fiction,4197/2021,Řekni to psem,CINEART TV Prague s.r.o.,64.0,-17.611099999999993,False,0.0,True,True,51763.0
2021-2-2-7,2021,fiction,4205/2021,Jen se mi nedívej do očí,BFILM.cz s.r.o.,62.2222,-19.388899999999992,False,0.0,False,False,0.0
2021-2-2-7,2021,fiction,4211/2021,Princezna stokrát jinak,Bio Illusion s.r.o.,61.1111,-20.499999999999993,False,0.0,False,False,0.0
2021-2-2-7,2021,fiction,4210/2021,Nebožtíci neškemraj,GOLDEN BULL Production s.r.o.,60.3333,-21.277799999999992,False,0.0,False,False,0.0
2021-2-2-7,2021,fiction,4235/2021,Manipulace,ACTORESS PRODUCTION s.r.o.,45.6667,-35.944399999999995,False,0.0,False,False,0.0
2021-2-3-11,2021,fiction,4481/2021,JEJÍ TĚLO,CINEART TV PRAGUE s.r.o.,82.2222,8.611100000000008,True,7500000.0,True,True,80738.0
2021-2-3-11,2021,fiction,4489/2021,Počkám tady,Unit and Sofa Praha s.r.o.,65.0,-8.611099999999993,False,0.0,False,False,0.0
2021-2-6-19,2021,documentary,4660/2021,Hranice Evropy / Hranice práce 2,Hypermarket Film s.r.o.,93.0,13.428599999999989,True,2000000.0,False,False,0.0
2021-2-6-19,2021,documentary,4645/2021,Kunstkamera,"Athanor, Společnost pro filmovou tvorbu s.r.o. Jaromír Kallista & Jan Švankmajer",92.4286,12.857199999999992,True,900000.0,True,True,231.0
2021-2-6-19,2021,documentary,4670/2021,Daleko od Mikulova,Evolution Films s.r.o.,86.1429,6.571499999999986,True,1000000.0,False,False,0.0
2021-2-6-19,2021,documentary,4662/2021,Kdo tu dnes chybí?,Frame Films s.r.o.,86.1429,6.571499999999986,True,1500000.0,False,False,0.0
2021-2-6-19,2021,documentary,4666/2021,Údolí srdce,endorfilm s.r.o.,83.4286,3.8571999999999917,True,1500000.0,False,False,0.0
2021-2-6-19,2021,documentary,4673/2021,Legenda o PSH,Bionaut s.r.o.,82.7143,3.142899999999983,True,1500000.0,False,False,0.0
2021-2-6-19,2021,documentary,4664/2021,1+1+1,D1film s.r.o.,82.0,2.4285999999999888,True,1500000.0,False,False,0.0
2021-2-6-19,2021,documentary,4680/2021,Má to cenu?,GPO Platform s.r.o.,81.2857,1.7142999999999944,True,1100000.0,True,True,795.0
2021-2-6-19,2021,documentary,4678/2021,Ukrajinští kentauři,FenomART s.r.o.,81.2857,1.7142999999999944,True,1000000.0,False,False,0.0
2021-2-6-19,2021,documentary,4675/2021,Utíká,Hypermarket Film s.r.o.,77.8571,-1.7143000000000086,False,0.0,False,False,0.0
2021-2-6-19,2021,documentary,4656/2021,Karolína,Negativ s.r.o.,77.4286,-2.1428000000000083,False,0.0,False,False,0.0
2021-2-6-19,2021,documentary,4679/2021,Tatabojs.doc,"KOZA Film, s.r.o.",75.7143,-3.857100000000017,False,0.0,True,True,5084.0
2021-2-6-19,2021,documentary,4652/2021,Ta druhá,m3 Films s.r.o.,74.4286,-5.142800000000008,False,0.0,True,True,
2021-2-6-19,2021,documentary,4674/2021,Na vlnách moci,Prosvěta s.r.o.,73.8571,-5.714300000000009,False,0.0,False,False,0.0
2021-2-6-19,2021,documentary,4681/2021,Zámek,Jan Foukal,73.1429,-6.428500000000014,False,0.0,False,False,0.0
2021-2-6-19,2021,documentary,4677/2021,Dýmová hora,Silk Films s.r.o.,71.8571,-7.714300000000009,False,0.0,False,False,0.0
2021-2-6-19,2021,documentary,4661/2021,Václav Chochola,Bio Illusion s.r.o.,70.8571,-8.714300000000009,False,0.0,False,False,0.0
2021-2-6-19,2021,documentary,4658/2021,Kapitoly ze školní práce,CINEPOINT s.r.o.,69.5714,-10.000000000000014,False,0.0,False,False,0.0
2021-2-6-19,2021,documentary,4665/2021,Slunce živých mrtvých,Analog Vision s.r.o.,68.8571,-10.714300000000009,False,0.0,False,False,0.0
2021-2-6-19,2021,documentary,4663/2021,MF,Bio Illusion s.r.o.,66.4286,-13.142800000000008,False,0.0,False,False,0.0
2021-2-6-19,2021,documentary,4676/2021,Šedá zóna,KABOS Film & Media s.r.o.,65.7143,-13.857100000000017,False,0.0,False,False,0.0
2021-2-6-19,2021,documentary,4654/2021,Rezavé květy Čestmíra Sušky,BLUETIME s.r.o.,65.5714,-14.000000000000014,False,0.0,False,False,0.0
2021-2-6-19,2021,documentary,4672/2021,Místa zlomu,"Era Productions, s.r.o.",65.1429,-14.428500000000014,False,0.0,False,False,0.0
2021-2-6-19,2021,documentary,4648/2021,TO-MAN!,CINEART TV PRAGUE s.r.o.,64.7143,-14.857100000000017,False,0.0,False,False,0.0
2021-2-6-19,2021,documentary,4667/2021,13,DonArt production s.r.o.,63.4286,-16.14280000000001,False,0.0,False,False,0.0
2021-2-6-19,2021,documentary,4668/2021,Poslední dobrý rodák,Unit and Sofa Praha s.r.o.,62.1429,-17.428500000000014,False,0.0,False,False,0.0
2021-2-6-19,2021,documentary,4669/2021,Gaudeamus igitur,MEDIA OFFLINE s.r.o.,60.2857,-19.285700000000013,False,0.0,False,False,0.0
2021-2-6-19,2021,documentary,4655/2021,Dát bohatství smysl,MINI MAX FILMS s.r.o.,57.1429,-22.428500000000014,False,0.0,False,False,0.0
2021-2-7-21,2021,fiction,4715/2021,Pramen,Negativ s.r.o.,88.2,9.399999999999991,True,7000000.0,False,False,0.0
2021-2-7-21,2021,fiction,4707/2021,Úsvit,Barletta s.r.o.,87.8,8.999999999999986,True,14000000.0,True,True,55861.0
2021-2-7-21,2021,fiction,4736/2021,Světýlka,LOVE.FRAME s.r.o.,83.4,4.599999999999994,True,10000000.0,True,True,5048.0
2021-2-7-21,2021,fiction,4730/2021,Sucho,Negativ s.r.o.,82.8,3.999999999999986,True,10000000.0,True,True,14501.0
2021-2-7-21,2021,fiction,4737/2021,Anna is missing,Bionaut s.r.o.,82.4,3.5999999999999943,True,3000000.0,False,False,0.0
2021-2-7-21,2021,fiction,4726/2021,"Já, Anežka","AXMAN Production, spol. s.r.o.",77.4,-1.4000000000000057,False,0.0,False,False,0.0
2021-2-7-21,2021,fiction,4713/2021,Vlny,DAWSON films s.r.o.,76.6,-2.200000000000017,False,0.0,True,True,997137.0
2021-2-7-21,2021,fiction,4693/2021,Rok vdovy,Cinémotif Films s.r.o.,75.4,-3.4000000000000057,False,0.0,True,True,19158.0
2021-2-7-21,2021,fiction,4703/2021,Ukousnutý měsíc,LUMINAR Film s.r.o.,75.4,-3.4000000000000057,False,0.0,False,False,0.0
2021-2-7-21,2021,fiction,4697/2021,Cesta hrdinky,CINEART TV Prague,75.0,-3.8000000000000114,False,0.0,False,False,0.0
2021-2-7-21,2021,fiction,4712/2021,Thinking David,Helium Film s.r.o.,74.4,-4.400000000000006,False,0.0,False,False,0.0
2021-2-7-21,2021,fiction,4727/2021,Válka s mloky,Studio ZVON s.r.o.,73.2,-5.6000000000000085,False,0.0,False,False,0.0
2021-2-7-21,2021,fiction,4708/2021,Vánoční film,Background Films s.r.o.,72.4,-6.400000000000006,False,0.0,False,False,0.0
2021-2-7-21,2021,fiction,4738/2021,Daleko/Blízko,Shore Points s.r.o.,72.0,-6.800000000000011,False,0.0,False,False,0.0
2021-2-7-21,2021,fiction,4731/2021,Tatar,"Marlene Film Production, s.r.o.",68.8,-10.000000000000014,False,0.0,False,False,0.0
2021-2-7-21,2021,fiction,4718/2021,Šťastní a veselí,Evolution Films s.r.o.,66.6,-12.200000000000017,False,0.0,False,False,0.0
2021-2-7-21,2021,fiction,4696/2021,5+MY,CINEART TV Prague,66.2,-12.600000000000009,False,0.0,False,False,0.0
2021-2-7-21,2021,fiction,4721/2021,Výdech,DonArt Production s.r.o.,66.2,-12.600000000000009,False,0.0,False,False,0.0
2021-2-7-21,2021,fiction,4723/2021,Řízek s bramborovou kaší,"MasterFilm, s.r.o.",65.6,-13.200000000000017,False,0.0,False,False,0.0
2021-2-7-21,2021,fiction,4695/2021,Podivuhodný případ pana Holmese,Heaven´s Gate s.r.o.,65.2,-13.600000000000009,False,0.0,False,False,0.0
2021-2-7-21,2021,fiction,4720 /2021,Neúrodné časy,Alter Vision s.r.o.,63.6,-15.20000000000001,False,0.0,False,False,0.0
2021-2-7-21,2021,fiction,4709/2021,Pohani,UNOproduction s.r.o.,62.2,-16.60000000000001,False,0.0,True,True,449.0
2021-2-7-21,2021,fiction,4688/2021,Přání k narozeninám,"Movie, s.r.o.",59.6,-19.20000000000001,False,0.0,True,True,271946.0
2021-2-7-21,2021,fiction,4724/2021,Kruh v kruhu,"J a J Jakubisko Film Europe, SE",56.4,-22.400000000000013,False,0.0,False,False,0.0
2021-2-7-21,2021,fiction,4691/2021,Zbojník,BcA. Leoš Kastner,48.2,-30.60000000000001,False,0.0,False,False,0.0
2021-2-8-24,2021,fiction,4842/2021,Kinetopsie,i/o post s.r.o.,87.0,7.0625,True,550000.0,False,False,0.0
2021-2-8-24,2021,fiction,4846/2021,Satan mezi námi,Martin Ježek,85.0,5.0625,True,400000.0,False,False,0.0
2021-2-8-24,2021,fiction,4820/2021,Zákon času,Marina Films s.r.o.,83.875,3.9375,True,550000.0,False,False,0.0
2021-2-8-24,2021,fiction,4815/2021,Orla,CLAW AV s.r.o.,83.5,3.5625,True,500000.0,False,False,0.0
2021-2-8-24,2021,fiction,4770/2021,Can´t arrest a movement,Perfilm s.r.o.,76.375,-3.5625,False,0.0,False,False,0.0
2021-2-8-24,2021,fiction,4825/2021,Deník nenarozeného otce,Vernes s.r.o.,75.375,-4.5625,False,0.0,False,False,0.0
2021-2-8-24,2021,fiction,4774/2021,Domorodec,"MasterFilm, s.r.o.",72.75,-7.1875,False,0.0,False,False,0.0
2021-2-8-24,2021,fiction,4816/2021,Stranger Than Paradise,Silk Films s.r.o.,72.0,-7.9375,False,0.0,False,False,0.0
2021-2-8-24,2021,fiction,4834/2021,Efekt mořské panny,MAUR film s.r.o.,68.125,-11.8125,False,0.0,False,False,0.0
2021-2-8-24,2021,fiction,4808/2021,La reine,moloko film s.r.o.,66.0,-13.9375,False,0.0,True,True,0.0
2021-2-8-24,2021,fiction,4841/2021,Současné rituální tendence Čechů,Background Films s.r.o.,62.875,-17.0625,False,0.0,False,False,0.0
2021-2-8-24,2021,fiction,4785/2021,New nature,Lenka Morávková,58.25,-21.6875,False,0.0,False,False,0.0
2021-2-8-24,2021,fiction,4819/2021,Vernisáž,LOVE.FRAME s.r.o.,51.25,-28.6875,False,0.0,False,False,0.0
