i,j,n,gap,tele,jury,per1000
AL,AM,10,-3.6,1.0,4.6,
AL,AT,10,0.3,1.8,1.5,
AL,AU,8,-2.0,2.5,4.5,
AL,AZ,8,-2.5,2.125,4.625,
AL,BE,8,0.875,2.625,1.75,
AL,BG,8,2.875,7.625,4.75,
AL,BY,4,-1.75,0.0,1.75,
AL,CH,11,-3.0,3.727,6.727,
AL,CY,9,-0.111,4.333,4.444,
AL,CZ,8,0.125,0.25,0.125,
AL,DE,9,0.667,1.333,0.667,
AL,DK,8,0.25,0.625,0.375,
AL,EE,8,1.5,2.5,1.0,
AL,ES,9,-1.667,0.778,2.444,
AL,FI,9,2.222,3.222,1.0,
AL,FR,9,-2.889,2.333,5.222,
AL,GB,9,-1.778,0.778,2.556,
AL,GE,5,-0.2,0.0,0.2,
AL,GR,10,2.4,7.7,5.3,11.718
AL,HR,7,4.0,5.143,1.143,
AL,HU,3,2.0,2.333,0.333,
AL,IE,5,1.4,1.4,0.0,
AL,IL,10,-0.6,2.7,3.3,
AL,IS,8,-0.5,0.625,1.125,
AL,IT,9,2.778,10.0,7.222,3.302
AL,LT,11,1.182,1.273,0.091,
AL,LU,2,2.0,4.0,2.0,
AL,LV,8,-0.125,0.0,0.125,
AL,MD,9,-0.556,1.667,2.222,
AL,ME,1,0.0,0.0,0.0,
AL,MK,4,-4.5,6.5,11.0,0.197
AL,MT,5,-3.2,0.0,3.2,
AL,NL,9,0.444,3.0,2.556,
AL,NO,11,2.273,3.0,0.727,
AL,PL,8,0.5,1.0,0.5,
AL,PT,10,0.7,3.1,2.4,
AL,RO,3,0.333,1.333,1.0,
AL,RS,9,-1.0,1.0,2.0,
AL,RU,4,1.25,5.25,4.0,
AL,SE,11,-1.182,2.909,4.091,
AL,SI,7,-0.714,0.429,1.143,
AL,SM,4,1.25,5.0,3.75,
AL,UA,10,1.6,4.0,2.4,
AM,AL,8,0.0,0.625,0.625,
AM,AT,10,1.7,3.3,1.6,
AM,AU,7,-0.571,0.571,1.143,
AM,AZ,8,0.0,0.0,0.0,23.907
AM,BA,1,0.0,1.0,1.0,
AM,BE,6,0.667,2.333,1.667,
AM,BG,5,0.4,1.8,1.4,
AM,BY,3,2.667,3.333,0.667,
AM,CH,8,-1.0,3.375,4.375,
AM,CY,9,2.778,8.222,5.444,
AM,CZ,8,-1.125,2.125,3.25,
AM,DE,8,-0.125,0.625,0.75,0.199
AM,DK,6,0.167,0.167,0.0,
AM,EE,8,2.25,3.875,1.625,
AM,ES,8,-1.625,1.0,2.625,
AM,FI,8,-2.375,0.875,3.25,
AM,FR,8,-0.125,7.0,7.125,
AM,GB,8,-0.625,0.125,0.75,
AM,GE,3,0.667,7.0,6.333,12.891
AM,GR,9,1.444,5.778,4.333,0.072
AM,HR,8,0.125,1.625,1.5,
AM,HU,4,2.25,2.25,0.0,
AM,IE,4,0.5,0.5,0.0,
AM,IL,8,-0.625,3.375,4.0,
AM,IS,7,-0.429,0.429,0.857,
AM,IT,8,-0.625,2.875,3.5,
AM,LT,9,1.0,1.0,0.0,
AM,LU,2,0.0,0.0,0.0,
AM,LV,6,-1.0,0.0,1.0,
AM,MD,8,-1.0,3.875,4.875,
AM,ME,2,-4.5,0.5,5.0,
AM,MK,3,-4.0,2.0,6.0,
AM,MT,5,-2.2,5.6,7.8,
AM,NL,9,-0.667,3.333,4.0,
AM,NO,9,1.333,3.111,1.778,
AM,PL,6,0.833,1.333,0.5,
AM,PT,8,-2.25,3.625,5.875,
AM,RO,3,0.0,0.667,0.667,
AM,RS,6,0.167,1.0,0.833,
AM,RU,4,6.75,12.0,5.25,7.427
AM,SE,10,-3.3,3.5,6.8,
AM,SI,6,0.0,0.0,0.0,
AM,SM,3,0.0,0.0,0.0,
AM,UA,8,2.5,5.0,2.5,0.866
AT,AL,9,0.333,2.111,1.778,0.569
AT,AM,10,-2.9,1.5,4.4,0.386
AT,AU,6,-1.0,1.0,2.0,
AT,AZ,8,-0.25,1.5,1.75,
AT,BA,1,12.0,12.0,0.0,18.575
AT,BE,6,-1.5,1.333,2.833,
AT,BG,8,-2.0,3.625,5.625,3.212
AT,BY,4,-3.25,0.25,3.5,
AT,CH,11,-0.727,5.455,6.182,1.772
AT,CY,9,0.889,1.111,0.222,
AT,CZ,8,-1.25,2.875,4.125,4.121
AT,DE,9,2.222,3.556,1.333,27.368
AT,DK,8,-1.375,1.25,2.625,
AT,EE,10,-0.2,1.1,1.3,
AT,ES,9,-0.556,0.111,0.667,0.948
AT,FI,9,-0.556,2.556,3.111,
AT,FR,9,-2.0,1.444,3.444,1.075
AT,GB,9,-1.333,0.889,2.222,1.405
AT,GE,3,0.0,0.0,0.0,0.42
AT,GR,10,-1.0,0.0,1.0,0.801
AT,HR,9,3.111,6.444,3.333,5.469
AT,HU,5,4.0,5.6,1.6,7.854
AT,IE,5,-0.2,4.2,4.4,
AT,IL,10,1.2,3.6,2.4,
AT,IS,8,0.375,3.75,3.375,
AT,IT,9,1.333,6.222,4.889,3.964
AT,LT,11,-0.273,0.636,0.909,
AT,LU,2,-0.5,0.0,0.5,
AT,LV,6,-0.833,0.0,0.833,
AT,MD,9,2.667,2.889,0.222,0.42
AT,ME,1,0.0,0.0,0.0,
AT,MK,4,-3.75,1.25,5.0,3.051
AT,MT,7,-6.0,0.286,6.286,
AT,NL,11,-2.273,3.727,6.0,1.04
AT,NO,11,1.455,3.455,2.0,
AT,PL,6,4.0,4.0,0.0,8.492
AT,PT,9,-2.444,2.222,4.667,
AT,RO,4,4.25,4.25,0.0,12.895
AT,RS,9,5.889,6.778,0.889,16.017
AT,RU,5,2.6,4.8,2.2,3.888
AT,SE,10,-3.7,2.3,6.0,
AT,SI,5,-1.8,0.4,2.2,2.787
AT,SM,6,0.667,0.833,0.167,
AT,UA,9,5.222,5.889,0.667,4.683
AU,AL,7,0.571,0.571,0.0,0.151
AU,AM,7,0.0,0.857,0.857,0.057
AU,AT,6,-1.333,2.167,3.5,0.603
AU,AZ,8,-1.5,0.375,1.875,0.028
AU,BE,10,-1.4,3.5,4.9,0.303
AU,BG,5,-0.2,5.0,5.2,0.163
AU,BY,4,-1.0,0.5,1.5,0.094
AU,CH,7,-0.429,2.714,3.143,0.527
AU,CY,11,1.091,3.182,2.091,0.733
AU,CZ,8,-0.75,2.75,3.5,0.473
AU,DE,9,-1.222,0.222,1.444,4.234
AU,DK,6,2.667,5.167,2.5,0.386
AU,EE,8,-1.125,2.0,3.125,0.135
AU,ES,9,-2.222,0.889,3.111,0.737
AU,FI,9,2.0,4.111,2.111,0.324
AU,FR,9,-0.556,2.0,2.556,1.535
AU,GB,9,0.0,2.222,2.222,45.118
AU,GE,7,-0.714,0.143,0.857,0.029
AU,GR,8,0.125,2.625,2.5,4.047
AU,HR,5,2.2,4.0,1.8,2.162
AU,HU,5,-1.2,0.8,2.0,0.792
AU,IE,5,1.6,6.6,5.0,3.477
AU,IL,11,0.636,4.636,4.0,0.463
AU,IS,6,1.0,5.667,4.667,0.019
AU,IT,9,-0.222,1.667,1.889,6.728
AU,LT,9,-0.444,2.778,3.222,0.127
AU,LU,2,-1.0,0.0,1.0,0.012
AU,LV,6,-1.333,1.167,2.5,0.171
AU,MD,7,1.571,6.143,4.571,0.052
AU,ME,4,1.75,1.75,0.0,0.076
AU,MK,4,-3.0,1.0,4.0,2.02
AU,MT,7,0.714,5.714,5.0,1.538
AU,NL,8,-1.25,0.875,2.125,2.899
AU,NO,11,2.273,3.545,1.273,0.16
AU,PL,10,-1.2,1.5,2.7,2.046
AU,PT,9,0.0,2.333,2.333,0.718
AU,RO,5,2.8,2.8,0.0,0.666
AU,RS,11,0.455,2.182,1.727,1.238
AU,RU,5,0.0,2.4,2.4,1.108
AU,SE,13,-2.538,4.846,7.385,0.455
AU,SI,9,-0.556,0.556,1.111,0.264
AU,SM,6,2.0,2.167,0.167,
AU,UA,11,2.727,5.091,2.364,0.703
AZ,AL,8,-4.625,1.75,6.375,
AZ,AM,10,0.0,0.0,0.0,12.893
AZ,AT,9,2.333,2.333,0.0,
AZ,AU,9,-2.0,1.444,3.444,0.01
AZ,BA,1,-5.0,5.0,10.0,
AZ,BE,9,0.778,1.889,1.111,
AZ,BG,5,1.4,5.0,3.6,
AZ,BY,3,-2.667,5.667,8.333,0.029
AZ,CH,8,1.375,4.125,2.75,
AZ,CY,12,2.417,3.833,1.417,
AZ,CZ,9,1.111,2.444,1.333,
AZ,DE,9,-0.111,0.333,0.444,0.02
AZ,DK,5,0.0,0.0,0.0,
AZ,EE,9,-0.778,1.444,2.222,0.002
AZ,ES,9,-0.667,1.333,2.0,
AZ,FI,10,1.6,2.3,0.7,
AZ,FR,9,1.111,1.667,0.556,
AZ,GB,9,-0.444,0.889,1.333,
AZ,GE,4,1.25,4.5,3.25,2.606
AZ,GR,9,-4.0,0.444,4.444,
AZ,HR,8,0.0,1.875,1.875,
AZ,HU,4,0.25,5.25,5.0,
AZ,IE,6,-0.5,1.667,2.167,
AZ,IL,11,5.091,8.545,3.455,
AZ,IS,7,-0.286,0.0,0.286,
AZ,IT,9,0.222,4.333,4.111,
AZ,LT,10,0.0,0.6,0.6,
AZ,LU,2,-4.0,0.0,4.0,
AZ,LV,5,-0.4,0.8,1.2,
AZ,MD,8,-1.625,3.125,4.75,0.015
AZ,ME,3,-3.333,1.667,5.0,
AZ,MK,5,-2.8,2.0,4.8,
AZ,MT,8,-1.5,4.125,5.625,
AZ,NL,9,0.889,2.111,1.222,0.015
AZ,NO,10,4.5,4.5,0.0,
AZ,PL,7,-2.714,0.857,3.571,
AZ,PT,8,-2.375,2.0,4.375,
AZ,RO,5,-1.0,2.6,3.6,0.013
AZ,RS,8,-0.875,0.75,1.625,
AZ,RU,6,-1.667,10.333,12.0,2.315
AZ,SE,13,-0.462,3.077,3.538,
AZ,SI,6,-1.0,0.833,1.833,
AZ,SM,5,4.0,4.6,0.6,
AZ,UA,9,1.111,7.111,6.0,0.384
BA,AM,2,-3.0,1.5,4.5,
BA,AT,2,5.5,5.5,0.0,0.059
BA,AU,1,-7.0,3.0,10.0,
BA,AZ,2,5.5,9.0,3.5,
BA,BE,1,0.0,0.0,0.0,
BA,BG,1,-1.0,2.0,3.0,
BA,CY,2,1.0,1.0,0.0,
BA,CZ,2,-7.0,2.0,9.0,
BA,DE,1,0.0,0.0,0.0,0.157
BA,EE,1,0.0,0.0,0.0,
BA,ES,1,0.0,0.0,0.0,
BA,FI,1,0.0,0.0,0.0,
BA,FR,1,-3.0,4.0,7.0,0.049
BA,GB,1,0.0,0.0,0.0,
BA,GE,1,0.0,0.0,0.0,
BA,GR,1,0.0,0.0,0.0,
BA,HR,2,6.5,11.0,4.5,3.631
BA,HU,2,-1.0,1.0,2.0,0.045
BA,IL,1,0.0,0.0,0.0,
BA,IS,1,0.0,0.0,0.0,
BA,IT,1,0.0,0.0,0.0,0.033
BA,LT,1,0.0,0.0,0.0,
BA,LV,1,0.0,0.0,0.0,
BA,MD,1,0.0,0.0,0.0,
BA,ME,1,5.0,8.0,3.0,1.25
BA,MT,2,1.5,2.5,1.0,
BA,NL,2,-0.5,0.0,0.5,
BA,PL,1,0.0,0.0,0.0,
BA,RS,1,4.0,12.0,8.0,2.905
BA,RU,2,0.0,6.5,6.5,0.05
BA,SE,1,0.0,0.0,0.0,
BA,SM,1,-10.0,0.0,10.0,
BA,UA,1,-5.0,7.0,12.0,
BE,AL,8,0.75,1.5,0.75,1.107
BE,AM,8,3.125,3.875,0.75,0.192
BE,AT,7,-5.286,2.714,8.0,0.289
BE,AU,11,-3.364,2.909,6.273,
BE,AZ,9,-1.111,0.556,1.667,
BE,BG,6,-1.667,3.333,5.0,3.118
BE,BY,5,-0.8,0.0,0.8,
BE,CH,8,-3.875,1.875,5.75,0.471
BE,CY,12,-0.25,1.833,2.083,
BE,CZ,9,-2.889,2.222,5.111,
BE,DE,9,-1.333,0.222,1.556,6.91
BE,DK,5,1.8,2.0,0.2,
BE,EE,9,1.0,2.889,1.889,
BE,ES,9,-0.556,1.333,1.889,4.508
BE,FI,10,0.5,2.7,2.2,0.221
BE,FR,9,3.111,6.778,3.667,16.422
BE,GB,9,-1.889,0.333,2.222,1.943
BE,GE,6,-3.0,0.0,3.0,
BE,GR,9,1.333,2.333,1.0,1.57
BE,HR,6,1.167,1.333,0.167,
BE,HU,4,-0.25,0.25,0.5,0.712
BE,IE,6,1.667,3.833,2.167,0.302
BE,IL,12,-0.333,3.917,4.25,0.303
BE,IS,7,-1.571,2.143,3.714,
BE,IT,9,-1.0,4.667,5.667,10.195
BE,LT,10,2.2,2.7,0.5,0.232
BE,LU,2,0.5,0.5,0.0,1.356
BE,LV,5,-0.8,0.6,1.4,0.16
BE,MD,6,4.0,4.167,0.167,0.262
BE,ME,3,0.0,0.0,0.0,
BE,MK,5,0.0,0.0,0.0,0.15
BE,MT,6,0.5,2.667,2.167,
BE,NL,7,5.143,8.429,3.286,11.419
BE,NO,10,0.4,2.2,1.8,
BE,PL,9,6.667,8.222,1.556,6.67
BE,PT,9,1.0,3.667,2.667,3.28
BE,RO,4,2.5,3.75,1.25,8.075
BE,RS,10,-0.5,0.8,1.3,
BE,RU,4,-2.5,2.25,4.75,0.704
BE,SE,12,-2.25,4.083,6.333,0.278
BE,SI,8,-0.25,0.625,0.875,
BE,SM,5,-2.0,0.4,2.4,
BE,UA,10,1.3,4.8,3.5,2.26
BG,AL,6,-2.333,0.833,3.167,0.195
BG,AM,5,-0.4,5.8,6.2,0.244
BG,AT,7,-4.857,2.286,7.143,0.218
BG,AU,5,-1.6,2.4,4.0,0.035
BG,AZ,5,-0.6,1.0,1.6,0.271
BG,BE,6,-4.0,2.333,6.333,0.292
BG,BY,4,0.75,2.75,2.0,0.118
BG,CH,7,-1.143,2.0,3.143,0.08
BG,CY,5,5.6,6.8,1.2,0.186
BG,CZ,5,-2.8,1.2,4.0,0.217
BG,DE,5,-1.2,0.0,1.2,1.431
BG,DK,6,-0.5,0.5,1.0,0.057
BG,EE,5,0.4,1.8,1.4,0.014
BG,ES,5,-1.6,1.6,3.2,0.945
BG,FI,5,3.8,4.2,0.4,0.032
BG,FR,5,2.0,4.4,2.4,0.366
BG,GB,5,-1.4,0.6,2.0,1.435
BG,GE,3,-3.0,0.667,3.667,0.059
BG,GR,6,-1.333,6.333,7.667,1.175
BG,HR,5,-1.4,1.8,3.2,0.016
BG,HU,4,4.75,4.75,0.0,0.048
BG,IE,4,-0.5,0.0,0.5,0.045
BG,IL,7,-0.571,4.429,5.0,0.094
BG,IS,5,1.2,1.2,0.0,0.004
BG,IT,5,1.8,4.0,2.2,0.508
BG,LT,8,-2.0,1.0,3.0,0.021
BG,LV,4,-0.75,0.0,0.75,0.027
BG,MD,6,1.333,5.5,4.167,0.449
BG,MK,3,8.333,8.333,0.0,0.464
BG,MT,3,-6.333,0.0,6.333,0.014
BG,NL,7,-3.143,0.571,3.714,0.21
BG,NO,7,-0.714,1.286,2.0,0.062
BG,PL,5,0.4,2.4,2.0,0.243
BG,PT,6,-0.833,3.0,3.833,0.08
BG,RO,3,5.333,6.333,1.0,0.565
BG,RS,7,3.143,5.286,2.143,0.402
BG,RU,2,6.5,9.5,3.0,4.033
BG,SE,5,0.8,1.2,0.4,0.063
BG,SI,3,-0.333,0.0,0.333,0.017
BG,SM,3,-0.667,0.0,0.667,0.001
BG,UA,7,6.857,7.571,0.714,1.362
BY,AL,4,-4.75,0.0,4.75,
BY,AM,3,4.0,6.333,2.333,0.604
BY,AT,5,-3.4,0.8,4.2,0.006
BY,AU,6,-1.833,3.333,5.167,0.003
BY,AZ,4,1.75,3.5,1.75,1.422
BY,BE,5,-0.8,2.4,3.2,0.004
BY,BG,6,1.333,7.0,5.667,0.006
BY,CH,4,0.5,1.5,1.0,0.003
BY,CY,6,-2.333,1.667,4.0,
BY,CZ,5,-1.4,3.2,4.6,0.01
BY,DE,4,0.0,0.0,0.0,0.007
BY,DK,5,-0.8,1.4,2.2,0.021
BY,EE,5,0.8,3.4,2.6,0.341
BY,ES,4,0.0,0.0,0.0,0.004
BY,FI,3,-1.0,0.0,1.0,0.222
BY,FR,4,1.0,1.0,0.0,
BY,GB,4,0.0,0.0,0.0,0.049
BY,GE,3,-3.0,1.0,4.0,0.897
BY,GR,4,-2.0,0.0,2.0,0.011
BY,HR,4,-1.75,1.0,2.75,
BY,HU,5,4.2,4.6,0.4,0.036
BY,IE,4,0.5,1.0,0.5,0.002
BY,IL,7,2.571,3.714,1.143,0.041
BY,IS,3,3.667,6.333,2.667,
BY,IT,4,0.0,1.75,1.75,0.002
BY,LT,5,-3.0,3.4,6.4,1.833
BY,LV,2,5.0,5.0,0.0,1.108
BY,MD,2,8.0,8.0,0.0,0.802
BY,ME,1,0.0,0.0,0.0,
BY,MK,4,-2.5,0.0,2.5,
BY,MT,3,-7.333,0.0,7.333,
BY,NL,5,-1.8,2.0,3.8,
BY,NO,5,0.4,6.4,6.0,0.006
BY,PL,4,2.25,4.25,2.0,0.05
BY,PT,3,-0.333,3.0,3.333,
BY,RO,2,3.5,3.5,0.0,0.002
BY,RS,6,-0.833,0.667,1.5,0.004
BY,RU,2,5.5,12.0,6.5,71.908
BY,SE,4,-3.5,1.25,4.75,0.036
BY,SI,4,2.25,3.25,1.0,
BY,SM,3,1.667,2.667,1.0,
BY,UA,4,5.25,8.75,3.5,23.823
CH,AL,10,8.9,9.4,0.5,
CH,AM,9,-0.444,0.667,1.111,
CH,AT,11,0.0,3.818,3.818,6.811
CH,AU,7,-4.429,1.0,5.429,
CH,AZ,7,0.286,0.571,0.286,
CH,BE,7,-1.143,2.143,3.286,2.022
CH,BG,9,-3.778,2.0,5.778,0.996
CH,BY,5,-0.4,0.0,0.4,
CH,CY,8,-0.125,1.25,1.375,
CH,CZ,7,-2.429,0.429,2.857,1.814
CH,DE,9,0.889,2.889,2.0,41.613
CH,DK,9,0.111,1.222,1.111,
CH,EE,9,-3.889,0.556,4.444,
CH,ES,9,0.222,1.556,1.333,7.995
CH,FI,8,1.375,2.875,1.5,
CH,FR,9,-0.333,2.778,3.111,20.423
CH,GB,9,-1.0,0.556,1.556,5.414
CH,GE,4,0.0,0.0,0.0,
CH,GR,9,-2.222,1.667,3.889,1.863
CH,HR,8,5.125,6.125,1.0,2.307
CH,HU,4,1.25,3.25,2.0,2.802
CH,IE,6,-3.333,1.333,4.667,
CH,IL,11,1.455,4.091,2.636,
CH,IS,7,-1.0,1.857,2.857,
CH,IT,9,4.0,9.0,5.0,30.993
CH,LT,12,-2.917,0.417,3.333,
CH,LU,2,0.0,0.0,0.0,
CH,LV,7,-2.571,0.0,2.571,
CH,MD,8,0.75,1.375,0.625,
CH,MK,5,-0.8,3.2,4.0,8.023
CH,MT,6,-1.667,0.0,1.667,
CH,NL,10,-5.1,1.9,7.0,2.736
CH,NO,12,-1.833,1.667,3.5,
CH,PL,7,2.286,2.286,0.0,4.854
CH,PT,9,2.0,7.556,5.556,24.104
CH,RO,4,2.75,2.75,0.0,2.786
CH,RS,10,8.4,9.7,1.3,7.716
CH,RU,4,0.5,2.25,1.75,2.927
CH,SE,10,-2.7,2.9,5.6,1.118
CH,SI,6,0.0,0.0,0.0,
CH,SM,5,-0.4,0.0,0.4,
CH,UA,10,1.2,3.7,2.5,3.552
CY,AL,7,-2.714,0.0,2.714,0.213
CY,AM,9,1.333,4.333,3.0,0.915
CY,AT,8,-1.75,1.25,3.0,0.274
CY,AU,10,-3.0,1.7,4.7,2.302
CY,AZ,10,-2.1,2.2,4.3,0.027
CY,BA,1,0.0,0.0,0.0,0.052
CY,BE,10,-1.4,1.5,2.9,0.199
CY,BG,5,6.6,10.2,3.6,4.765
CY,BY,4,2.75,2.75,0.0,0.26
CY,CH,7,-0.571,1.857,2.429,0.289
CY,CZ,10,0.4,2.2,1.8,0.52
CY,DE,9,0.333,0.333,0.0,2.01
CY,DK,4,0.0,0.0,0.0,0.128
CY,EE,10,1.4,2.7,1.3,0.02
CY,ES,9,-0.778,1.333,2.111,0.119
CY,FI,11,-0.273,1.182,1.455,0.38
CY,FR,9,-1.0,3.778,4.778,0.707
CY,GB,9,-0.222,0.667,0.889,27.924
CY,GE,5,0.8,2.2,1.4,11.876
CY,GR,10,1.6,11.8,10.2,18.359
CY,HR,7,-3.0,1.143,4.143,0.064
CY,HU,5,-0.8,2.0,2.8,0.268
CY,IE,5,0.2,0.8,0.6,0.593
CY,IL,11,2.636,6.091,3.455,0.294
CY,IS,8,-1.0,0.125,1.125,0.024
CY,IT,9,-0.222,5.222,5.444,0.371
CY,LT,9,3.111,3.444,0.333,0.071
CY,LU,2,-2.0,0.0,2.0,0.006
CY,LV,4,0.0,0.0,0.0,0.127
CY,MD,7,0.857,2.286,1.429,0.729
CY,ME,4,-1.0,0.0,1.0,
CY,MK,4,0.0,0.0,0.0,0.014
CY,MT,7,-3.429,2.143,5.571,0.024
CY,NL,8,-0.25,1.375,1.625,0.372
CY,NO,9,1.889,1.889,0.0,0.152
CY,PL,8,1.5,2.75,1.25,0.548
CY,PT,9,-1.0,1.444,2.444,0.047
CY,RO,4,3.25,5.75,2.5,4.165
CY,RS,9,0.444,2.667,2.222,1.949
CY,RU,5,-1.6,8.0,9.6,10.07
CY,SE,12,-3.583,2.5,6.083,0.704
CY,SI,7,-1.571,0.0,1.571,0.01
CY,SM,6,0.833,1.333,0.5,
CY,UA,9,5.667,6.556,0.889,2.535
CZ,AL,8,-0.5,1.0,1.5,
CZ,AM,9,2.889,4.667,1.778,0.227
CZ,AT,9,0.444,2.111,1.667,0.258
CZ,AU,9,-1.556,2.667,4.222,
CZ,AZ,9,4.333,6.111,1.778,0.14
CZ,BA,1,5.0,7.0,2.0,0.273
CZ,BE,9,-1.889,1.111,3.0,0.104
CZ,BG,6,0.333,4.333,4.0,1.058
CZ,BY,4,-0.5,1.5,2.0,0.601
CZ,CH,8,-1.625,2.75,4.375,0.098
CZ,CY,12,0.667,2.0,1.333,
CZ,DE,9,-1.556,0.444,2.0,1.054
CZ,DK,5,0.0,2.0,2.0,
CZ,EE,11,1.818,3.455,1.636,
CZ,ES,9,-0.444,0.667,1.111,0.205
CZ,FI,12,1.25,3.333,2.083,
CZ,FR,9,-2.556,0.667,3.222,0.406
CZ,GB,9,-3.222,0.222,3.444,0.795
CZ,GE,6,-1.0,0.0,1.0,0.142
CZ,GR,11,-0.091,1.091,1.182,0.199
CZ,HR,6,-0.333,2.333,2.667,0.207
CZ,HU,5,-3.4,2.2,5.6,0.375
CZ,IE,4,-2.5,3.75,6.25,0.092
CZ,IL,10,3.2,5.6,2.4,
CZ,IS,9,-0.111,3.222,3.333,
CZ,IT,9,-1.0,1.333,2.333,0.454
CZ,LT,8,-1.25,0.25,1.5,
CZ,LU,2,0.0,0.0,0.0,
CZ,LV,5,-0.2,0.0,0.2,
CZ,MD,8,6.125,7.25,1.125,0.892
CZ,ME,4,-0.5,0.0,0.5,
CZ,MK,3,-5.0,0.667,5.667,0.208
CZ,MT,6,-4.333,0.167,4.5,
CZ,NL,8,-3.875,0.875,4.75,0.179
CZ,NO,8,1.625,2.75,1.125,
CZ,PL,9,2.778,4.889,2.111,1.987
CZ,PT,10,-3.8,1.9,5.7,
CZ,RO,3,3.333,3.333,0.0,1.107
CZ,RS,10,2.1,3.1,1.0,0.41
CZ,RU,4,8.25,8.75,0.5,3.651
CZ,SE,11,-5.273,2.818,8.091,
CZ,SI,6,-4.333,1.5,5.833,
CZ,SM,7,1.429,1.714,0.286,
CZ,UA,8,7.625,11.125,3.5,26.653
DE,AL,7,2.571,2.571,0.0,
DE,AM,7,-0.143,0.857,1.0,
DE,AT,8,-1.375,2.75,4.125,2.574
DE,AU,10,-3.3,3.0,6.3,
DE,AZ,8,-1.625,0.75,2.375,
DE,BE,8,0.5,2.75,2.25,
DE,BG,6,1.0,4.667,3.667,2.606
DE,BY,4,-0.5,0.0,0.5,
DE,CH,9,-0.778,3.778,4.556,
DE,CY,9,-0.889,0.778,1.667,
DE,CZ,6,1.5,2.333,0.833,4.296
DE,DK,8,1.25,2.125,0.875,
DE,EE,8,-0.625,1.375,2.0,
DE,ES,9,-2.111,0.222,2.333,1.763
DE,FI,7,3.714,3.857,0.143,
DE,FR,9,-2.222,1.778,4.0,1.813
DE,GB,9,-1.222,0.778,2.0,
DE,GE,5,-3.2,1.0,4.2,
DE,GR,6,1.5,2.5,1.0,2.914
DE,HR,7,3.429,5.714,2.286,2.885
DE,HU,5,4.4,4.6,0.2,2.355
DE,IE,7,-0.571,1.143,1.714,
DE,IL,12,0.833,4.25,3.417,
DE,IS,4,1.5,2.25,0.75,
DE,IT,9,1.778,5.333,3.556,5.156
DE,LT,11,1.818,3.182,1.364,
DE,LU,2,-1.5,0.0,1.5,
DE,LV,6,-2.333,0.5,2.833,
DE,MD,7,2.571,3.143,0.571,
DE,ME,2,0.0,0.0,0.0,
DE,MK,6,-4.167,1.0,5.167,1.207
DE,MT,9,-4.0,0.889,4.889,
DE,NL,10,-2.2,3.1,5.3,
DE,NO,13,-0.538,3.0,3.538,
DE,PL,8,7.875,8.375,0.5,21.63
DE,PT,7,0.286,1.714,1.429,
DE,RO,7,-0.143,2.571,2.714,9.726
DE,RS,11,1.455,2.455,1.0,2.759
DE,RU,6,4.833,6.333,1.5,12.351
DE,SE,13,-5.538,2.538,8.077,
DE,SI,7,0.286,0.714,0.429,
DE,SM,6,0.167,0.167,0.0,
DE,UA,11,1.727,5.364,3.636,6.888
DK,AL,9,-1.889,0.0,1.889,0.125
DK,AM,8,-0.25,0.625,0.875,0.13
DK,AT,10,-1.6,2.3,3.9,0.344
DK,AU,8,-2.75,4.0,6.75,0.572
DK,AZ,6,1.167,2.0,0.833,0.065
DK,BE,6,1.833,5.333,3.5,0.403
DK,BG,8,-0.75,3.75,4.5,1.552
DK,BY,4,0.25,0.25,0.0,0.131
DK,CH,11,-3.091,3.273,6.364,0.511
DK,CY,7,-1.0,0.429,1.429,0.052
DK,CZ,6,1.0,1.0,0.0,0.324
DK,DE,9,-0.778,1.444,2.222,6.7
DK,EE,8,1.875,3.125,1.25,0.248
DK,ES,9,-1.0,0.222,1.222,1.469
DK,FI,7,1.0,5.143,4.143,0.673
DK,FR,9,-0.667,1.333,2.0,1.454
DK,GB,9,-0.556,1.0,1.556,3.702
DK,GE,5,0.2,0.2,0.0,0.045
DK,GR,8,-2.625,0.375,3.0,0.691
DK,HR,7,-0.143,1.714,1.857,0.37
DK,HU,5,0.8,1.4,0.6,0.897
DK,IE,5,0.6,3.2,2.6,0.346
DK,IL,10,0.3,2.2,1.9,0.308
DK,IS,6,4.0,7.833,3.833,1.459
DK,IT,9,0.222,1.222,1.0,1.799
DK,LT,11,1.091,3.545,2.455,2.153
DK,LU,2,-0.5,0.0,0.5,0.124
DK,LV,8,-3.125,1.0,4.125,0.902
DK,MD,9,2.556,3.111,0.556,0.224
DK,ME,1,0.0,0.0,0.0,0.063
DK,MK,4,-4.75,0.25,5.0,0.61
DK,MT,7,-0.571,1.143,1.714,0.024
DK,NL,11,-1.545,4.182,5.727,1.345
DK,NO,13,3.692,8.231,4.538,3.484
DK,PL,8,3.75,3.875,0.125,7.169
DK,PT,9,-1.556,1.778,3.333,0.6
DK,RO,5,2.4,2.4,0.0,4.513
DK,RS,11,-1.0,0.0,1.0,0.291
DK,RU,5,0.2,1.4,1.2,1.116
DK,SE,11,1.818,9.727,7.909,4.211
DK,SI,7,-0.143,0.429,0.571,0.08
DK,SM,6,-1.333,0.333,1.667,0.001
DK,UA,11,2.091,5.364,3.273,3.321
EE,AL,7,-0.429,0.0,0.429,0.031
EE,AM,8,-0.5,0.125,0.625,0.544
EE,AT,10,-1.0,3.0,4.0,0.124
EE,AU,8,-2.75,2.75,5.5,0.143
EE,AZ,8,-2.875,0.125,3.0,1.187
EE,BA,1,0.0,0.0,0.0,0.004
EE,BE,8,1.125,3.25,2.125,0.182
EE,BG,7,-5.0,2.714,7.714,0.232
EE,BY,5,0.8,3.0,2.2,8.129
EE,CH,9,-4.0,2.778,6.778,0.095
EE,CY,11,-1.909,1.545,3.455,0.03
EE,CZ,10,-0.5,2.8,3.3,0.21
EE,DE,9,-0.556,0.556,1.111,1.766
EE,DK,6,1.167,3.667,2.5,0.155
EE,ES,9,-0.111,0.111,0.222,0.491
EE,FI,11,5.364,10.273,4.909,4.305
EE,FR,9,-1.333,1.667,3.0,0.649
EE,GB,9,-1.444,0.556,2.0,0.865
EE,GE,5,0.2,0.8,0.6,1.312
EE,GR,10,-1.3,0.0,1.3,0.114
EE,HR,7,0.286,2.143,1.857,0.027
EE,HU,6,2.333,4.5,2.167,0.164
EE,IE,5,-0.6,2.8,3.4,0.211
EE,IL,11,0.364,1.182,0.818,0.069
EE,IS,8,0.875,3.625,2.75,0.03
EE,IT,9,0.444,3.222,2.778,0.834
EE,LT,9,2.556,6.111,3.556,1.604
EE,LU,2,0.0,0.0,0.0,0.021
EE,LV,4,1.75,4.75,3.0,4.266
EE,MD,7,3.286,3.286,0.0,0.799
EE,ME,3,0.0,0.0,0.0,0.004
EE,MK,4,0.0,0.0,0.0,0.012
EE,MT,7,-1.571,0.714,2.286,0.007
EE,NL,9,-1.444,2.778,4.222,0.21
EE,NO,9,0.667,3.333,2.667,0.301
EE,PL,8,0.375,1.5,1.125,0.568
EE,PT,9,-1.556,1.667,3.222,0.169
EE,RO,4,4.5,5.0,0.5,0.255
EE,RS,11,-1.091,0.364,1.455,0.035
EE,RU,4,8.75,10.5,1.75,93.895
EE,SE,10,-2.2,6.0,8.2,0.652
EE,SI,5,3.0,3.0,0.0,0.03
EE,SM,8,1.75,2.25,0.5,
EE,UA,8,2.875,6.375,3.5,17.685
ES,AL,8,0.125,1.0,0.875,
ES,AM,9,-0.222,2.778,3.0,
ES,AT,9,-2.222,2.0,4.222,
ES,AU,9,-5.333,1.778,7.111,
ES,AZ,9,-4.667,0.111,4.778,
ES,BA,1,0.0,0.0,0.0,
ES,BE,9,-1.0,2.111,3.111,0.985
ES,BG,6,5.833,8.833,3.0,2.499
ES,BY,4,-1.75,0.0,1.75,
ES,CH,8,-3.0,3.875,6.875,1.219
ES,CY,12,-1.417,1.917,3.333,
ES,CZ,11,-0.455,3.273,3.727,
ES,DE,9,-1.0,0.667,1.667,3.656
ES,DK,5,1.0,1.0,0.0,
ES,EE,11,0.273,1.727,1.455,
ES,FI,12,2.833,3.583,0.75,
ES,FR,9,-0.667,4.333,5.0,4.395
ES,GB,9,-0.222,1.0,1.222,6.095
ES,GE,6,0.0,0.0,0.0,0.367
ES,GR,11,-2.091,0.455,2.545,
ES,HR,6,1.667,1.667,0.0,
ES,HU,5,-3.0,1.0,4.0,
ES,IE,4,2.5,6.75,4.25,0.344
ES,IL,10,1.3,5.0,3.7,
ES,IS,9,2.111,4.111,2.0,
ES,IT,9,0.889,6.111,5.222,2.972
ES,LT,8,0.75,1.0,0.25,
ES,LU,2,0.0,0.0,0.0,
ES,LV,5,-0.4,0.4,0.8,
ES,MD,8,1.625,3.375,1.75,0.432
ES,ME,4,0.0,0.25,0.25,
ES,MK,3,0.0,0.0,0.0,
ES,MT,6,-3.667,0.667,4.333,
ES,NL,8,-1.25,2.0,3.25,1.008
ES,NO,8,2.625,2.875,0.25,
ES,PL,9,1.556,2.333,0.778,1.126
ES,PT,10,0.9,5.7,4.8,2.051
ES,RO,3,7.0,9.667,2.667,12.602
ES,RS,10,-0.9,0.9,1.8,
ES,RU,4,1.0,4.5,3.5,1.885
ES,SE,11,-1.182,3.818,5.0,0.411
ES,SI,6,-1.0,0.5,1.5,
ES,SM,7,1.714,2.143,0.429,
ES,UA,8,6.625,6.875,0.25,3.01
FI,AL,8,-0.25,1.0,1.25,0.124
FI,AM,9,-1.111,0.556,1.667,0.02
FI,AT,9,-0.333,4.222,4.556,0.12
FI,AU,9,-3.444,3.889,7.333,0.217
FI,AZ,9,-1.556,0.0,1.556,0.028
FI,BA,1,0.0,0.0,0.0,0.119
FI,BE,9,1.0,2.333,1.333,0.12
FI,BG,6,-5.5,2.5,8.0,0.423
FI,BY,4,0.75,0.75,0.0,0.074
FI,CH,8,-2.75,4.0,6.75,0.22
FI,CY,12,-0.75,1.667,2.417,0.035
FI,CZ,11,-0.455,3.091,3.545,0.055
FI,DE,9,0.556,1.111,0.556,1.279
FI,DK,5,2.0,3.6,1.6,0.202
FI,EE,11,8.091,9.455,1.364,8.822
FI,ES,9,0.556,0.667,0.111,0.562
FI,FR,9,-1.556,2.111,3.667,0.495
FI,GB,9,-1.889,0.444,2.333,1.186
FI,GE,6,-0.167,0.333,0.5,0.018
FI,GR,11,-2.0,0.182,2.182,0.284
FI,HR,6,0.167,2.667,2.5,0.049
FI,HU,5,3.4,3.6,0.2,0.398
FI,IE,4,-0.25,2.75,3.0,0.126
FI,IL,10,0.6,3.9,3.3,0.148
FI,IS,9,3.889,7.111,3.222,0.032
FI,IT,9,-0.778,2.778,3.556,0.548
FI,LT,8,-0.125,1.25,1.375,0.253
FI,LU,2,-2.0,0.0,2.0,0.022
FI,LV,5,1.2,1.2,0.0,0.408
FI,MD,8,2.375,3.5,1.125,0.051
FI,ME,4,0.75,0.75,0.0,0.002
FI,MK,3,-3.0,0.0,3.0,0.038
FI,MT,6,-3.667,0.0,3.667,0.009
FI,NL,8,-2.75,1.625,4.375,0.287
FI,NO,8,3.5,4.375,0.875,0.35
FI,PL,9,0.333,1.778,1.444,0.879
FI,PT,10,0.5,3.3,2.8,0.111
FI,RO,3,2.0,2.0,0.0,0.617
FI,RS,10,-0.5,1.6,2.1,0.045
FI,RU,4,2.75,5.25,2.5,2.429
FI,SE,11,-4.636,5.727,10.364,6.177
FI,SI,6,0.833,2.833,2.0,0.018
FI,SM,7,0.714,1.714,1.0,0.0
FI,UA,8,4.25,5.25,1.0,4.491
FR,AL,7,0.857,2.571,1.714,0.592
FR,AM,8,4.375,9.625,5.25,0.541
FR,AT,10,-2.7,2.0,4.7,
FR,AU,8,-2.75,2.375,5.125,
FR,AZ,6,-2.167,0.0,2.167,
FR,BA,1,6.0,6.0,0.0,
FR,BE,6,1.167,3.167,2.0,2.401
FR,BG,7,-0.571,3.143,3.714,0.448
FR,BY,4,-2.75,0.75,3.5,
FR,CH,9,-0.111,2.889,3.0,1.411
FR,CY,9,-0.444,0.889,1.333,
FR,CZ,8,-2.625,0.375,3.0,
FR,DE,9,-1.778,0.0,1.778,2.873
FR,DK,8,1.5,1.875,0.375,
FR,EE,10,1.3,1.4,0.1,
FR,ES,9,1.0,2.444,1.444,4.014
FR,FI,9,-0.667,1.0,1.667,
FR,GB,9,-1.778,0.222,2.0,2.432
FR,GE,5,0.4,0.8,0.4,
FR,GR,10,-4.7,0.9,5.6,
FR,HR,7,0.286,1.429,1.143,
FR,HU,7,0.143,2.286,2.143,
FR,IE,3,0.0,0.333,0.333,
FR,IL,9,2.444,8.778,6.333,
FR,IS,8,-0.75,3.0,3.75,
FR,IT,9,1.556,5.778,4.222,4.652
FR,LT,9,0.333,0.667,0.333,
FR,LU,2,-1.5,2.0,3.5,0.475
FR,LV,6,-1.667,0.0,1.667,
FR,MD,9,7.778,7.889,0.111,0.482
FR,ME,3,0.0,0.0,0.0,
FR,MK,2,-7.5,0.0,7.5,
FR,MT,7,-3.714,0.0,3.714,
FR,NL,11,-4.727,1.182,5.909,0.593
FR,NO,11,0.0,1.364,1.364,
FR,PL,8,2.75,4.375,1.625,1.349
FR,PT,10,2.5,7.9,5.4,9.051
FR,RO,4,7.5,7.75,0.25,1.965
FR,RS,11,2.818,3.636,0.818,1.34
FR,RU,5,0.2,3.4,3.2,1.121
FR,SE,10,-3.4,0.8,4.2,
FR,SI,7,-0.429,0.571,1.0,
FR,SM,8,-1.5,0.0,1.5,
FR,UA,10,3.8,6.9,3.1,0.742
GB,AL,10,-0.9,0.6,1.5,
GB,AM,9,-1.111,0.0,1.111,
GB,AT,9,-3.667,0.0,3.667,
GB,AU,9,-4.111,2.778,6.889,1.889
GB,AZ,9,-2.111,1.111,3.222,
GB,BE,9,-1.0,1.889,2.889,
GB,BG,7,1.286,8.286,7.0,
GB,BY,4,-1.0,0.0,1.0,
GB,CH,10,-1.5,2.2,3.7,
GB,CY,10,1.5,2.6,1.1,
GB,CZ,9,-0.444,1.667,2.111,
GB,DE,9,0.111,0.333,0.222,4.335
GB,DK,7,-1.143,1.857,3.0,
GB,EE,9,-2.0,1.556,3.556,
GB,ES,9,-0.778,1.222,2.0,2.566
GB,FI,10,2.6,4.8,2.2,
GB,FR,9,-1.667,0.778,2.444,2.444
GB,GE,6,-4.0,0.167,4.167,
GB,GR,9,0.778,1.333,0.556,
GB,HR,6,-1.667,2.0,3.667,0.193
GB,HU,3,0.333,0.333,0.0,
GB,IE,6,6.5,8.667,2.167,5.894
GB,IL,11,0.455,3.727,3.273,
GB,IS,7,1.429,4.571,3.143,
GB,IT,9,-0.222,0.556,0.778,4.165
GB,LT,10,7.9,10.5,2.6,2.633
GB,LU,2,-4.0,0.0,4.0,
GB,LV,7,1.571,3.714,2.143,
GB,MD,8,0.25,3.375,3.125,
GB,ME,2,0.0,0.0,0.0,
GB,MK,5,-6.2,0.0,6.2,
GB,MT,6,1.167,2.5,1.333,
GB,NL,8,-0.375,1.125,1.5,
GB,NO,10,3.1,3.7,0.6,
GB,PL,9,7.444,9.667,2.222,11.995
GB,PT,9,-3.333,2.667,6.0,2.421
GB,RO,4,3.25,4.5,1.25,6.371
GB,RS,10,-0.6,0.7,1.3,
GB,RU,4,0.5,2.25,1.75,
GB,SE,12,-3.167,3.0,6.167,
GB,SI,6,-0.167,0.0,0.167,
GB,SM,5,-0.4,1.0,1.4,
GB,UA,9,2.0,3.778,1.778,1.625
GE,AL,8,0.125,0.625,0.5,0.002
GE,AM,7,6.714,10.857,4.143,3.39
GE,AT,7,-1.714,0.857,2.571,0.007
GE,AU,11,-2.818,0.636,3.455,
GE,AZ,7,0.714,6.286,5.571,1.594
GE,BE,9,-3.444,0.889,4.333,0.006
GE,BG,6,-0.167,3.833,4.0,0.061
GE,BY,4,4.0,4.75,0.75,0.291
GE,CH,8,-4.75,1.25,6.0,0.003
GE,CY,10,1.9,4.2,2.3,
GE,CZ,9,-3.556,0.556,4.111,0.009
GE,DE,9,-1.111,0.222,1.333,0.168
GE,DK,7,-1.857,1.286,3.143,
GE,EE,9,-0.444,3.222,3.667,0.033
GE,ES,9,0.111,0.667,0.556,0.005
GE,FI,10,1.4,2.2,0.8,0.003
GE,FR,9,-0.222,2.0,2.222,0.01
GE,GB,9,-1.0,0.444,1.444,0.009
GE,GR,9,1.444,3.444,2.0,0.044
GE,HR,4,0.75,1.5,0.75,
GE,HU,5,0.6,1.2,0.6,0.013
GE,IE,4,1.0,1.0,0.0,
GE,IL,10,2.5,4.8,2.3,0.008
GE,IS,7,0.429,2.571,2.143,
GE,IT,9,-2.667,3.0,5.667,0.004
GE,LT,8,3.625,5.875,2.25,0.056
GE,LU,2,0.0,0.0,0.0,
GE,LV,7,-1.286,3.857,5.143,0.054
GE,MD,8,3.5,4.25,0.75,0.129
GE,ME,4,0.0,0.0,0.0,
GE,MK,3,0.667,0.667,0.0,
GE,MT,6,-1.0,0.0,1.0,
GE,NL,8,-3.875,0.75,4.625,0.003
GE,NO,10,-0.2,1.1,1.3,
GE,PL,11,0.364,1.545,1.182,0.048
GE,PT,10,-3.5,1.8,5.3,
GE,RO,4,1.75,3.25,1.5,0.059
GE,RS,12,1.25,2.083,0.833,
GE,RU,4,6.5,6.5,0.0,9.92
GE,SE,12,-3.583,2.417,6.0,
GE,SI,8,-1.375,0.625,2.0,
GE,SM,7,5.714,5.857,0.143,
GE,UA,10,3.9,9.4,5.5,3.248
GR,AL,9,2.667,8.333,5.667,42.445
GR,AM,10,0.1,4.8,4.7,1.382
GR,AT,10,-0.3,1.8,2.1,0.218
GR,AU,8,-2.0,2.0,4.0,1.927
GR,AZ,8,-6.375,0.625,7.0,0.047
GR,BA,1,0.0,0.0,0.0,0.041
GR,BE,8,-0.875,1.125,2.0,0.488
GR,BG,7,0.286,5.143,4.857,6.885
GR,BY,4,-1.75,0.75,2.5,0.138
GR,CH,9,0.556,2.889,2.333,0.363
GR,CY,11,2.636,12.0,9.364,2.07
GR,CZ,10,0.2,1.8,1.6,0.422
GR,DE,9,-0.556,0.556,1.111,11.159
GR,DK,6,0.167,0.167,0.0,0.087
GR,EE,10,0.9,2.3,1.4,0.012
GR,ES,9,1.222,1.778,0.556,0.115
GR,FI,11,1.909,2.273,0.364,0.075
GR,FR,9,0.111,4.0,3.889,0.653
GR,GB,9,0.444,0.556,0.111,1.725
GR,GE,5,1.4,3.2,1.8,7.994
GR,HR,7,-0.429,1.429,1.857,0.041
GR,HU,5,-1.4,1.8,3.2,0.161
GR,IE,3,2.0,2.0,0.0,0.058
GR,IL,9,1.333,3.222,1.889,0.069
GR,IS,10,0.5,1.4,0.9,0.005
GR,IT,9,2.444,5.667,3.222,0.615
GR,LT,9,0.556,0.556,0.0,0.053
GR,LU,2,-1.5,0.0,1.5,0.014
GR,LV,6,-0.667,0.0,0.667,0.034
GR,MD,9,-2.556,3.889,6.444,0.957
GR,ME,3,-6.0,0.0,6.0,
GR,MK,2,-2.0,0.0,2.0,0.207
GR,MT,5,-3.0,0.8,3.8,0.008
GR,NL,9,-0.111,2.0,2.111,0.357
GR,NO,9,2.778,2.889,0.111,0.05
GR,PL,8,-0.875,0.625,1.5,1.509
GR,PT,11,-1.364,2.182,3.545,0.031
GR,RO,2,-5.0,1.5,6.5,4.332
GR,RS,9,0.667,2.0,1.333,0.425
GR,RU,4,-1.75,7.25,9.0,5.082
GR,SE,10,-0.4,2.0,2.4,0.526
GR,SI,7,0.0,0.714,0.714,0.012
GR,SM,6,-2.333,2.0,4.333,0.0
GR,UA,9,2.889,3.778,0.889,1.899
HR,AL,8,3.0,4.25,1.25,0.04
HR,AM,10,0.0,1.1,1.1,
HR,AT,11,1.545,3.0,1.455,1.226
HR,AU,7,-2.143,0.714,2.857,0.381
HR,AZ,9,1.111,2.222,1.111,
HR,BA,1,8.0,12.0,4.0,97.519
HR,BE,7,0.0,0.714,0.714,0.089
HR,BG,7,-1.571,2.571,4.143,0.073
HR,BY,4,-2.25,0.75,3.0,0.022
HR,CH,10,-2.3,2.3,4.6,0.715
HR,CY,10,0.4,2.8,2.4,
HR,CZ,7,-3.0,3.143,6.143,0.227
HR,DE,9,0.667,0.667,0.0,8.027
HR,DK,7,-1.571,0.429,2.0,0.024
HR,EE,9,1.667,2.667,1.0,0.004
HR,ES,9,-0.556,0.778,1.333,0.044
HR,FI,8,2.0,2.875,0.875,0.009
HR,FR,9,-0.889,2.111,3.0,0.418
HR,GB,9,-0.222,0.0,0.222,0.159
HR,GE,2,0.0,0.0,0.0,
HR,GR,9,-1.667,0.333,2.0,0.035
HR,HU,5,0.0,7.0,7.0,0.251
HR,IE,6,-0.833,2.167,3.0,0.012
HR,IL,11,-3.545,1.727,5.273,0.013
HR,IS,7,-1.0,1.143,2.143,
HR,IT,9,0.556,7.333,6.778,0.746
HR,LT,12,-2.75,1.0,3.75,0.006
HR,LU,2,-2.5,0.0,2.5,0.007
HR,LV,5,-1.4,0.0,1.4,0.006
HR,MD,8,1.375,2.875,1.5,0.027
HR,ME,1,6.0,6.0,0.0,1.489
HR,MK,5,1.0,5.4,4.4,2.418
HR,MT,8,-2.375,1.25,3.625,
HR,NL,11,-1.636,2.0,3.636,0.194
HR,NO,12,2.167,3.167,1.0,0.026
HR,PL,5,0.8,0.8,0.0,0.174
HR,PT,8,-4.0,1.375,5.375,0.012
HR,RO,5,2.0,2.6,0.6,0.12
HR,RS,8,6.375,10.625,4.25,12.203
HR,RU,6,0.833,5.667,4.833,0.315
HR,SE,11,-0.455,2.636,3.091,0.149
HR,SI,6,5.333,8.667,3.333,4.653
HR,SM,5,0.4,0.4,0.0,
HR,UA,10,3.3,6.2,2.9,2.104
HU,AL,2,-5.0,0.0,5.0,0.052
HU,AM,3,-2.0,0.667,2.667,0.018
HU,AT,5,0.8,4.0,3.2,0.941
HU,AU,6,-5.0,1.833,6.833,0.117
HU,AZ,4,-2.25,3.5,5.75,0.031
HU,BA,1,0.0,0.0,0.0,0.024
HU,BE,3,2.667,2.667,0.0,0.215
HU,BG,4,1.5,7.0,5.5,0.136
HU,BY,4,-5.25,0.5,5.75,0.024
HU,CH,2,1.5,3.0,1.5,0.317
HU,CY,6,3.667,4.0,0.333,0.03
HU,CZ,5,-3.4,3.0,6.4,0.152
HU,DE,4,0.25,0.25,0.0,3.283
HU,DK,5,-2.0,4.8,6.8,0.058
HU,EE,5,1.2,2.4,1.2,0.016
HU,ES,4,-1.25,0.0,1.25,0.226
HU,FI,3,-1.0,0.333,1.333,0.088
HU,FR,4,0.75,0.75,0.0,0.449
HU,GB,4,-1.25,0.0,1.25,1.157
HU,GE,3,-1.0,0.0,1.0,0.031
HU,GR,4,-0.75,0.25,1.0,0.129
HU,HR,4,3.0,3.75,0.75,0.196
HU,IE,2,-4.0,0.0,4.0,0.163
HU,IL,5,2.2,3.6,1.4,0.174
HU,IS,3,6.667,7.333,0.667,0.014
HU,IT,4,1.75,3.5,1.75,0.546
HU,LT,3,-2.667,0.0,2.667,0.021
HU,LV,2,-5.0,0.0,5.0,0.018
HU,MD,4,5.5,5.5,0.0,0.041
HU,ME,3,0.0,0.0,0.0,0.008
HU,MK,2,-6.0,0.0,6.0,0.023
HU,MT,5,-3.6,0.8,4.4,0.011
HU,NL,7,-1.857,4.286,6.143,0.368
HU,NO,5,1.2,5.6,4.4,0.139
HU,PL,4,2.25,5.25,3.0,0.329
HU,PT,3,-1.667,2.333,4.0,0.058
HU,RO,3,0.333,4.333,4.0,20.336
HU,RS,6,-2.167,0.667,2.833,4.585
HU,RU,4,4.25,6.75,2.5,0.414
HU,SE,5,-0.4,2.2,2.6,0.177
HU,SI,4,3.0,3.75,0.75,0.047
HU,SM,5,4.6,4.6,0.0,0.0
HU,UA,4,4.5,4.5,0.0,5.668
IE,AL,8,-0.125,0.125,0.25,
IE,AM,8,-1.125,0.0,1.125,
IE,AT,9,-3.111,1.444,4.556,
IE,AU,9,1.111,3.444,2.333,1.677
IE,AZ,9,-2.111,0.333,2.444,
IE,BE,9,-4.111,1.778,5.889,
IE,BG,7,-4.286,4.143,8.429,
IE,BY,5,0.0,0.4,0.4,
IE,CH,10,-2.9,2.4,5.3,
IE,CY,10,-1.4,1.8,3.2,
IE,CZ,7,-1.0,2.714,3.714,
IE,DE,9,-1.222,0.889,2.111,2.824
IE,DK,7,0.429,1.0,0.571,
IE,EE,9,1.222,3.333,2.111,
IE,ES,9,-0.556,0.889,1.444,3.224
IE,FI,8,1.875,4.0,2.125,
IE,FR,9,-2.667,1.222,3.889,2.758
IE,GB,9,0.333,2.889,2.556,56.49
IE,GE,4,-0.25,0.0,0.25,
IE,GR,7,-0.571,0.0,0.571,
IE,HR,8,1.625,3.875,2.25,1.774
IE,HU,4,2.0,2.0,0.0,1.775
IE,IL,13,-0.615,3.308,3.923,
IE,IS,5,1.4,3.2,1.8,
IE,IT,9,-0.111,1.333,1.444,2.807
IE,LT,12,9.667,10.75,1.083,6.758
IE,LU,2,-4.0,0.0,4.0,
IE,LV,5,3.4,4.4,1.0,3.963
IE,MD,6,3.333,3.333,0.0,2.463
IE,ME,1,0.0,0.0,0.0,
IE,MK,7,-2.0,0.0,2.0,
IE,MT,8,-2.75,2.625,5.375,
IE,NL,9,-1.889,2.667,4.556,
IE,NO,12,0.25,2.917,2.667,
IE,PL,7,9.857,9.857,0.0,22.106
IE,PT,7,-1.143,1.714,2.857,1.095
IE,RO,6,3.167,5.167,2.0,6.894
IE,RS,10,-1.0,0.5,1.5,
IE,RU,5,2.0,4.2,2.2,1.449
IE,SE,12,-4.167,2.917,7.083,
IE,SI,6,-1.333,0.0,1.333,
IE,SM,5,0.0,0.0,0.0,
IE,UA,10,4.1,5.8,1.7,8.119
IL,AL,7,-0.571,0.0,0.571,
IL,AM,7,1.286,3.0,1.714,
IL,AT,8,-3.125,3.25,6.375,0.581
IL,AU,10,-1.6,4.1,5.7,0.409
IL,AZ,8,0.0,2.375,2.375,1.605
IL,BE,10,-3.1,1.9,5.0,0.756
IL,BG,7,2.429,6.0,3.571,1.957
IL,BY,6,1.667,2.833,1.167,2.664
IL,CH,9,-1.556,1.778,3.333,0.477
IL,CY,11,0.818,2.455,1.636,
IL,CZ,8,2.5,5.25,2.75,1.804
IL,DE,9,-1.0,1.778,2.778,2.759
IL,DK,6,0.5,1.5,1.0,0.245
IL,EE,10,1.2,4.5,3.3,
IL,ES,9,0.667,1.444,0.778,0.204
IL,FI,9,-0.333,2.556,2.889,0.072
IL,FR,9,1.778,4.556,2.778,4.611
IL,GB,9,-0.889,1.111,2.0,2.708
IL,GE,5,1.8,3.2,1.4,0.894
IL,GR,8,-2.125,0.875,3.0,0.128
IL,HR,7,0.0,2.0,2.0,
IL,HU,5,-2.8,1.6,4.4,1.453
IL,IE,7,1.0,1.286,0.286,
IL,IS,6,0.667,0.667,0.0,
IL,IT,9,1.778,5.0,3.222,0.63
IL,LT,11,-1.455,1.182,2.636,0.299
IL,LU,2,0.5,7.5,7.0,
IL,LV,4,-4.75,0.0,4.75,0.376
IL,MD,5,4.6,5.2,0.6,1.049
IL,ME,2,0.0,0.0,0.0,
IL,MK,6,-0.333,1.167,1.5,
IL,MT,7,-2.0,2.143,4.143,
IL,NL,8,-0.625,1.0,1.625,0.624
IL,NO,11,0.091,2.545,2.455,
IL,PL,8,-0.25,2.5,2.75,6.466
IL,PT,8,-0.375,1.5,1.875,
IL,RO,5,2.4,3.8,1.4,12.028
IL,RS,11,1.364,1.455,0.091,
IL,RU,4,7.75,11.0,3.25,13.109
IL,SE,11,-3.545,2.545,6.091,0.162
IL,SI,7,-1.0,0.0,1.0,
IL,SM,6,0.5,0.833,0.333,
IL,UA,10,2.4,8.4,6.0,15.68
IS,AL,9,-3.0,0.0,3.0,0.606
IS,AM,10,-0.7,0.6,1.3,0.03
IS,AT,10,-1.3,3.1,4.4,0.483
IS,AU,8,-3.375,4.625,8.0,0.456
IS,AZ,8,-0.5,1.125,1.625,0.046
IS,BA,1,0.0,0.0,0.0,0.453
IS,BE,8,1.125,3.375,2.25,0.518
IS,BG,7,-2.286,1.143,3.429,1.212
IS,BY,4,0.75,1.5,0.75,0.17
IS,CH,9,-2.333,3.222,5.556,0.705
IS,CY,11,0.636,1.364,0.727,0.027
IS,CZ,10,-1.2,3.6,4.8,1.866
IS,DE,9,0.111,1.222,1.111,6.51
IS,DK,6,5.167,6.0,0.833,11.333
IS,EE,10,0.0,2.3,2.3,0.539
IS,ES,9,-0.333,0.333,0.667,2.856
IS,FI,11,2.818,5.455,2.636,0.7
IS,FR,9,0.444,3.556,3.111,2.65
IS,GB,9,-2.222,0.778,3.0,5.548
IS,GE,5,-1.4,0.0,1.4,0.124
IS,GR,12,-1.5,0.417,1.917,0.44
IS,HR,7,-1.0,2.429,3.429,1.576
IS,HU,5,1.0,2.2,1.2,0.947
IS,IE,3,-4.0,2.333,6.333,0.469
IS,IL,9,1.0,3.0,2.0,0.138
IS,IT,9,-0.444,2.111,2.556,1.495
IS,LT,9,1.444,2.444,1.0,9.441
IS,LU,2,0.0,0.0,0.0,0.704
IS,LV,6,-0.5,0.167,0.667,4.992
IS,MD,9,3.667,3.667,0.0,0.242
IS,ME,3,0.667,0.667,0.0,0.027
IS,MK,2,-4.0,0.0,4.0,0.229
IS,MT,5,-0.8,1.4,2.2,0.027
IS,NL,9,-1.333,4.444,5.778,1.086
IS,NO,9,2.556,6.0,3.444,4.265
IS,PL,8,6.25,6.25,0.0,54.638
IS,PT,11,-1.909,3.273,5.182,3.08
IS,RO,2,2.5,2.5,0.0,2.89
IS,RS,9,-1.111,0.111,1.222,2.197
IS,RU,4,-0.25,4.75,5.0,1.221
IS,SE,10,1.4,8.5,7.1,7.076
IS,SI,7,0.0,0.714,0.714,0.201
IS,SM,6,0.667,1.5,0.833,0.005
IS,UA,9,1.444,4.333,2.889,1.283
IT,AL,9,7.889,9.556,1.667,8.204
IT,AM,9,-2.444,1.333,3.778,0.032
IT,AT,8,-1.375,0.75,2.125,0.25
IT,AU,10,-2.5,0.9,3.4,0.319
IT,AZ,8,-3.375,1.25,4.625,0.017
IT,BE,8,-2.875,2.125,5.0,0.738
IT,BG,6,3.333,3.667,0.333,0.922
IT,BY,3,0.333,0.333,0.0,0.196
IT,CH,9,-1.333,1.889,3.222,3.14
IT,CY,9,0.667,1.778,1.111,0.009
IT,CZ,6,-1.5,0.333,1.833,0.158
IT,DE,9,-2.111,0.333,2.444,3.352
IT,DK,8,-4.25,1.875,6.125,0.05
IT,EE,6,-2.333,2.167,4.5,0.026
IT,ES,9,-2.0,0.111,2.111,0.605
IT,FI,7,0.286,2.0,1.714,0.045
IT,FR,9,-0.556,1.667,2.222,2.038
IT,GB,9,-2.0,0.667,2.667,1.102
IT,GE,5,-0.4,2.0,2.4,0.294
IT,GR,8,-1.375,1.375,2.75,0.269
IT,HR,7,0.571,2.571,2.0,0.472
IT,HU,4,3.0,3.0,0.0,0.21
IT,IE,5,-4.6,0.6,5.2,0.063
IT,IL,10,-1.1,3.5,4.6,0.066
IT,IS,6,0.833,2.167,1.333,
IT,LT,11,-0.455,1.818,2.273,0.101
IT,LU,2,0.0,0.0,0.0,0.074
IT,LV,8,-0.75,0.0,0.75,0.057
IT,MD,9,6.0,9.222,3.222,3.248
IT,ME,2,2.5,2.5,0.0,0.038
IT,MK,4,-3.5,0.75,4.25,1.197
IT,MT,7,-6.143,1.143,7.286,0.033
IT,NL,10,-1.9,1.4,3.3,0.214
IT,NO,13,0.385,3.077,2.692,0.03
IT,PL,8,4.625,5.0,0.375,1.708
IT,PT,9,0.778,2.444,1.667,0.111
IT,RO,5,9.6,10.0,0.4,15.914
IT,RS,9,1.667,2.889,1.222,0.593
IT,RU,6,5.667,6.5,0.833,1.349
IT,SE,13,-2.692,1.077,3.769,0.1
IT,SI,9,-0.333,0.556,0.889,0.144
IT,SM,4,1.0,3.75,2.75,0.039
IT,UA,12,6.583,9.917,3.333,4.611
LT,AL,9,-0.111,0.0,0.111,0.009
LT,AM,9,-0.333,0.444,0.778,0.164
LT,AT,10,-3.0,1.9,4.9,0.026
LT,AU,8,-3.5,1.375,4.875,0.018
LT,AZ,8,-0.375,1.875,2.25,0.26
LT,BE,8,-1.5,4.25,5.75,0.084
LT,BG,8,-0.5,2.75,3.25,0.038
LT,BY,5,3.6,4.2,0.6,11.74
LT,CH,11,-3.091,2.182,5.273,0.033
LT,CY,9,1.0,1.667,0.667,0.017
LT,CZ,6,0.5,2.5,2.0,0.041
LT,DE,9,-0.667,1.111,1.778,0.709
LT,DK,8,0.375,1.75,1.375,0.184
LT,EE,8,6.625,8.625,2.0,0.294
LT,ES,9,0.111,0.667,0.556,0.281
LT,FI,7,2.429,3.143,0.714,0.059
LT,FR,9,-0.556,2.667,3.222,0.171
LT,GB,9,-0.667,0.444,1.111,2.181
LT,GE,3,-2.667,4.0,6.667,0.21
LT,GR,8,-0.75,0.0,0.75,0.035
LT,HR,9,0.556,1.778,1.222,0.009
LT,HU,4,1.25,2.25,1.0,0.038
LT,IE,7,-1.714,2.143,3.857,0.601
LT,IL,12,-2.583,1.333,3.917,0.037
LT,IS,6,-0.833,1.833,2.667,0.02
LT,IT,9,1.556,5.444,3.889,0.207
LT,LU,2,0.0,0.0,0.0,0.009
LT,LV,6,4.5,10.333,5.833,2.019
LT,MD,7,3.0,3.143,0.143,0.314
LT,MK,6,0.0,0.333,0.333,0.002
LT,MT,7,-0.714,1.143,1.857,0.006
LT,NL,10,-3.5,2.1,5.6,0.095
LT,NO,13,1.308,3.923,2.615,0.874
LT,PL,6,2.5,3.5,1.0,0.716
LT,PT,8,-3.375,3.375,6.75,0.043
LT,RO,5,1.0,2.0,1.0,0.106
LT,RS,9,-0.111,0.0,0.111,0.003
LT,RU,5,7.4,8.4,1.0,18.742
LT,SE,11,-0.545,4.545,5.091,0.182
LT,SI,7,-0.714,0.0,0.714,0.003
LT,SM,4,0.0,0.0,0.0,
LT,UA,11,2.091,8.818,6.727,8.629
LU,AL,1,7.0,7.0,0.0,1.805
LU,AM,2,-1.0,0.0,1.0,0.205
LU,AT,2,-5.0,0.0,5.0,1.75
LU,CH,2,-9.0,1.0,10.0,2.346
LU,CY,1,-7.0,0.0,7.0,0.245
LU,DE,2,-3.5,0.5,4.0,29.143
LU,DK,1,0.0,0.0,0.0,2.727
LU,EE,2,1.0,2.5,1.5,1.019
LU,ES,2,0.0,0.0,0.0,9.642
LU,FI,2,0.0,0.0,0.0,1.969
LU,FR,2,-4.0,7.0,11.0,73.335
LU,GB,2,-3.0,0.0,3.0,9.611
LU,GE,1,0.0,0.0,0.0,0.165
LU,GR,2,7.5,7.5,0.0,5.397
LU,HR,1,4.0,10.0,6.0,1.492
LU,IE,1,0.0,0.0,0.0,2.439
LU,IL,2,11.5,12.0,0.5,0.403
LU,IS,1,0.0,0.0,0.0,0.705
LU,IT,2,1.5,1.5,0.0,32.211
LU,LT,2,4.0,4.0,0.0,1.515
LU,LV,2,-4.5,0.5,5.0,1.121
LU,MT,1,0.0,0.0,0.0,0.417
LU,NL,1,-7.0,0.0,7.0,6.8
LU,NO,2,0.0,0.0,0.0,0.448
LU,PL,1,3.0,3.0,0.0,8.619
LU,PT,2,5.5,7.0,1.5,128.348
LU,RS,1,0.0,0.0,0.0,6.282
LU,SE,2,-2.0,1.0,3.0,2.492
LU,SI,1,0.0,0.0,0.0,1.022
LU,SM,1,0.0,0.0,0.0,0.004
LU,UA,2,1.0,3.5,2.5,2.51
LV,AL,10,-0.5,0.0,0.5,0.006
LV,AM,9,-2.111,0.778,2.889,0.357
LV,AT,9,-2.0,1.0,3.0,0.05
LV,AU,9,-2.889,2.444,5.333,0.051
LV,AZ,7,-0.286,2.143,2.429,1.004
LV,BE,7,1.0,4.0,3.0,0.059
LV,BG,7,-2.0,1.857,3.857,0.068
LV,BY,3,3.333,4.333,1.0,23.791
LV,CH,10,-3.1,1.8,4.9,0.048
LV,CY,8,0.125,0.875,0.75,0.027
LV,CZ,7,-0.714,0.714,1.429,0.079
LV,DE,9,-0.444,0.556,1.0,1.134
LV,DK,9,0.556,2.778,2.222,0.119
LV,EE,7,5.571,9.714,4.143,1.458
LV,ES,9,-0.444,0.444,0.889,0.104
LV,FI,8,2.125,4.75,2.625,0.078
LV,FR,9,-2.222,1.0,3.222,0.131
LV,GB,9,-1.556,0.333,1.889,1.728
LV,GE,6,1.167,2.5,1.333,0.664
LV,GR,9,-1.778,0.111,1.889,0.025
LV,HR,6,0.667,1.667,1.0,0.004
LV,HU,4,1.25,1.25,0.0,0.097
LV,IE,4,1.0,1.0,0.0,0.454
LV,IL,9,1.778,3.0,1.222,0.05
LV,IS,7,-1.429,4.0,5.429,0.026
LV,IT,9,0.889,2.333,1.444,0.159
LV,LT,10,4.6,10.0,5.4,7.527
LV,LU,2,-1.5,0.0,1.5,0.005
LV,MD,10,4.1,5.8,1.7,0.885
LV,ME,2,0.0,0.0,0.0,0.0
LV,MK,3,-4.333,0.0,4.333,0.008
LV,MT,6,-3.5,0.333,3.833,0.01
LV,NL,10,-2.7,1.6,4.3,0.081
LV,NO,12,1.417,3.417,2.0,0.218
LV,PL,9,1.0,1.333,0.333,0.406
LV,PT,10,-1.1,3.3,4.4,0.022
LV,RO,4,-0.25,1.25,1.5,0.037
LV,RS,10,-0.3,0.2,0.5,0.01
LV,RU,5,8.6,11.6,3.0,62.948
LV,SE,12,-2.333,4.25,6.583,0.146
LV,SI,8,-0.5,0.5,1.0,0.005
LV,SM,5,-0.4,0.0,0.4,
LV,UA,11,2.0,8.0,6.0,16.758
MD,AL,8,0.5,1.5,1.0,
MD,AM,9,-1.333,3.444,4.778,0.135
MD,AT,9,0.889,1.444,0.556,
MD,AU,8,-6.0,1.25,7.25,
MD,AZ,8,4.125,7.625,3.5,0.192
MD,BA,1,-1.0,0.0,1.0,
MD,BE,6,-0.167,0.5,0.667,
MD,BG,6,-3.167,3.833,7.0,0.034
MD,BY,2,-1.0,0.5,1.5,0.449
MD,CH,8,-0.625,3.625,4.25,
MD,CY,9,-0.333,1.889,2.222,
MD,CZ,8,-0.625,1.5,2.125,
MD,DE,8,0.0,0.5,0.5,0.18
MD,DK,7,0.143,1.0,0.857,
MD,EE,7,-2.429,1.714,4.143,0.022
MD,ES,8,-0.75,1.0,1.75,0.174
MD,FI,8,2.125,2.5,0.375,
MD,FR,8,1.875,3.125,1.25,0.194
MD,GB,8,-0.875,0.375,1.25,0.077
MD,GE,5,-0.6,0.4,1.0,0.132
MD,GR,9,-0.111,3.333,3.444,0.204
MD,HR,7,-0.714,1.286,2.0,
MD,HU,5,1.0,1.8,0.8,0.025
MD,IE,3,-1.0,0.667,1.667,0.095
MD,IL,7,3.714,5.571,1.857,0.167
MD,IS,7,-1.286,1.0,2.286,
MD,IT,8,1.75,4.25,2.5,1.478
MD,LT,8,1.375,2.5,1.125,0.103
MD,LU,1,-2.0,0.0,2.0,
MD,LV,7,-0.571,1.0,1.571,0.028
MD,ME,3,2.667,2.667,0.0,
MD,MK,2,-11.0,0.0,11.0,
MD,MT,6,-3.0,1.333,4.333,
MD,NL,10,0.9,2.4,1.5,
MD,NO,10,1.7,4.0,2.3,
MD,PL,7,1.857,2.0,0.143,0.03
MD,PT,9,-2.444,2.222,4.667,0.306
MD,RO,4,2.5,11.5,9.0,0.711
MD,RS,9,1.222,1.222,0.0,
MD,RU,6,2.5,10.667,8.167,8.591
MD,SE,11,-1.364,2.727,4.091,
MD,SI,7,-1.0,0.0,1.0,
MD,SM,5,0.4,2.4,2.0,
MD,UA,9,2.0,9.444,7.444,19.96
ME,AL,4,0.75,10.25,9.5,4.406
ME,AM,6,-5.333,0.5,5.833,
ME,AT,5,-1.2,0.6,1.8,0.41
ME,AU,9,-2.0,1.222,3.222,0.218
ME,AZ,7,1.429,4.0,2.571,
ME,BA,1,6.0,12.0,6.0,51.296
ME,BE,6,-1.0,1.833,2.833,
ME,BG,3,3.667,5.0,1.333,0.124
ME,BY,3,1.667,1.667,0.0,
ME,CH,3,-2.333,0.0,2.333,0.336
ME,CY,8,1.75,3.5,1.75,
ME,CZ,8,-0.5,1.0,1.5,0.191
ME,DE,6,0.0,0.0,0.0,3.002
ME,DK,5,-1.4,0.6,2.0,0.153
ME,EE,7,1.571,3.143,1.571,
ME,ES,6,0.0,1.333,1.333,
ME,FI,7,-0.571,0.0,0.571,
ME,FR,6,-1.5,0.833,2.333,0.712
ME,GB,6,-1.167,0.0,1.167,0.163
ME,GE,5,-0.4,0.0,0.4,
ME,GR,7,-6.0,1.286,7.286,0.089
ME,HR,3,4.667,8.667,4.0,24.791
ME,HU,6,1.0,3.333,2.333,0.074
ME,IE,2,0.0,0.0,0.0,
ME,IL,6,1.333,1.333,0.0,
ME,IS,6,0.667,1.333,0.667,
ME,IT,6,1.667,5.667,4.0,0.333
ME,LT,4,-0.75,0.5,1.25,
ME,LU,1,4.0,8.0,4.0,0.157
ME,LV,4,0.0,0.0,0.0,
ME,MD,6,1.0,4.0,3.0,
ME,MK,2,4.0,8.0,4.0,5.313
ME,MT,6,-5.833,0.833,6.667,
ME,NL,8,-1.375,0.375,1.75,0.247
ME,NO,6,-1.0,1.167,2.167,
ME,PL,8,0.25,0.75,0.5,0.155
ME,PT,6,2.0,3.333,1.333,
ME,RO,4,-4.5,0.0,4.5,0.167
ME,RS,7,2.286,12.0,9.714,14.294
ME,RU,4,3.0,9.5,6.5,1.48
ME,SE,9,-1.222,2.556,3.778,0.24
ME,SI,5,6.8,7.2,0.4,2.589
ME,SM,6,1.667,3.333,1.667,
ME,UA,6,3.667,6.333,2.667,6.058
MK,AL,6,5.667,11.667,6.0,36.489
MK,AM,5,2.2,2.6,0.4,
MK,AT,6,-0.5,0.0,0.5,
MK,AU,8,-4.125,0.875,5.0,
MK,AZ,9,-1.111,2.333,3.444,
MK,BE,8,-0.125,2.375,2.5,
MK,BG,7,0.143,7.857,7.714,0.569
MK,BY,5,0.0,0.0,0.0,
MK,CH,7,0.429,2.714,2.286,
MK,CY,8,1.5,4.0,2.5,
MK,CZ,6,1.667,3.667,2.0,0.028
MK,DE,6,-0.5,0.0,0.5,0.022
MK,DK,6,-2.333,0.0,2.333,
MK,EE,6,-2.0,1.333,3.333,
MK,ES,6,-0.333,1.667,2.0,
MK,FI,5,0.6,2.4,1.8,
MK,FR,6,-0.167,1.833,2.0,
MK,GB,6,-1.833,0.0,1.833,
MK,GE,3,-0.333,0.0,0.333,
MK,GR,5,0.8,0.8,0.0,0.124
MK,HR,6,5.833,9.167,3.333,0.762
MK,HU,4,1.0,2.25,1.25,0.043
MK,IE,7,0.0,0.143,0.143,
MK,IL,10,-2.2,1.5,3.7,
MK,IS,4,-2.0,0.0,2.0,
MK,IT,6,0.5,5.333,4.833,0.019
MK,LT,9,-0.444,0.556,1.0,
MK,LV,3,-0.333,2.333,2.667,
MK,MD,5,0.8,2.0,1.2,
MK,ME,1,7.0,10.0,3.0,4.994
MK,MT,7,-2.571,3.286,5.857,
MK,NL,8,-0.5,2.125,2.625,
MK,NO,9,0.889,1.333,0.444,
MK,PL,5,-1.0,1.0,2.0,0.053
MK,PT,4,-0.75,1.75,2.5,
MK,RO,6,-2.0,0.5,2.5,0.012
MK,RS,8,3.625,11.25,7.625,9.58
MK,RU,5,0.0,4.8,4.8,0.115
MK,SE,9,-1.333,1.889,3.222,
MK,SI,4,-0.5,2.5,3.0,0.137
MK,SM,4,2.0,2.0,0.0,
MK,UA,7,0.857,4.714,3.857,0.034
MT,AL,6,-1.167,1.167,2.333,0.529
MT,AM,8,-4.25,0.5,4.75,0.164
MT,AT,9,0.222,1.333,1.111,0.633
MT,AU,9,1.0,4.222,3.222,24.379
MT,AZ,9,0.333,3.333,3.0,
MT,BA,1,0.0,0.0,0.0,0.511
MT,BE,7,0.714,0.714,0.0,0.92
MT,BG,5,1.0,7.4,6.4,3.81
MT,BY,3,-3.0,0.0,3.0,0.025
MT,CH,8,0.125,3.875,3.75,0.694
MT,CY,10,-1.7,3.1,4.8,0.248
MT,CZ,7,-1.571,1.0,2.571,0.446
MT,DE,9,0.444,0.444,0.0,6.265
MT,DK,7,-0.143,1.714,1.857,0.724
MT,EE,9,-0.778,1.556,2.333,
MT,ES,9,-1.333,0.778,2.111,0.956
MT,FI,8,0.625,3.625,3.0,0.526
MT,FR,9,-2.444,1.444,3.889,2.736
MT,GB,9,0.222,2.444,2.222,66.414
MT,GE,4,-0.75,0.0,0.75,0.232
MT,GR,7,-2.714,0.286,3.0,0.458
MT,HR,8,0.375,2.75,2.375,0.385
MT,HU,6,3.0,3.5,0.5,0.577
MT,IE,6,0.333,2.0,1.667,1.618
MT,IL,11,0.273,3.545,3.273,0.062
MT,IS,5,1.8,1.8,0.0,
MT,IT,9,2.444,10.333,7.889,9.96
MT,LT,10,1.0,2.1,1.1,0.275
MT,LU,2,-2.0,0.0,2.0,
MT,LV,5,-1.0,0.0,1.0,0.505
MT,MD,8,-1.0,0.625,1.625,0.184
MT,ME,3,-4.0,0.0,4.0,
MT,MK,5,-1.4,2.2,3.6,0.153
MT,NL,11,1.182,3.455,2.273,2.195
MT,NO,12,2.667,4.5,1.833,0.406
MT,PL,7,-0.143,1.286,1.429,1.498
MT,PT,7,-1.857,1.143,3.0,0.389
MT,RO,7,0.0,3.429,3.429,3.44
MT,RS,10,2.4,2.7,0.3,3.296
MT,RU,7,0.429,5.143,4.714,4.816
MT,SE,13,-1.0,5.538,6.538,2.888
MT,SI,6,-0.833,0.0,0.833,0.141
MT,SM,7,2.429,4.0,1.571,
MT,UA,10,1.8,3.6,1.8,1.817
NL,AL,7,-0.286,0.0,0.286,
NL,AM,9,2.222,4.0,1.778,
NL,AT,10,-1.6,3.2,4.8,
NL,AU,8,-2.125,1.5,3.625,
NL,AZ,8,0.25,1.875,1.625,
NL,BA,1,7.0,7.0,0.0,0.049
NL,BE,6,1.833,7.167,5.333,3.501
NL,BG,6,-0.167,3.5,3.667,1.674
NL,BY,3,1.0,1.0,0.0,
NL,CH,9,-4.667,3.333,8.0,
NL,CY,9,-0.889,1.0,1.889,
NL,CZ,6,-1.333,1.333,2.667,
NL,DE,9,-0.444,1.444,1.889,6.989
NL,DK,8,0.25,3.75,3.5,
NL,EE,8,1.25,1.75,0.5,
NL,ES,9,-0.222,1.111,1.333,1.996
NL,FI,7,1.429,3.143,1.714,
NL,FR,9,-1.222,2.333,3.556,1.863
NL,GB,9,-0.111,0.889,1.0,3.349
NL,GE,3,0.0,0.0,0.0,
NL,GR,8,-0.25,2.75,3.0,1.263
NL,HR,9,-0.778,2.444,3.222,
NL,HU,6,4.833,5.333,0.5,0.875
NL,IE,5,2.4,2.4,0.0,
NL,IL,10,1.7,5.3,3.6,
NL,IS,6,0.667,3.167,2.5,
NL,IT,9,1.111,3.111,2.0,2.225
NL,LT,11,-0.091,1.727,1.818,
NL,LU,2,-3.0,0.0,3.0,
NL,LV,6,-1.667,0.167,1.833,
NL,MD,9,2.333,3.556,1.222,
NL,ME,2,0.0,0.0,0.0,
NL,MK,4,0.0,1.75,1.75,
NL,MT,9,-3.222,1.667,4.889,
NL,NO,13,1.692,4.769,3.077,
NL,PL,6,4.833,5.667,0.833,9.193
NL,PT,8,-3.5,3.0,6.5,1.245
NL,RO,6,1.667,2.5,0.833,1.652
NL,RS,9,-0.222,0.444,0.667,
NL,RU,7,-2.0,2.714,4.714,0.652
NL,SE,12,-3.083,4.083,7.167,
NL,SI,7,-1.0,0.429,1.429,
NL,SM,6,0.667,0.667,0.0,
NL,UA,11,2.909,5.455,2.545,2.11
NO,AL,8,0.25,0.25,0.0,0.384
NO,AM,8,-1.625,0.625,2.25,0.063
NO,AT,9,-1.333,1.333,2.667,0.318
NO,AU,9,-2.0,3.111,5.111,0.45
NO,AZ,7,-0.143,2.286,2.429,0.103
NO,BE,7,1.429,3.143,1.714,0.342
NO,BG,7,-2.429,4.429,6.857,1.208
NO,BY,4,0.0,0.0,0.0,0.204
NO,CH,10,-2.2,2.6,4.8,0.457
NO,CY,8,-1.375,0.875,2.25,0.039
NO,CZ,5,-2.4,0.8,3.2,0.419
NO,DE,9,-1.333,0.667,2.0,5.424
NO,DK,9,2.0,5.333,3.333,4.742
NO,EE,7,1.714,2.286,0.571,0.921
NO,ES,9,-1.778,0.111,1.889,1.363
NO,FI,6,0.833,4.167,3.333,1.384
NO,FR,9,-0.222,2.333,2.556,1.266
NO,GB,9,-1.111,0.667,1.778,3.802
NO,GE,4,-0.5,0.0,0.5,0.063
NO,GR,7,-1.143,2.714,3.857,0.61
NO,HR,8,1.75,1.875,0.125,0.831
NO,HU,5,2.0,2.4,0.4,0.771
NO,IE,6,0.5,1.333,0.833,0.217
NO,IL,11,-0.818,3.455,4.273,0.164
NO,IS,5,5.2,6.0,0.8,1.469
NO,IT,9,-1.667,2.556,4.222,0.922
NO,LT,12,7.25,8.917,1.667,7.406
NO,LU,2,0.0,0.0,0.0,0.03
NO,LV,7,-1.143,1.143,2.286,1.973
NO,MD,8,1.0,2.625,1.625,0.22
NO,ME,1,0.0,0.0,0.0,0.09
NO,MK,5,-3.8,0.2,4.0,0.517
NO,MT,8,-2.5,1.75,4.25,0.02
NO,NL,11,-2.818,3.091,5.909,1.691
NO,PL,7,6.0,6.857,0.857,18.528
NO,PT,8,-2.0,1.75,3.75,0.662
NO,RO,6,2.333,3.0,0.667,2.614
NO,RS,10,-0.2,0.4,0.6,1.125
NO,RU,6,0.833,2.5,1.667,3.414
NO,SE,12,0.5,8.75,8.25,9.221
NO,SI,8,-0.75,0.375,1.125,0.082
NO,SM,5,0.0,0.0,0.0,0.001
NO,UA,12,1.667,4.75,3.083,3.922
PL,AL,8,-1.75,0.5,2.25,
PL,AM,7,-0.143,1.143,1.286,0.079
PL,AT,7,-1.143,1.571,2.714,0.18
PL,AU,11,-4.818,3.455,8.273,0.042
PL,AZ,7,-0.571,0.286,0.857,0.013
PL,BE,9,-0.889,3.111,4.0,0.239
PL,BG,6,-0.333,3.167,3.5,0.07
PL,BY,4,2.5,3.5,1.0,1.902
PL,CH,8,-2.25,3.5,5.75,0.081
PL,CY,10,0.9,2.3,1.4,
PL,CZ,9,-0.111,2.333,2.444,0.145
PL,DE,9,-0.889,0.667,1.556,2.402
PL,DK,7,2.286,3.0,0.714,0.067
PL,EE,9,1.778,3.889,2.111,
PL,ES,9,0.0,0.667,0.667,0.241
PL,FI,10,3.0,4.0,1.0,0.015
PL,FR,9,0.222,1.667,1.444,0.673
PL,GB,9,-1.222,0.333,1.556,3.268
PL,GE,8,-1.875,1.25,3.125,0.023
PL,GR,9,-2.0,0.222,2.222,0.148
PL,HR,4,2.25,4.25,2.0,0.014
PL,HU,5,3.2,6.2,3.0,0.046
PL,IE,4,1.0,2.5,1.5,0.589
PL,IL,10,-1.4,2.0,3.4,0.016
PL,IS,7,3.143,6.143,3.0,0.042
PL,IT,9,-0.444,2.889,3.333,0.517
PL,LT,8,0.5,2.375,1.875,0.781
PL,LU,2,0.0,0.0,0.0,0.011
PL,LV,7,-0.714,2.286,3.0,0.04
PL,MD,8,3.125,4.0,0.875,0.028
PL,ME,4,0.0,0.0,0.0,
PL,MK,3,-4.333,0.0,4.333,0.008
PL,MT,6,-1.5,0.0,1.5,
PL,NL,8,-3.5,1.375,4.875,0.258
PL,NO,10,2.3,3.3,1.0,0.235
PL,PT,10,-2.0,2.8,4.8,
PL,RO,4,2.25,3.0,0.75,0.052
PL,RS,12,-0.083,1.417,1.5,0.023
PL,RU,4,3.0,3.25,0.25,0.632
PL,SE,12,0.25,5.25,5.0,0.124
PL,SI,8,-0.625,2.875,3.5,
PL,SM,7,-1.714,1.714,3.429,
PL,UA,10,6.2,11.0,4.8,12.606
PT,AL,9,-2.667,0.333,3.0,0.005
PT,AM,8,-1.625,0.875,2.5,0.011
PT,AT,8,-2.5,1.5,4.0,0.057
PT,AU,7,-2.571,2.0,4.571,0.13
PT,AZ,6,-3.333,1.333,4.667,0.007
PT,BE,7,-2.571,3.0,5.571,0.371
PT,BG,6,-4.167,2.167,6.333,0.564
PT,BY,4,-1.5,0.0,1.5,0.102
PT,CH,9,-1.889,3.111,5.0,1.853
PT,CY,9,2.0,2.222,0.222,0.003
PT,CZ,8,-5.25,0.875,6.125,0.027
PT,DE,8,0.75,1.0,0.25,3.041
PT,DK,6,1.667,1.667,0.0,0.043
PT,EE,9,-0.556,3.556,4.111,0.014
PT,ES,8,3.375,6.375,3.0,1.791
PT,FI,10,1.9,3.2,1.3,0.037
PT,FR,8,2.5,4.375,1.875,10.263
PT,GB,8,-1.25,0.75,2.0,2.078
PT,GE,4,1.5,2.25,0.75,0.118
PT,GR,11,1.0,2.364,1.364,0.02
PT,HR,5,0.8,1.6,0.8,0.009
PT,HU,3,-1.667,0.667,2.333,0.042
PT,IE,3,2.0,5.333,3.333,0.179
PT,IL,8,3.625,4.0,0.375,0.038
PT,IS,9,-1.222,2.556,3.778,0.003
PT,IT,8,2.375,6.125,3.75,0.308
PT,LT,8,-2.875,1.625,4.5,0.042
PT,LU,2,0.0,0.0,0.0,0.474
PT,LV,5,-3.8,0.0,3.8,0.023
PT,MD,8,7.375,9.5,2.125,2.147
PT,ME,2,0.0,0.0,0.0,0.008
PT,MK,2,-2.5,0.0,2.5,0.03
PT,MT,3,-1.333,0.0,1.333,0.005
PT,NL,7,-1.857,3.286,5.143,0.438
PT,NO,9,1.111,2.111,1.0,0.037
PT,PL,7,-0.571,0.0,0.571,0.107
PT,RO,2,3.5,3.5,0.0,2.367
PT,RS,8,-0.75,1.25,2.0,0.02
PT,RU,2,0.5,5.5,5.0,0.632
PT,SE,9,1.222,3.667,2.444,0.089
PT,SI,7,-0.429,1.571,2.0,0.006
PT,SM,5,1.2,1.2,0.0,
PT,UA,8,5.25,9.125,3.875,5.26
RO,AL,5,-1.2,0.6,1.8,0.041
RO,AM,4,0.0,0.0,0.0,
RO,AT,5,-3.0,0.8,3.8,0.179
RO,AU,8,-3.375,1.5,4.875,
RO,AZ,7,1.0,3.857,2.857,
RO,BE,6,0.5,1.833,1.333,0.213
RO,BG,4,0.25,5.25,5.0,0.384
RO,BY,3,0.333,0.333,0.0,
RO,CH,6,1.167,5.333,4.167,
RO,CY,7,0.714,2.714,2.0,
RO,CZ,5,-1.4,1.8,3.2,
RO,DE,6,-0.167,0.667,0.833,0.649
RO,DK,6,-0.833,1.667,2.5,0.003
RO,EE,6,-0.333,2.667,3.0,
RO,ES,6,-0.5,1.333,1.833,2.946
RO,FI,5,1.6,4.0,2.4,0.004
RO,FR,6,2.167,2.833,0.667,0.445
RO,GB,6,-0.833,0.5,1.333,1.389
RO,GE,2,0.0,0.0,0.0,
RO,GR,4,-0.25,0.25,0.5,0.311
RO,HR,5,-0.6,1.6,2.2,
RO,HU,4,9.75,10.5,0.75,0.374
RO,IE,5,0.8,1.4,0.6,0.078
RO,IL,8,3.0,4.375,1.375,0.116
RO,IS,3,1.667,1.667,0.0,
RO,IT,6,3.667,6.833,3.167,3.2
RO,LT,7,-0.714,1.286,2.0,
RO,LV,2,-0.5,0.0,0.5,
RO,MD,7,4.571,12.0,7.429,3.373
RO,ME,2,-3.5,0.0,3.5,
RO,MK,5,-4.4,1.2,5.6,0.0
RO,MT,7,-4.0,1.714,5.714,
RO,NL,8,-4.375,2.625,7.0,0.034
RO,NO,10,2.3,2.7,0.4,
RO,PL,5,0.0,0.2,0.2,0.008
RO,PT,5,-3.2,1.4,4.6,0.118
RO,RS,8,1.5,2.625,1.125,
RO,RU,5,0.8,4.2,3.4,0.167
RO,SE,10,-1.7,3.1,4.8,0.0
RO,SI,5,-2.0,0.4,2.4,
RO,SM,5,-1.0,0.4,1.4,
RO,UA,7,1.571,5.429,3.857,1.994
RS,AL,7,-0.571,0.714,1.286,0.108
RS,AM,6,-1.167,0.5,1.667,
RS,AT,8,-2.125,1.75,3.875,1.029
RS,AU,10,-1.0,2.3,3.3,0.126
RS,AZ,6,-3.167,0.667,3.833,
RS,BE,8,0.875,2.625,1.75,0.051
RS,BG,7,0.571,6.0,5.429,0.138
RS,BY,5,1.4,2.2,0.8,0.012
RS,CH,9,-0.667,2.444,3.111,0.481
RS,CY,9,1.889,2.778,0.889,
RS,CZ,8,-0.625,2.125,2.75,0.084
RS,DE,9,-1.667,0.556,2.222,2.349
RS,DK,8,-0.75,1.25,2.0,0.035
RS,EE,10,-0.9,2.5,3.4,
RS,ES,9,0.556,1.333,0.778,0.043
RS,FI,9,0.222,4.0,3.778,
RS,FR,9,-1.333,2.778,4.111,0.825
RS,GB,9,-0.778,0.0,0.778,0.112
RS,GE,7,-0.143,0.286,0.429,
RS,GR,8,0.875,3.625,2.75,0.351
RS,HR,5,3.0,7.6,4.6,37.431
RS,HU,6,7.0,11.667,4.667,0.225
RS,IE,5,1.0,1.4,0.4,
RS,IL,11,-1.091,2.182,3.273,
RS,IS,6,0.667,3.833,3.167,
RS,IT,9,-0.111,4.556,4.667,0.355
RS,LT,9,-2.111,0.333,2.444,
RS,LU,2,0.0,0.0,0.0,0.111
RS,LV,6,-0.667,0.0,0.667,
RS,MD,7,3.0,5.286,2.286,0.016
RS,ME,3,1.333,10.0,8.667,9.062
RS,MK,4,3.0,10.5,7.5,5.696
RS,MT,7,-1.857,0.429,2.286,
RS,NL,9,-3.0,0.333,3.333,0.114
RS,NO,11,1.818,3.182,1.364,
RS,PL,10,-0.6,0.1,0.7,0.097
RS,PT,9,-2.111,1.333,3.444,
RS,RO,5,4.0,4.2,0.2,0.395
RS,RU,4,8.0,8.25,0.25,1.241
RS,SE,11,-3.455,2.455,5.909,0.2
RS,SI,7,3.286,7.143,3.857,1.379
RS,SM,8,0.875,1.125,0.25,
RS,UA,10,0.3,3.0,2.7,0.671
RU,AL,4,-2.5,0.0,2.5,
RU,AM,3,1.333,11.333,10.0,2.951
RU,AT,4,4.5,4.5,0.0,0.013
RU,AU,5,-0.2,2.0,2.2,
RU,AZ,6,0.5,8.5,8.0,3.246
RU,BA,1,0.0,0.0,0.0,
RU,BE,3,-2.0,1.0,3.0,
RU,BG,3,-2.0,0.0,2.0,0.026
RU,BY,1,1.0,8.0,7.0,2.623
RU,CH,3,2.667,3.667,1.0,
RU,CY,6,1.167,6.0,4.833,
RU,CZ,4,-0.5,0.75,1.25,0.052
RU,DE,4,-1.0,0.0,1.0,0.6
RU,DK,4,2.75,3.5,0.75,
RU,EE,3,-1.667,1.0,2.667,0.255
RU,ES,4,-0.25,0.0,0.25,0.011
RU,FI,3,2.667,2.667,0.0,0.011
RU,FR,4,0.0,2.25,2.25,0.015
RU,GB,4,-1.5,0.0,1.5,0.01
RU,GE,2,-1.0,1.5,2.5,1.815
RU,GR,3,-7.0,1.0,8.0,0.015
RU,HR,4,0.75,1.75,1.0,
RU,HU,4,0.0,2.5,2.5,0.076
RU,IE,3,0.0,0.0,0.0,
RU,IL,5,-1.8,2.8,4.6,0.02
RU,IS,3,2.0,2.667,0.667,
RU,IT,4,1.5,4.25,2.75,0.014
RU,LT,5,1.0,2.0,1.0,0.273
RU,LV,3,-0.667,0.333,1.0,0.388
RU,MD,5,-2.0,7.4,9.4,1.426
RU,ME,2,-1.5,0.0,1.5,
RU,MK,3,-2.667,2.0,4.667,
RU,MT,7,-5.143,1.429,6.571,
RU,NL,7,1.571,1.714,0.143,
RU,NO,6,4.5,6.167,1.667,
RU,PL,2,1.5,2.5,1.0,0.121
RU,PT,2,0.0,0.0,0.0,
RU,RO,3,-5.333,0.0,5.333,0.014
RU,RS,5,0.4,1.8,1.4,
RU,SE,7,-1.857,1.714,3.571,
RU,SI,4,2.0,2.0,0.0,
RU,SM,4,-1.5,0.0,1.5,
RU,UA,5,7.2,9.4,2.2,13.121
SE,AL,7,0.857,1.286,0.429,0.771
SE,AM,9,-0.333,0.889,1.222,
SE,AT,8,-2.875,1.75,4.625,
SE,AU,10,-4.9,3.1,8.0,
SE,AZ,10,-2.7,1.2,3.9,
SE,BA,1,12.0,12.0,0.0,5.868
SE,BE,8,2.875,4.875,2.0,
SE,BG,4,-0.5,2.75,3.25,0.913
SE,BY,2,0.0,0.0,0.0,
SE,CH,7,-4.286,3.571,7.857,
SE,CY,11,-2.182,1.364,3.545,
SE,CZ,8,-2.125,1.5,3.625,
SE,DE,9,0.444,0.556,0.111,5.125
SE,DK,6,5.667,6.833,1.167,3.829
SE,EE,8,1.5,3.75,2.25,0.936
SE,ES,9,-1.333,0.333,1.667,1.252
SE,FI,9,4.667,8.667,4.0,13.754
SE,FR,9,-2.667,1.889,4.556,1.165
SE,GB,9,-1.556,0.667,2.222,2.959
SE,GE,5,-1.2,0.0,1.2,
SE,GR,8,0.375,0.375,0.0,1.825
SE,HR,7,1.143,3.0,1.857,1.059
SE,HU,5,1.8,1.8,0.0,1.644
SE,IE,5,-0.2,0.8,1.0,
SE,IL,10,1.1,4.0,2.9,
SE,IS,6,4.333,5.833,1.5,
SE,IT,9,-2.444,1.778,4.222,1.369
SE,LT,9,3.444,4.778,1.333,1.584
SE,LU,2,-3.0,0.0,3.0,
SE,LV,6,-1.167,0.0,1.167,0.873
SE,MD,9,-0.889,2.0,2.889,
SE,ME,4,0.25,0.25,0.0,
SE,MK,4,2.0,2.0,0.0,0.886
SE,MT,9,-5.222,1.333,6.556,
SE,NL,10,-1.7,3.3,5.0,1.2
SE,NO,11,3.636,8.0,4.364,3.962
SE,PL,8,5.625,5.875,0.25,9.03
SE,PT,8,0.125,2.75,2.625,
SE,RO,6,0.5,1.0,0.5,3.052
SE,RS,9,2.111,2.556,0.444,1.529
SE,RU,7,-2.143,3.143,5.286,2.115
SE,SI,7,-0.857,0.429,1.286,
SE,SM,6,0.0,0.0,0.0,
SE,UA,10,2.2,4.8,2.6,1.984
SI,AL,8,2.75,3.25,0.5,0.072
SI,AM,8,-2.0,0.0,2.0,0.008
SI,AT,7,-0.714,2.571,3.286,1.416
SI,AU,11,-1.273,2.0,3.273,0.179
SI,AZ,7,-1.0,2.0,3.0,0.013
SI,BE,9,-2.444,3.0,5.444,0.156
SI,BG,6,-1.667,2.333,4.0,0.618
SI,BY,4,-2.0,0.5,2.5,0.085
SI,CH,8,-4.25,1.625,5.875,0.487
SI,CY,10,-1.0,1.7,2.7,0.006
SI,CZ,7,-4.286,1.857,6.143,0.187
SI,DE,9,0.444,0.444,0.0,3.805
SI,DK,7,2.143,2.714,0.571,0.032
SI,EE,7,-1.0,2.286,3.286,0.012
SI,ES,9,0.111,0.444,0.333,0.129
SI,FI,8,0.75,2.0,1.25,0.019
SI,FR,9,-0.667,1.778,2.444,0.586
SI,GB,9,-1.333,0.0,1.333,0.348
SI,GE,6,-0.667,0.167,0.833,0.012
SI,GR,9,0.0,2.667,2.667,0.058
SI,HR,6,7.833,11.333,3.5,23.257
SI,HU,5,2.2,3.8,1.6,0.211
SI,IE,4,0.25,0.5,0.25,0.027
SI,IL,10,0.6,1.6,1.0,0.022
SI,IS,7,1.0,3.0,2.0,0.002
SI,IT,9,0.778,7.556,6.778,2.148
SI,LT,10,-2.4,0.7,3.1,0.021
SI,LU,2,-0.5,2.0,2.5,0.021
SI,LV,7,-2.857,0.0,2.857,0.026
SI,MD,8,2.75,4.125,1.375,0.184
SI,ME,3,6.333,6.667,0.333,1.582
SI,MK,3,8.0,10.0,2.0,8.593
SI,MT,6,-2.5,0.833,3.333,0.003
SI,NL,9,-4.0,1.111,5.111,0.176
SI,NO,12,2.583,3.75,1.167,0.014
SI,PL,9,-0.444,1.111,1.556,0.199
SI,PT,10,-1.6,2.2,3.8,0.031
SI,RO,4,-1.0,0.5,1.5,0.214
SI,RS,10,8.1,10.5,2.4,22.359
SI,RU,5,0.0,3.6,3.6,1.561
SI,SE,12,-2.25,2.5,4.75,0.166
SI,SM,5,0.6,0.6,0.0,0.0
SI,UA,12,2.083,5.5,3.417,1.26
SM,AL,6,-1.0,1.667,2.667,1.15
SM,AM,7,-0.286,1.429,1.714,
SM,AT,9,-0.556,1.0,1.556,
SM,AU,9,-0.778,2.444,3.222,
SM,AZ,7,-1.571,2.143,3.714,
SM,BA,1,2.0,4.0,2.0,
SM,BE,7,-2.286,0.857,3.143,
SM,BG,6,2.5,5.5,3.0,
SM,BY,4,-0.25,0.0,0.25,
SM,CH,8,-1.375,3.0,4.375,
SM,CY,10,2.1,5.0,2.9,
SM,CZ,9,1.0,2.444,1.444,
SM,DE,9,-0.778,0.444,1.222,
SM,DK,7,2.0,2.714,0.714,
SM,EE,11,-1.273,1.364,2.636,
SM,ES,9,-1.111,1.111,2.222,
SM,FI,10,1.8,2.9,1.1,
SM,FR,9,-0.111,1.778,1.889,0.893
SM,GB,9,-1.889,0.778,2.667,
SM,GE,6,-0.833,0.167,1.0,
SM,GR,9,1.333,6.667,5.333,
SM,HR,6,2.0,2.833,0.833,
SM,HU,7,3.571,4.286,0.714,
SM,IE,4,-0.25,1.75,2.0,
SM,IL,10,4.2,5.4,1.2,
SM,IS,7,-0.429,2.571,3.0,
SM,IT,9,-2.222,6.222,8.444,139.884
SM,LT,8,-1.5,1.375,2.875,
SM,LU,2,0.0,0.0,0.0,
SM,LV,5,-1.4,1.2,2.6,
SM,MD,8,1.0,5.125,4.125,
SM,ME,4,-5.0,0.0,5.0,
SM,MK,3,1.0,1.333,0.333,
SM,MT,8,-3.25,0.0,3.25,
SM,NL,10,-2.3,1.9,4.2,
SM,NO,10,-1.2,1.6,2.8,
SM,PL,9,-0.333,2.667,3.0,0.943
SM,PT,9,-1.667,1.111,2.778,
SM,RO,5,4.6,4.6,0.0,4.144
SM,RS,12,0.583,2.417,1.833,
SM,RU,5,3.2,7.2,4.0,1.093
SM,SE,11,-0.909,3.0,3.909,
SM,SI,6,-1.167,1.0,2.167,
SM,UA,9,5.0,7.111,2.111,2.015
UA,AL,6,0.0,0.0,0.0,
UA,AM,7,-0.286,1.429,1.714,1.155
UA,AT,8,0.125,1.125,1.0,
UA,AU,8,-4.75,1.5,6.25,
UA,AZ,5,0.4,4.6,4.2,1.843
UA,BE,7,-3.143,2.143,5.286,
UA,BG,7,1.429,2.714,1.286,0.038
UA,BY,3,0.333,10.0,9.667,5.363
UA,CH,8,-2.25,2.625,4.875,
UA,CY,7,0.857,1.143,0.286,
UA,CZ,4,0.0,3.0,3.0,
UA,DE,8,-1.75,0.625,2.375,0.026
UA,DK,7,0.857,2.571,1.714,
UA,EE,6,1.833,3.667,1.833,0.254
UA,ES,8,0.125,0.125,0.0,
UA,FI,6,4.0,4.0,0.0,
UA,FR,8,-1.125,3.0,4.125,
UA,GB,8,-1.75,1.5,3.25,
UA,GE,4,1.0,4.75,3.75,1.508
UA,GR,6,-2.167,0.167,2.333,
UA,HR,7,-0.857,3.0,3.857,
UA,HU,5,-0.8,2.6,3.4,
UA,IE,5,-1.2,1.6,2.8,
UA,IL,10,-1.0,3.0,4.0,0.089
UA,IS,4,3.5,5.5,2.0,
UA,IT,8,0.0,3.0,3.0,
UA,LT,11,3.909,7.182,3.273,0.579
UA,LU,2,-2.0,0.0,2.0,
UA,LV,6,-0.5,4.5,5.0,0.467
UA,MD,7,6.571,7.429,0.857,3.483
UA,ME,1,-3.0,0.0,3.0,
UA,MK,3,-1.0,0.0,1.0,
UA,MT,6,-0.333,1.333,1.667,
UA,NL,9,-4.444,1.0,5.444,
UA,NO,12,2.667,3.75,1.083,
UA,PL,7,6.714,7.714,1.0,0.073
UA,PT,8,-2.875,1.75,4.625,
UA,RO,5,-1.0,1.6,2.6,
UA,RS,9,-0.333,0.0,0.333,
UA,RU,4,6.25,6.25,0.0,73.794
UA,SE,10,-2.0,2.4,4.4,
UA,SI,7,-1.571,0.857,2.429,
UA,SM,4,0.0,0.0,0.0,
